region_shp,year,type,works_count,cited_by_count,inst_count
Adygey,2010,archive,NA,NA,NA
Adygey,2010,company,NA,NA,NA
Adygey,2010,education,15,139,2
Adygey,2010,facility,NA,NA,NA
Adygey,2010,government,NA,NA,NA
Adygey,2010,healthcare,NA,NA,NA
Adygey,2010,nonprofit,NA,NA,NA
Adygey,2010,other,3,44,1
Adygey,2010,NA,NA,NA,NA
Adygey,2011,archive,NA,NA,NA
Adygey,2011,company,NA,NA,NA
Adygey,2011,education,11,255,2
Adygey,2011,facility,NA,NA,NA
Adygey,2011,government,NA,NA,NA
Adygey,2011,healthcare,NA,NA,NA
Adygey,2011,nonprofit,NA,NA,NA
Adygey,2011,other,6,39,1
Adygey,2011,NA,NA,NA,NA
Adygey,2012,archive,NA,NA,NA
Adygey,2012,company,NA,NA,NA
Adygey,2012,education,13,42,2
Adygey,2012,facility,NA,NA,NA
Adygey,2012,government,NA,NA,NA
Adygey,2012,healthcare,NA,NA,NA
Adygey,2012,nonprofit,NA,NA,NA
Adygey,2012,other,5,41,1
Adygey,2012,NA,NA,NA,NA
Adygey,2013,archive,NA,NA,NA
Adygey,2013,company,NA,NA,NA
Adygey,2013,education,18,25,2
Adygey,2013,facility,NA,NA,NA
Adygey,2013,government,NA,NA,NA
Adygey,2013,healthcare,NA,NA,NA
Adygey,2013,nonprofit,NA,NA,NA
Adygey,2013,other,7,58,1
Adygey,2013,NA,NA,NA,NA
Adygey,2014,archive,NA,NA,NA
Adygey,2014,company,NA,NA,NA
Adygey,2014,education,22,33,2
Adygey,2014,facility,NA,NA,NA
Adygey,2014,government,NA,NA,NA
Adygey,2014,healthcare,NA,NA,NA
Adygey,2014,nonprofit,NA,NA,NA
Adygey,2014,other,4,18,1
Adygey,2014,NA,NA,NA,NA
Adygey,2015,archive,NA,NA,NA
Adygey,2015,company,NA,NA,NA
Adygey,2015,education,85,176,2
Adygey,2015,facility,NA,NA,NA
Adygey,2015,government,NA,NA,NA
Adygey,2015,healthcare,NA,NA,NA
Adygey,2015,nonprofit,NA,NA,NA
Adygey,2015,other,6,110,1
Adygey,2015,NA,NA,NA,NA
Adygey,2016,archive,NA,NA,NA
Adygey,2016,company,NA,NA,NA
Adygey,2016,education,61,74,2
Adygey,2016,facility,NA,NA,NA
Adygey,2016,government,NA,NA,NA
Adygey,2016,healthcare,NA,NA,NA
Adygey,2016,nonprofit,NA,NA,NA
Adygey,2016,other,4,19,1
Adygey,2016,NA,NA,NA,NA
Adygey,2017,archive,NA,NA,NA
Adygey,2017,company,NA,NA,NA
Adygey,2017,education,94,181,2
Adygey,2017,facility,NA,NA,NA
Adygey,2017,government,NA,NA,NA
Adygey,2017,healthcare,NA,NA,NA
Adygey,2017,nonprofit,NA,NA,NA
Adygey,2017,other,6,80,1
Adygey,2017,NA,NA,NA,NA
Adygey,2018,archive,NA,NA,NA
Adygey,2018,company,NA,NA,NA
Adygey,2018,education,117,175,2
Adygey,2018,facility,NA,NA,NA
Adygey,2018,government,NA,NA,NA
Adygey,2018,healthcare,NA,NA,NA
Adygey,2018,nonprofit,NA,NA,NA
Adygey,2018,other,7,31,1
Adygey,2018,NA,NA,NA,NA
Adygey,2019,archive,NA,NA,NA
Adygey,2019,company,NA,NA,NA
Adygey,2019,education,214,617,2
Adygey,2019,facility,NA,NA,NA
Adygey,2019,government,NA,NA,NA
Adygey,2019,healthcare,NA,NA,NA
Adygey,2019,nonprofit,NA,NA,NA
Adygey,2019,other,6,39,1
Adygey,2019,NA,NA,NA,NA
Adygey,2020,archive,NA,NA,NA
Adygey,2020,company,NA,NA,NA
Adygey,2020,education,230,741,2
Adygey,2020,facility,NA,NA,NA
Adygey,2020,government,NA,NA,NA
Adygey,2020,healthcare,NA,NA,NA
Adygey,2020,nonprofit,NA,NA,NA
Adygey,2020,other,14,171,1
Adygey,2020,NA,NA,NA,NA
Adygey,2021,archive,NA,NA,NA
Adygey,2021,company,NA,NA,NA
Adygey,2021,education,347,1042,2
Adygey,2021,facility,NA,NA,NA
Adygey,2021,government,NA,NA,NA
Adygey,2021,healthcare,NA,NA,NA
Adygey,2021,nonprofit,NA,NA,NA
Adygey,2021,other,6,129,1
Adygey,2021,NA,NA,NA,NA
Adygey,2022,archive,NA,NA,NA
Adygey,2022,company,NA,NA,NA
Adygey,2022,education,377,499,2
Adygey,2022,facility,NA,NA,NA
Adygey,2022,government,NA,NA,NA
Adygey,2022,healthcare,NA,NA,NA
Adygey,2022,nonprofit,NA,NA,NA
Adygey,2022,other,13,34,1
Adygey,2022,NA,NA,NA,NA
Adygey,2023,archive,NA,NA,NA
Adygey,2023,company,NA,NA,NA
Adygey,2023,education,425,490,2
Adygey,2023,facility,NA,NA,NA
Adygey,2023,government,NA,NA,NA
Adygey,2023,healthcare,NA,NA,NA
Adygey,2023,nonprofit,NA,NA,NA
Adygey,2023,other,33,19,1
Adygey,2023,NA,NA,NA,NA
Adygey,2024,archive,NA,NA,NA
Adygey,2024,company,NA,NA,NA
Adygey,2024,education,369,376,2
Adygey,2024,facility,NA,NA,NA
Adygey,2024,government,NA,NA,NA
Adygey,2024,healthcare,NA,NA,NA
Adygey,2024,nonprofit,NA,NA,NA
Adygey,2024,other,9,6,1
Adygey,2024,NA,NA,NA,NA
Adygey,2025,archive,NA,NA,NA
Adygey,2025,company,NA,NA,NA
Adygey,2025,education,379,137,2
Adygey,2025,facility,NA,NA,NA
Adygey,2025,government,NA,NA,NA
Adygey,2025,healthcare,NA,NA,NA
Adygey,2025,nonprofit,NA,NA,NA
Adygey,2025,other,9,12,1
Adygey,2025,NA,NA,NA,NA
Adygey,2026,archive,NA,NA,NA
Adygey,2026,company,NA,NA,NA
Adygey,2026,education,269,11,2
Adygey,2026,facility,NA,NA,NA
Adygey,2026,government,NA,NA,NA
Adygey,2026,healthcare,NA,NA,NA
Adygey,2026,nonprofit,NA,NA,NA
Adygey,2026,other,5,0,1
Adygey,2026,NA,NA,NA,NA
Adygey,2027,archive,NA,NA,NA
Adygey,2027,company,NA,NA,NA
Adygey,2027,education,NA,NA,NA
Adygey,2027,facility,NA,NA,NA
Adygey,2027,government,NA,NA,NA
Adygey,2027,healthcare,NA,NA,NA
Adygey,2027,nonprofit,NA,NA,NA
Adygey,2027,other,NA,NA,NA
Adygey,2027,NA,NA,NA,NA
Adygey,2029,archive,NA,NA,NA
Adygey,2029,company,NA,NA,NA
Adygey,2029,education,NA,NA,NA
Adygey,2029,facility,NA,NA,NA
Adygey,2029,government,NA,NA,NA
Adygey,2029,healthcare,NA,NA,NA
Adygey,2029,nonprofit,NA,NA,NA
Adygey,2029,other,NA,NA,NA
Adygey,2029,NA,NA,NA,NA
Adygey,NA,archive,NA,NA,NA
Adygey,NA,company,NA,NA,NA
Adygey,NA,education,NA,NA,NA
Adygey,NA,facility,NA,NA,NA
Adygey,NA,government,NA,NA,NA
Adygey,NA,healthcare,NA,NA,NA
Adygey,NA,nonprofit,NA,NA,NA
Adygey,NA,other,NA,NA,NA
Adygey,NA,NA,NA,NA,NA
Altay,2010,archive,NA,NA,NA
Altay,2010,company,NA,NA,NA
Altay,2010,education,181,529,7
Altay,2010,facility,NA,NA,NA
Altay,2010,government,NA,NA,NA
Altay,2010,healthcare,3,0,2
Altay,2010,nonprofit,NA,NA,NA
Altay,2010,other,2,0,1
Altay,2010,NA,NA,NA,NA
Altay,2011,archive,NA,NA,NA
Altay,2011,company,NA,NA,NA
Altay,2011,education,170,1499,7
Altay,2011,facility,NA,NA,NA
Altay,2011,government,NA,NA,NA
Altay,2011,healthcare,6,2,2
Altay,2011,nonprofit,NA,NA,NA
Altay,2011,other,13,19,1
Altay,2011,NA,NA,NA,NA
Altay,2012,archive,NA,NA,NA
Altay,2012,company,NA,NA,NA
Altay,2012,education,171,870,7
Altay,2012,facility,NA,NA,NA
Altay,2012,government,NA,NA,NA
Altay,2012,healthcare,11,3,2
Altay,2012,nonprofit,NA,NA,NA
Altay,2012,other,4,9,1
Altay,2012,NA,NA,NA,NA
Altay,2013,archive,NA,NA,NA
Altay,2013,company,NA,NA,NA
Altay,2013,education,244,1057,8
Altay,2013,facility,2,4,2
Altay,2013,government,NA,NA,NA
Altay,2013,healthcare,13,93,2
Altay,2013,nonprofit,NA,NA,NA
Altay,2013,other,7,3,1
Altay,2013,NA,NA,NA,NA
Altay,2014,archive,NA,NA,NA
Altay,2014,company,NA,NA,NA
Altay,2014,education,340,1322,8
Altay,2014,facility,1,1,1
Altay,2014,government,NA,NA,NA
Altay,2014,healthcare,15,32,2
Altay,2014,nonprofit,NA,NA,NA
Altay,2014,other,7,11,1
Altay,2014,NA,NA,NA,NA
Altay,2015,archive,NA,NA,NA
Altay,2015,company,NA,NA,NA
Altay,2015,education,787,2826,8
Altay,2015,facility,1,0,1
Altay,2015,government,NA,NA,NA
Altay,2015,healthcare,27,69,2
Altay,2015,nonprofit,NA,NA,NA
Altay,2015,other,4,4,1
Altay,2015,NA,NA,NA,NA
Altay,2016,archive,NA,NA,NA
Altay,2016,company,NA,NA,NA
Altay,2016,education,951,5735,8
Altay,2016,facility,1,0,1
Altay,2016,government,NA,NA,NA
Altay,2016,healthcare,27,36,2
Altay,2016,nonprofit,NA,NA,NA
Altay,2016,other,1,0,1
Altay,2016,NA,NA,NA,NA
Altay,2017,archive,NA,NA,NA
Altay,2017,company,NA,NA,NA
Altay,2017,education,1205,4054,8
Altay,2017,facility,NA,NA,NA
Altay,2017,government,NA,NA,NA
Altay,2017,healthcare,37,68,2
Altay,2017,nonprofit,NA,NA,NA
Altay,2017,other,5,30,1
Altay,2017,NA,NA,NA,NA
Altay,2018,archive,NA,NA,NA
Altay,2018,company,NA,NA,NA
Altay,2018,education,1569,5326,8
Altay,2018,facility,2,1,1
Altay,2018,government,NA,NA,NA
Altay,2018,healthcare,33,122,2
Altay,2018,nonprofit,NA,NA,NA
Altay,2018,other,7,10,1
Altay,2018,NA,NA,NA,NA
Altay,2019,archive,NA,NA,NA
Altay,2019,company,NA,NA,NA
Altay,2019,education,2060,6377,8
Altay,2019,facility,2,0,1
Altay,2019,government,NA,NA,NA
Altay,2019,healthcare,28,357,2
Altay,2019,nonprofit,NA,NA,NA
Altay,2019,other,22,0,1
Altay,2019,NA,NA,NA,NA
Altay,2020,archive,NA,NA,NA
Altay,2020,company,NA,NA,NA
Altay,2020,education,2432,4551,8
Altay,2020,facility,4,10,2
Altay,2020,government,NA,NA,NA
Altay,2020,healthcare,21,40,2
Altay,2020,nonprofit,NA,NA,NA
Altay,2020,other,19,175,1
Altay,2020,NA,NA,NA,NA
Altay,2021,archive,NA,NA,NA
Altay,2021,company,NA,NA,NA
Altay,2021,education,2907,5587,8
Altay,2021,facility,5,6,2
Altay,2021,government,NA,NA,NA
Altay,2021,healthcare,27,153,2
Altay,2021,nonprofit,NA,NA,NA
Altay,2021,other,3,110,1
Altay,2021,NA,NA,NA,NA
Altay,2022,archive,NA,NA,NA
Altay,2022,company,NA,NA,NA
Altay,2022,education,2849,3750,8
Altay,2022,facility,3,18,1
Altay,2022,government,NA,NA,NA
Altay,2022,healthcare,37,256,2
Altay,2022,nonprofit,NA,NA,NA
Altay,2022,other,2,1,1
Altay,2022,NA,NA,NA,NA
Altay,2023,archive,NA,NA,NA
Altay,2023,company,NA,NA,NA
Altay,2023,education,2943,3294,8
Altay,2023,facility,2,0,1
Altay,2023,government,NA,NA,NA
Altay,2023,healthcare,36,52,2
Altay,2023,nonprofit,NA,NA,NA
Altay,2023,other,10,15,1
Altay,2023,NA,NA,NA,NA
Altay,2024,archive,NA,NA,NA
Altay,2024,company,NA,NA,NA
Altay,2024,education,2766,2301,8
Altay,2024,facility,1,0,1
Altay,2024,government,NA,NA,NA
Altay,2024,healthcare,19,44,2
Altay,2024,nonprofit,NA,NA,NA
Altay,2024,other,6,7,1
Altay,2024,NA,NA,NA,NA
Altay,2025,archive,NA,NA,NA
Altay,2025,company,NA,NA,NA
Altay,2025,education,2648,871,8
Altay,2025,facility,2,0,1
Altay,2025,government,NA,NA,NA
Altay,2025,healthcare,27,13,2
Altay,2025,nonprofit,NA,NA,NA
Altay,2025,other,6,8,1
Altay,2025,NA,NA,NA,NA
Altay,2026,archive,NA,NA,NA
Altay,2026,company,NA,NA,NA
Altay,2026,education,1378,62,8
Altay,2026,facility,4,0,2
Altay,2026,government,NA,NA,NA
Altay,2026,healthcare,25,2,2
Altay,2026,nonprofit,NA,NA,NA
Altay,2026,other,7,4,1
Altay,2026,NA,NA,NA,NA
Altay,2027,archive,NA,NA,NA
Altay,2027,company,NA,NA,NA
Altay,2027,education,NA,NA,NA
Altay,2027,facility,NA,NA,NA
Altay,2027,government,NA,NA,NA
Altay,2027,healthcare,NA,NA,NA
Altay,2027,nonprofit,NA,NA,NA
Altay,2027,other,NA,NA,NA
Altay,2027,NA,NA,NA,NA
Altay,2029,archive,NA,NA,NA
Altay,2029,company,NA,NA,NA
Altay,2029,education,NA,NA,NA
Altay,2029,facility,NA,NA,NA
Altay,2029,government,NA,NA,NA
Altay,2029,healthcare,NA,NA,NA
Altay,2029,nonprofit,NA,NA,NA
Altay,2029,other,NA,NA,NA
Altay,2029,NA,NA,NA,NA
Altay,NA,archive,NA,NA,NA
Altay,NA,company,NA,NA,NA
Altay,NA,education,NA,NA,NA
Altay,NA,facility,NA,NA,NA
Altay,NA,government,NA,NA,NA
Altay,NA,healthcare,NA,NA,NA
Altay,NA,nonprofit,NA,NA,NA
Altay,NA,other,NA,NA,NA
Altay,NA,NA,NA,NA,NA
Amur,2010,archive,NA,NA,NA
Amur,2010,company,NA,NA,NA
Amur,2010,education,48,470,3
Amur,2010,facility,21,180,3
Amur,2010,government,NA,NA,NA
Amur,2010,healthcare,5,1,1
Amur,2010,nonprofit,NA,NA,NA
Amur,2010,other,NA,NA,NA
Amur,2010,NA,NA,NA,NA
Amur,2011,archive,NA,NA,NA
Amur,2011,company,NA,NA,NA
Amur,2011,education,88,432,3
Amur,2011,facility,32,556,3
Amur,2011,government,NA,NA,NA
Amur,2011,healthcare,16,17,1
Amur,2011,nonprofit,NA,NA,NA
Amur,2011,other,NA,NA,NA
Amur,2011,NA,NA,NA,NA
Amur,2012,archive,NA,NA,NA
Amur,2012,company,NA,NA,NA
Amur,2012,education,50,278,3
Amur,2012,facility,30,222,3
Amur,2012,government,NA,NA,NA
Amur,2012,healthcare,16,14,1
Amur,2012,nonprofit,NA,NA,NA
Amur,2012,other,NA,NA,NA
Amur,2012,NA,NA,NA,NA
Amur,2013,archive,NA,NA,NA
Amur,2013,company,NA,NA,NA
Amur,2013,education,54,263,3
Amur,2013,facility,39,239,3
Amur,2013,government,NA,NA,NA
Amur,2013,healthcare,15,23,1
Amur,2013,nonprofit,NA,NA,NA
Amur,2013,other,NA,NA,NA
Amur,2013,NA,NA,NA,NA
Amur,2014,archive,NA,NA,NA
Amur,2014,company,NA,NA,NA
Amur,2014,education,90,321,4
Amur,2014,facility,31,284,3
Amur,2014,government,NA,NA,NA
Amur,2014,healthcare,20,47,1
Amur,2014,nonprofit,NA,NA,NA
Amur,2014,other,NA,NA,NA
Amur,2014,NA,NA,NA,NA
Amur,2015,archive,NA,NA,NA
Amur,2015,company,NA,NA,NA
Amur,2015,education,96,593,3
Amur,2015,facility,36,219,3
Amur,2015,government,NA,NA,NA
Amur,2015,healthcare,21,73,1
Amur,2015,nonprofit,NA,NA,NA
Amur,2015,other,NA,NA,NA
Amur,2015,NA,NA,NA,NA
Amur,2016,archive,NA,NA,NA
Amur,2016,company,NA,NA,NA
Amur,2016,education,118,775,4
Amur,2016,facility,36,95,3
Amur,2016,government,NA,NA,NA
Amur,2016,healthcare,46,57,1
Amur,2016,nonprofit,NA,NA,NA
Amur,2016,other,NA,NA,NA
Amur,2016,NA,NA,NA,NA
Amur,2017,archive,NA,NA,NA
Amur,2017,company,NA,NA,NA
Amur,2017,education,159,2011,4
Amur,2017,facility,59,95,3
Amur,2017,government,NA,NA,NA
Amur,2017,healthcare,75,139,1
Amur,2017,nonprofit,NA,NA,NA
Amur,2017,other,NA,NA,NA
Amur,2017,NA,NA,NA,NA
Amur,2018,archive,NA,NA,NA
Amur,2018,company,NA,NA,NA
Amur,2018,education,217,374,4
Amur,2018,facility,79,126,3
Amur,2018,government,NA,NA,NA
Amur,2018,healthcare,68,123,1
Amur,2018,nonprofit,NA,NA,NA
Amur,2018,other,NA,NA,NA
Amur,2018,NA,NA,NA,NA
Amur,2019,archive,NA,NA,NA
Amur,2019,company,NA,NA,NA
Amur,2019,education,249,582,4
Amur,2019,facility,118,370,3
Amur,2019,government,NA,NA,NA
Amur,2019,healthcare,82,80,1
Amur,2019,nonprofit,NA,NA,NA
Amur,2019,other,NA,NA,NA
Amur,2019,NA,NA,NA,NA
Amur,2020,archive,NA,NA,NA
Amur,2020,company,NA,NA,NA
Amur,2020,education,363,724,4
Amur,2020,facility,224,257,2
Amur,2020,government,NA,NA,NA
Amur,2020,healthcare,106,72,1
Amur,2020,nonprofit,NA,NA,NA
Amur,2020,other,NA,NA,NA
Amur,2020,NA,NA,NA,NA
Amur,2021,archive,NA,NA,NA
Amur,2021,company,NA,NA,NA
Amur,2021,education,456,463,4
Amur,2021,facility,211,280,2
Amur,2021,government,NA,NA,NA
Amur,2021,healthcare,71,121,1
Amur,2021,nonprofit,NA,NA,NA
Amur,2021,other,NA,NA,NA
Amur,2021,NA,NA,NA,NA
Amur,2022,archive,NA,NA,NA
Amur,2022,company,NA,NA,NA
Amur,2022,education,882,538,3
Amur,2022,facility,98,130,2
Amur,2022,government,NA,NA,NA
Amur,2022,healthcare,124,345,1
Amur,2022,nonprofit,NA,NA,NA
Amur,2022,other,NA,NA,NA
Amur,2022,NA,NA,NA,NA
Amur,2023,archive,NA,NA,NA
Amur,2023,company,NA,NA,NA
Amur,2023,education,530,344,3
Amur,2023,facility,104,123,2
Amur,2023,government,NA,NA,NA
Amur,2023,healthcare,84,124,1
Amur,2023,nonprofit,NA,NA,NA
Amur,2023,other,NA,NA,NA
Amur,2023,NA,NA,NA,NA
Amur,2024,archive,NA,NA,NA
Amur,2024,company,NA,NA,NA
Amur,2024,education,242,196,4
Amur,2024,facility,100,102,2
Amur,2024,government,NA,NA,NA
Amur,2024,healthcare,48,48,1
Amur,2024,nonprofit,NA,NA,NA
Amur,2024,other,NA,NA,NA
Amur,2024,NA,NA,NA,NA
Amur,2025,archive,NA,NA,NA
Amur,2025,company,NA,NA,NA
Amur,2025,education,258,94,3
Amur,2025,facility,111,29,2
Amur,2025,government,NA,NA,NA
Amur,2025,healthcare,36,15,1
Amur,2025,nonprofit,NA,NA,NA
Amur,2025,other,NA,NA,NA
Amur,2025,NA,NA,NA,NA
Amur,2026,archive,NA,NA,NA
Amur,2026,company,NA,NA,NA
Amur,2026,education,221,4,3
Amur,2026,facility,76,1,2
Amur,2026,government,NA,NA,NA
Amur,2026,healthcare,57,1,1
Amur,2026,nonprofit,NA,NA,NA
Amur,2026,other,NA,NA,NA
Amur,2026,NA,NA,NA,NA
Amur,2027,archive,NA,NA,NA
Amur,2027,company,NA,NA,NA
Amur,2027,education,NA,NA,NA
Amur,2027,facility,NA,NA,NA
Amur,2027,government,NA,NA,NA
Amur,2027,healthcare,NA,NA,NA
Amur,2027,nonprofit,NA,NA,NA
Amur,2027,other,NA,NA,NA
Amur,2027,NA,NA,NA,NA
Amur,2029,archive,NA,NA,NA
Amur,2029,company,NA,NA,NA
Amur,2029,education,NA,NA,NA
Amur,2029,facility,NA,NA,NA
Amur,2029,government,NA,NA,NA
Amur,2029,healthcare,NA,NA,NA
Amur,2029,nonprofit,NA,NA,NA
Amur,2029,other,NA,NA,NA
Amur,2029,NA,NA,NA,NA
Amur,NA,archive,NA,NA,NA
Amur,NA,company,NA,NA,NA
Amur,NA,education,NA,NA,NA
Amur,NA,facility,NA,NA,NA
Amur,NA,government,NA,NA,NA
Amur,NA,healthcare,NA,NA,NA
Amur,NA,nonprofit,NA,NA,NA
Amur,NA,other,NA,NA,NA
Amur,NA,NA,NA,NA,NA
Arkhangel'sk,2010,archive,NA,NA,NA
Arkhangel'sk,2010,company,NA,NA,NA
Arkhangel'sk,2010,education,61,1132,5
Arkhangel'sk,2010,facility,9,454,1
Arkhangel'sk,2010,government,NA,NA,NA
Arkhangel'sk,2010,healthcare,4,18,2
Arkhangel'sk,2010,nonprofit,NA,NA,NA
Arkhangel'sk,2010,other,NA,NA,NA
Arkhangel'sk,2010,NA,NA,NA,NA
Arkhangel'sk,2011,archive,NA,NA,NA
Arkhangel'sk,2011,company,NA,NA,NA
Arkhangel'sk,2011,education,54,1401,5
Arkhangel'sk,2011,facility,19,816,1
Arkhangel'sk,2011,government,NA,NA,NA
Arkhangel'sk,2011,healthcare,2,3,2
Arkhangel'sk,2011,nonprofit,NA,NA,NA
Arkhangel'sk,2011,other,NA,NA,NA
Arkhangel'sk,2011,NA,NA,NA,NA
Arkhangel'sk,2012,archive,3,148,1
Arkhangel'sk,2012,company,NA,NA,NA
Arkhangel'sk,2012,education,169,609,5
Arkhangel'sk,2012,facility,29,906,1
Arkhangel'sk,2012,government,NA,NA,NA
Arkhangel'sk,2012,healthcare,5,7,2
Arkhangel'sk,2012,nonprofit,NA,NA,NA
Arkhangel'sk,2012,other,NA,NA,NA
Arkhangel'sk,2012,NA,NA,NA,NA
Arkhangel'sk,2013,archive,1,140,1
Arkhangel'sk,2013,company,NA,NA,NA
Arkhangel'sk,2013,education,255,1205,4
Arkhangel'sk,2013,facility,33,948,1
Arkhangel'sk,2013,government,NA,NA,NA
Arkhangel'sk,2013,healthcare,6,15,2
Arkhangel'sk,2013,nonprofit,NA,NA,NA
Arkhangel'sk,2013,other,NA,NA,NA
Arkhangel'sk,2013,NA,NA,NA,NA
Arkhangel'sk,2014,archive,1,44,1
Arkhangel'sk,2014,company,NA,NA,NA
Arkhangel'sk,2014,education,298,1356,5
Arkhangel'sk,2014,facility,42,670,1
Arkhangel'sk,2014,government,NA,NA,NA
Arkhangel'sk,2014,healthcare,17,60,2
Arkhangel'sk,2014,nonprofit,NA,NA,NA
Arkhangel'sk,2014,other,NA,NA,NA
Arkhangel'sk,2014,NA,NA,NA,NA
Arkhangel'sk,2015,archive,2,15,2
Arkhangel'sk,2015,company,NA,NA,NA
Arkhangel'sk,2015,education,351,2030,3
Arkhangel'sk,2015,facility,47,1015,1
Arkhangel'sk,2015,government,NA,NA,NA
Arkhangel'sk,2015,healthcare,13,34,2
Arkhangel'sk,2015,nonprofit,NA,NA,NA
Arkhangel'sk,2015,other,NA,NA,NA
Arkhangel'sk,2015,NA,NA,NA,NA
Arkhangel'sk,2016,archive,1,2,1
Arkhangel'sk,2016,company,NA,NA,NA
Arkhangel'sk,2016,education,373,2899,4
Arkhangel'sk,2016,facility,29,1216,1
Arkhangel'sk,2016,government,NA,NA,NA
Arkhangel'sk,2016,healthcare,21,2199,2
Arkhangel'sk,2016,nonprofit,NA,NA,NA
Arkhangel'sk,2016,other,NA,NA,NA
Arkhangel'sk,2016,NA,NA,NA,NA
Arkhangel'sk,2017,archive,3,50,2
Arkhangel'sk,2017,company,NA,NA,NA
Arkhangel'sk,2017,education,479,2864,6
Arkhangel'sk,2017,facility,25,249,1
Arkhangel'sk,2017,government,NA,NA,NA
Arkhangel'sk,2017,healthcare,11,48,2
Arkhangel'sk,2017,nonprofit,NA,NA,NA
Arkhangel'sk,2017,other,NA,NA,NA
Arkhangel'sk,2017,NA,NA,NA,NA
Arkhangel'sk,2018,archive,13,64,2
Arkhangel'sk,2018,company,NA,NA,NA
Arkhangel'sk,2018,education,562,9524,5
Arkhangel'sk,2018,facility,4,95,1
Arkhangel'sk,2018,government,NA,NA,NA
Arkhangel'sk,2018,healthcare,13,117,2
Arkhangel'sk,2018,nonprofit,NA,NA,NA
Arkhangel'sk,2018,other,NA,NA,NA
Arkhangel'sk,2018,NA,NA,NA,NA
Arkhangel'sk,2019,archive,53,215,2
Arkhangel'sk,2019,company,NA,NA,NA
Arkhangel'sk,2019,education,690,4947,5
Arkhangel'sk,2019,facility,9,376,1
Arkhangel'sk,2019,government,NA,NA,NA
Arkhangel'sk,2019,healthcare,19,1179,2
Arkhangel'sk,2019,nonprofit,NA,NA,NA
Arkhangel'sk,2019,other,NA,NA,NA
Arkhangel'sk,2019,NA,NA,NA,NA
Arkhangel'sk,2020,archive,15,241,2
Arkhangel'sk,2020,company,NA,NA,NA
Arkhangel'sk,2020,education,758,3677,5
Arkhangel'sk,2020,facility,11,364,1
Arkhangel'sk,2020,government,NA,NA,NA
Arkhangel'sk,2020,healthcare,22,378,2
Arkhangel'sk,2020,nonprofit,NA,NA,NA
Arkhangel'sk,2020,other,NA,NA,NA
Arkhangel'sk,2020,NA,NA,NA,NA
Arkhangel'sk,2021,archive,5,212,2
Arkhangel'sk,2021,company,NA,NA,NA
Arkhangel'sk,2021,education,685,2981,5
Arkhangel'sk,2021,facility,6,245,1
Arkhangel'sk,2021,government,NA,NA,NA
Arkhangel'sk,2021,healthcare,19,1248,2
Arkhangel'sk,2021,nonprofit,NA,NA,NA
Arkhangel'sk,2021,other,NA,NA,NA
Arkhangel'sk,2021,NA,NA,NA,NA
Arkhangel'sk,2022,archive,5,160,2
Arkhangel'sk,2022,company,NA,NA,NA
Arkhangel'sk,2022,education,766,2705,5
Arkhangel'sk,2022,facility,6,66,1
Arkhangel'sk,2022,government,NA,NA,NA
Arkhangel'sk,2022,healthcare,18,184,2
Arkhangel'sk,2022,nonprofit,NA,NA,NA
Arkhangel'sk,2022,other,NA,NA,NA
Arkhangel'sk,2022,NA,NA,NA,NA
Arkhangel'sk,2023,archive,10,6,2
Arkhangel'sk,2023,company,NA,NA,NA
Arkhangel'sk,2023,education,733,1959,4
Arkhangel'sk,2023,facility,6,34,1
Arkhangel'sk,2023,government,NA,NA,NA
Arkhangel'sk,2023,healthcare,22,139,2
Arkhangel'sk,2023,nonprofit,NA,NA,NA
Arkhangel'sk,2023,other,NA,NA,NA
Arkhangel'sk,2023,NA,NA,NA,NA
Arkhangel'sk,2024,archive,10,17,1
Arkhangel'sk,2024,company,NA,NA,NA
Arkhangel'sk,2024,education,780,945,5
Arkhangel'sk,2024,facility,7,40,1
Arkhangel'sk,2024,government,NA,NA,NA
Arkhangel'sk,2024,healthcare,31,42,2
Arkhangel'sk,2024,nonprofit,NA,NA,NA
Arkhangel'sk,2024,other,NA,NA,NA
Arkhangel'sk,2024,NA,NA,NA,NA
Arkhangel'sk,2025,archive,5,2,2
Arkhangel'sk,2025,company,NA,NA,NA
Arkhangel'sk,2025,education,707,552,4
Arkhangel'sk,2025,facility,5,2,1
Arkhangel'sk,2025,government,NA,NA,NA
Arkhangel'sk,2025,healthcare,30,82,2
Arkhangel'sk,2025,nonprofit,NA,NA,NA
Arkhangel'sk,2025,other,NA,NA,NA
Arkhangel'sk,2025,NA,NA,NA,NA
Arkhangel'sk,2026,archive,5,0,1
Arkhangel'sk,2026,company,NA,NA,NA
Arkhangel'sk,2026,education,503,31,4
Arkhangel'sk,2026,facility,3,0,1
Arkhangel'sk,2026,government,NA,NA,NA
Arkhangel'sk,2026,healthcare,15,2,2
Arkhangel'sk,2026,nonprofit,NA,NA,NA
Arkhangel'sk,2026,other,NA,NA,NA
Arkhangel'sk,2026,NA,NA,NA,NA
Arkhangel'sk,2027,archive,NA,NA,NA
Arkhangel'sk,2027,company,NA,NA,NA
Arkhangel'sk,2027,education,NA,NA,NA
Arkhangel'sk,2027,facility,NA,NA,NA
Arkhangel'sk,2027,government,NA,NA,NA
Arkhangel'sk,2027,healthcare,NA,NA,NA
Arkhangel'sk,2027,nonprofit,NA,NA,NA
Arkhangel'sk,2027,other,NA,NA,NA
Arkhangel'sk,2027,NA,NA,NA,NA
Arkhangel'sk,2029,archive,NA,NA,NA
Arkhangel'sk,2029,company,NA,NA,NA
Arkhangel'sk,2029,education,NA,NA,NA
Arkhangel'sk,2029,facility,NA,NA,NA
Arkhangel'sk,2029,government,NA,NA,NA
Arkhangel'sk,2029,healthcare,NA,NA,NA
Arkhangel'sk,2029,nonprofit,NA,NA,NA
Arkhangel'sk,2029,other,NA,NA,NA
Arkhangel'sk,2029,NA,NA,NA,NA
Arkhangel'sk,NA,archive,NA,NA,NA
Arkhangel'sk,NA,company,NA,NA,NA
Arkhangel'sk,NA,education,NA,NA,NA
Arkhangel'sk,NA,facility,NA,NA,NA
Arkhangel'sk,NA,government,NA,NA,NA
Arkhangel'sk,NA,healthcare,NA,NA,NA
Arkhangel'sk,NA,nonprofit,NA,NA,NA
Arkhangel'sk,NA,other,NA,NA,NA
Arkhangel'sk,NA,NA,NA,NA,NA
Astrakhan',2010,archive,NA,NA,NA
Astrakhan',2010,company,NA,NA,NA
Astrakhan',2010,education,119,466,4
Astrakhan',2010,facility,6,0,3
Astrakhan',2010,government,NA,NA,NA
Astrakhan',2010,healthcare,NA,NA,NA
Astrakhan',2010,nonprofit,NA,NA,NA
Astrakhan',2010,other,1,7,1
Astrakhan',2010,NA,NA,NA,NA
Astrakhan',2011,archive,NA,NA,NA
Astrakhan',2011,company,NA,NA,NA
Astrakhan',2011,education,109,355,5
Astrakhan',2011,facility,6,2,3
Astrakhan',2011,government,NA,NA,NA
Astrakhan',2011,healthcare,NA,NA,NA
Astrakhan',2011,nonprofit,NA,NA,NA
Astrakhan',2011,other,1,11,1
Astrakhan',2011,NA,NA,NA,NA
Astrakhan',2012,archive,NA,NA,NA
Astrakhan',2012,company,NA,NA,NA
Astrakhan',2012,education,109,421,5
Astrakhan',2012,facility,7,107,2
Astrakhan',2012,government,NA,NA,NA
Astrakhan',2012,healthcare,NA,NA,NA
Astrakhan',2012,nonprofit,NA,NA,NA
Astrakhan',2012,other,NA,NA,NA
Astrakhan',2012,NA,NA,NA,NA
Astrakhan',2013,archive,NA,NA,NA
Astrakhan',2013,company,NA,NA,NA
Astrakhan',2013,education,151,695,5
Astrakhan',2013,facility,6,0,3
Astrakhan',2013,government,NA,NA,NA
Astrakhan',2013,healthcare,NA,NA,NA
Astrakhan',2013,nonprofit,NA,NA,NA
Astrakhan',2013,other,1,0,1
Astrakhan',2013,NA,NA,NA,NA
Astrakhan',2014,archive,NA,NA,NA
Astrakhan',2014,company,NA,NA,NA
Astrakhan',2014,education,204,697,6
Astrakhan',2014,facility,17,30,3
Astrakhan',2014,government,NA,NA,NA
Astrakhan',2014,healthcare,NA,NA,NA
Astrakhan',2014,nonprofit,NA,NA,NA
Astrakhan',2014,other,1,2,1
Astrakhan',2014,NA,NA,NA,NA
Astrakhan',2015,archive,NA,NA,NA
Astrakhan',2015,company,NA,NA,NA
Astrakhan',2015,education,306,663,6
Astrakhan',2015,facility,6,11,2
Astrakhan',2015,government,NA,NA,NA
Astrakhan',2015,healthcare,NA,NA,NA
Astrakhan',2015,nonprofit,NA,NA,NA
Astrakhan',2015,other,4,4,1
Astrakhan',2015,NA,NA,NA,NA
Astrakhan',2016,archive,NA,NA,NA
Astrakhan',2016,company,NA,NA,NA
Astrakhan',2016,education,266,711,6
Astrakhan',2016,facility,18,16,3
Astrakhan',2016,government,NA,NA,NA
Astrakhan',2016,healthcare,NA,NA,NA
Astrakhan',2016,nonprofit,NA,NA,NA
Astrakhan',2016,other,2,9,1
Astrakhan',2016,NA,NA,NA,NA
Astrakhan',2017,archive,NA,NA,NA
Astrakhan',2017,company,NA,NA,NA
Astrakhan',2017,education,404,780,5
Astrakhan',2017,facility,17,49,3
Astrakhan',2017,government,NA,NA,NA
Astrakhan',2017,healthcare,NA,NA,NA
Astrakhan',2017,nonprofit,NA,NA,NA
Astrakhan',2017,other,1,7,1
Astrakhan',2017,NA,NA,NA,NA
Astrakhan',2018,archive,NA,NA,NA
Astrakhan',2018,company,NA,NA,NA
Astrakhan',2018,education,481,1233,6
Astrakhan',2018,facility,61,128,3
Astrakhan',2018,government,NA,NA,NA
Astrakhan',2018,healthcare,NA,NA,NA
Astrakhan',2018,nonprofit,NA,NA,NA
Astrakhan',2018,other,6,3,1
Astrakhan',2018,NA,NA,NA,NA
Astrakhan',2019,archive,NA,NA,NA
Astrakhan',2019,company,NA,NA,NA
Astrakhan',2019,education,603,2142,6
Astrakhan',2019,facility,33,276,3
Astrakhan',2019,government,NA,NA,NA
Astrakhan',2019,healthcare,NA,NA,NA
Astrakhan',2019,nonprofit,NA,NA,NA
Astrakhan',2019,other,5,9,1
Astrakhan',2019,NA,NA,NA,NA
Astrakhan',2020,archive,NA,NA,NA
Astrakhan',2020,company,NA,NA,NA
Astrakhan',2020,education,733,2096,6
Astrakhan',2020,facility,15,8,2
Astrakhan',2020,government,NA,NA,NA
Astrakhan',2020,healthcare,NA,NA,NA
Astrakhan',2020,nonprofit,NA,NA,NA
Astrakhan',2020,other,12,148,1
Astrakhan',2020,NA,NA,NA,NA
Astrakhan',2021,archive,NA,NA,NA
Astrakhan',2021,company,NA,NA,NA
Astrakhan',2021,education,898,2140,4
Astrakhan',2021,facility,12,25,2
Astrakhan',2021,government,NA,NA,NA
Astrakhan',2021,healthcare,NA,NA,NA
Astrakhan',2021,nonprofit,NA,NA,NA
Astrakhan',2021,other,3,113,1
Astrakhan',2021,NA,NA,NA,NA
Astrakhan',2022,archive,NA,NA,NA
Astrakhan',2022,company,NA,NA,NA
Astrakhan',2022,education,957,1528,5
Astrakhan',2022,facility,7,12,2
Astrakhan',2022,government,NA,NA,NA
Astrakhan',2022,healthcare,NA,NA,NA
Astrakhan',2022,nonprofit,NA,NA,NA
Astrakhan',2022,other,5,151,1
Astrakhan',2022,NA,NA,NA,NA
Astrakhan',2023,archive,NA,NA,NA
Astrakhan',2023,company,NA,NA,NA
Astrakhan',2023,education,1172,1393,6
Astrakhan',2023,facility,7,5,2
Astrakhan',2023,government,NA,NA,NA
Astrakhan',2023,healthcare,NA,NA,NA
Astrakhan',2023,nonprofit,NA,NA,NA
Astrakhan',2023,other,4,24,1
Astrakhan',2023,NA,NA,NA,NA
Astrakhan',2024,archive,NA,NA,NA
Astrakhan',2024,company,NA,NA,NA
Astrakhan',2024,education,1018,597,6
Astrakhan',2024,facility,11,0,2
Astrakhan',2024,government,NA,NA,NA
Astrakhan',2024,healthcare,NA,NA,NA
Astrakhan',2024,nonprofit,NA,NA,NA
Astrakhan',2024,other,5,24,1
Astrakhan',2024,NA,NA,NA,NA
Astrakhan',2025,archive,NA,NA,NA
Astrakhan',2025,company,NA,NA,NA
Astrakhan',2025,education,872,260,5
Astrakhan',2025,facility,3,0,1
Astrakhan',2025,government,NA,NA,NA
Astrakhan',2025,healthcare,NA,NA,NA
Astrakhan',2025,nonprofit,NA,NA,NA
Astrakhan',2025,other,6,5,1
Astrakhan',2025,NA,NA,NA,NA
Astrakhan',2026,archive,NA,NA,NA
Astrakhan',2026,company,NA,NA,NA
Astrakhan',2026,education,668,42,4
Astrakhan',2026,facility,10,0,1
Astrakhan',2026,government,NA,NA,NA
Astrakhan',2026,healthcare,NA,NA,NA
Astrakhan',2026,nonprofit,NA,NA,NA
Astrakhan',2026,other,6,0,1
Astrakhan',2026,NA,NA,NA,NA
Astrakhan',2027,archive,NA,NA,NA
Astrakhan',2027,company,NA,NA,NA
Astrakhan',2027,education,NA,NA,NA
Astrakhan',2027,facility,NA,NA,NA
Astrakhan',2027,government,NA,NA,NA
Astrakhan',2027,healthcare,NA,NA,NA
Astrakhan',2027,nonprofit,NA,NA,NA
Astrakhan',2027,other,NA,NA,NA
Astrakhan',2027,NA,NA,NA,NA
Astrakhan',2029,archive,NA,NA,NA
Astrakhan',2029,company,NA,NA,NA
Astrakhan',2029,education,NA,NA,NA
Astrakhan',2029,facility,NA,NA,NA
Astrakhan',2029,government,NA,NA,NA
Astrakhan',2029,healthcare,NA,NA,NA
Astrakhan',2029,nonprofit,NA,NA,NA
Astrakhan',2029,other,NA,NA,NA
Astrakhan',2029,NA,NA,NA,NA
Astrakhan',NA,archive,NA,NA,NA
Astrakhan',NA,company,NA,NA,NA
Astrakhan',NA,education,NA,NA,NA
Astrakhan',NA,facility,NA,NA,NA
Astrakhan',NA,government,NA,NA,NA
Astrakhan',NA,healthcare,NA,NA,NA
Astrakhan',NA,nonprofit,NA,NA,NA
Astrakhan',NA,other,NA,NA,NA
Astrakhan',NA,NA,NA,NA,NA
Bashkortostan,2010,archive,NA,NA,NA
Bashkortostan,2010,company,NA,NA,NA
Bashkortostan,2010,education,371,4775,9
Bashkortostan,2010,facility,418,4886,11
Bashkortostan,2010,government,NA,NA,NA
Bashkortostan,2010,healthcare,3,0,1
Bashkortostan,2010,nonprofit,21,104,1
Bashkortostan,2010,other,NA,NA,NA
Bashkortostan,2010,NA,NA,NA,NA
Bashkortostan,2011,archive,NA,NA,NA
Bashkortostan,2011,company,NA,NA,NA
Bashkortostan,2011,education,380,2583,8
Bashkortostan,2011,facility,400,5819,10
Bashkortostan,2011,government,NA,NA,NA
Bashkortostan,2011,healthcare,2,2,1
Bashkortostan,2011,nonprofit,16,74,1
Bashkortostan,2011,other,NA,NA,NA
Bashkortostan,2011,NA,NA,NA,NA
Bashkortostan,2012,archive,NA,NA,NA
Bashkortostan,2012,company,NA,NA,NA
Bashkortostan,2012,education,619,5522,10
Bashkortostan,2012,facility,472,6960,12
Bashkortostan,2012,government,NA,NA,NA
Bashkortostan,2012,healthcare,5,16,1
Bashkortostan,2012,nonprofit,13,51,1
Bashkortostan,2012,other,NA,NA,NA
Bashkortostan,2012,NA,NA,NA,NA
Bashkortostan,2013,archive,NA,NA,NA
Bashkortostan,2013,company,NA,NA,NA
Bashkortostan,2013,education,957,6055,11
Bashkortostan,2013,facility,439,5904,12
Bashkortostan,2013,government,NA,NA,NA
Bashkortostan,2013,healthcare,9,113,1
Bashkortostan,2013,nonprofit,24,48,1
Bashkortostan,2013,other,NA,NA,NA
Bashkortostan,2013,NA,NA,NA,NA
Bashkortostan,2014,archive,NA,NA,NA
Bashkortostan,2014,company,NA,NA,NA
Bashkortostan,2014,education,973,6954,11
Bashkortostan,2014,facility,518,8495,12
Bashkortostan,2014,government,NA,NA,NA
Bashkortostan,2014,healthcare,13,433,1
Bashkortostan,2014,nonprofit,14,73,1
Bashkortostan,2014,other,NA,NA,NA
Bashkortostan,2014,NA,NA,NA,NA
Bashkortostan,2015,archive,NA,NA,NA
Bashkortostan,2015,company,NA,NA,NA
Bashkortostan,2015,education,1287,9581,11
Bashkortostan,2015,facility,585,8537,12
Bashkortostan,2015,government,NA,NA,NA
Bashkortostan,2015,healthcare,8,37,1
Bashkortostan,2015,nonprofit,16,116,1
Bashkortostan,2015,other,NA,NA,NA
Bashkortostan,2015,NA,NA,NA,NA
Bashkortostan,2016,archive,NA,NA,NA
Bashkortostan,2016,company,NA,NA,NA
Bashkortostan,2016,education,1441,9988,11
Bashkortostan,2016,facility,605,9052,12
Bashkortostan,2016,government,NA,NA,NA
Bashkortostan,2016,healthcare,18,55,1
Bashkortostan,2016,nonprofit,19,68,1
Bashkortostan,2016,other,NA,NA,NA
Bashkortostan,2016,NA,NA,NA,NA
Bashkortostan,2017,archive,NA,NA,NA
Bashkortostan,2017,company,1,0,1
Bashkortostan,2017,education,1881,11369,11
Bashkortostan,2017,facility,712,11260,12
Bashkortostan,2017,government,NA,NA,NA
Bashkortostan,2017,healthcare,33,74,1
Bashkortostan,2017,nonprofit,20,31,1
Bashkortostan,2017,other,NA,NA,NA
Bashkortostan,2017,NA,NA,NA,NA
Bashkortostan,2018,archive,NA,NA,NA
Bashkortostan,2018,company,NA,NA,NA
Bashkortostan,2018,education,2394,13832,11
Bashkortostan,2018,facility,924,9559,12
Bashkortostan,2018,government,NA,NA,NA
Bashkortostan,2018,healthcare,23,257,1
Bashkortostan,2018,nonprofit,19,37,1
Bashkortostan,2018,other,NA,NA,NA
Bashkortostan,2018,NA,NA,NA,NA
Bashkortostan,2019,archive,NA,NA,NA
Bashkortostan,2019,company,NA,NA,NA
Bashkortostan,2019,education,2846,11841,11
Bashkortostan,2019,facility,998,9377,12
Bashkortostan,2019,government,NA,NA,NA
Bashkortostan,2019,healthcare,24,163,1
Bashkortostan,2019,nonprofit,31,95,1
Bashkortostan,2019,other,NA,NA,NA
Bashkortostan,2019,NA,NA,NA,NA
Bashkortostan,2020,archive,NA,NA,NA
Bashkortostan,2020,company,19,22,2
Bashkortostan,2020,education,3438,13185,11
Bashkortostan,2020,facility,1028,13560,12
Bashkortostan,2020,government,NA,NA,NA
Bashkortostan,2020,healthcare,19,37,1
Bashkortostan,2020,nonprofit,22,19,1
Bashkortostan,2020,other,NA,NA,NA
Bashkortostan,2020,NA,NA,NA,NA
Bashkortostan,2021,archive,NA,NA,NA
Bashkortostan,2021,company,2,1,1
Bashkortostan,2021,education,4037,12432,10
Bashkortostan,2021,facility,1068,9812,12
Bashkortostan,2021,government,NA,NA,NA
Bashkortostan,2021,healthcare,21,68,1
Bashkortostan,2021,nonprofit,20,17,1
Bashkortostan,2021,other,NA,NA,NA
Bashkortostan,2021,NA,NA,NA,NA
Bashkortostan,2022,archive,NA,NA,NA
Bashkortostan,2022,company,NA,NA,NA
Bashkortostan,2022,education,3855,13650,12
Bashkortostan,2022,facility,1093,8639,12
Bashkortostan,2022,government,NA,NA,NA
Bashkortostan,2022,healthcare,27,100,1
Bashkortostan,2022,nonprofit,17,27,1
Bashkortostan,2022,other,NA,NA,NA
Bashkortostan,2022,NA,NA,NA,NA
Bashkortostan,2023,archive,NA,NA,NA
Bashkortostan,2023,company,1,0,1
Bashkortostan,2023,education,3268,7524,12
Bashkortostan,2023,facility,1060,4315,12
Bashkortostan,2023,government,NA,NA,NA
Bashkortostan,2023,healthcare,20,21,1
Bashkortostan,2023,nonprofit,32,45,1
Bashkortostan,2023,other,NA,NA,NA
Bashkortostan,2023,NA,NA,NA,NA
Bashkortostan,2024,archive,NA,NA,NA
Bashkortostan,2024,company,4,2,1
Bashkortostan,2024,education,3082,4707,11
Bashkortostan,2024,facility,974,3021,12
Bashkortostan,2024,government,NA,NA,NA
Bashkortostan,2024,healthcare,27,28,1
Bashkortostan,2024,nonprofit,29,19,1
Bashkortostan,2024,other,NA,NA,NA
Bashkortostan,2024,NA,NA,NA,NA
Bashkortostan,2025,archive,NA,NA,NA
Bashkortostan,2025,company,7,0,2
Bashkortostan,2025,education,3010,2029,11
Bashkortostan,2025,facility,804,1084,12
Bashkortostan,2025,government,NA,NA,NA
Bashkortostan,2025,healthcare,28,14,1
Bashkortostan,2025,nonprofit,46,10,1
Bashkortostan,2025,other,NA,NA,NA
Bashkortostan,2025,NA,NA,NA,NA
Bashkortostan,2026,archive,NA,NA,NA
Bashkortostan,2026,company,4,0,2
Bashkortostan,2026,education,2330,230,12
Bashkortostan,2026,facility,557,135,12
Bashkortostan,2026,government,NA,NA,NA
Bashkortostan,2026,healthcare,29,2,1
Bashkortostan,2026,nonprofit,43,2,1
Bashkortostan,2026,other,NA,NA,NA
Bashkortostan,2026,NA,NA,NA,NA
Bashkortostan,2027,archive,NA,NA,NA
Bashkortostan,2027,company,NA,NA,NA
Bashkortostan,2027,education,NA,NA,NA
Bashkortostan,2027,facility,NA,NA,NA
Bashkortostan,2027,government,NA,NA,NA
Bashkortostan,2027,healthcare,NA,NA,NA
Bashkortostan,2027,nonprofit,NA,NA,NA
Bashkortostan,2027,other,NA,NA,NA
Bashkortostan,2027,NA,NA,NA,NA
Bashkortostan,2029,archive,NA,NA,NA
Bashkortostan,2029,company,NA,NA,NA
Bashkortostan,2029,education,NA,NA,NA
Bashkortostan,2029,facility,NA,NA,NA
Bashkortostan,2029,government,NA,NA,NA
Bashkortostan,2029,healthcare,NA,NA,NA
Bashkortostan,2029,nonprofit,NA,NA,NA
Bashkortostan,2029,other,NA,NA,NA
Bashkortostan,2029,NA,NA,NA,NA
Bashkortostan,NA,archive,NA,NA,NA
Bashkortostan,NA,company,NA,NA,NA
Bashkortostan,NA,education,NA,NA,NA
Bashkortostan,NA,facility,NA,NA,NA
Bashkortostan,NA,government,NA,NA,NA
Bashkortostan,NA,healthcare,NA,NA,NA
Bashkortostan,NA,nonprofit,NA,NA,NA
Bashkortostan,NA,other,NA,NA,NA
Bashkortostan,NA,NA,NA,NA,NA
Belgorod,2010,archive,NA,NA,NA
Belgorod,2010,company,1,4,1
Belgorod,2010,education,161,1401,6
Belgorod,2010,facility,2,4,1
Belgorod,2010,government,NA,NA,NA
Belgorod,2010,healthcare,NA,NA,NA
Belgorod,2010,nonprofit,NA,NA,NA
Belgorod,2010,other,NA,NA,NA
Belgorod,2010,NA,NA,NA,NA
Belgorod,2011,archive,NA,NA,NA
Belgorod,2011,company,NA,NA,NA
Belgorod,2011,education,160,2566,5
Belgorod,2011,facility,NA,NA,NA
Belgorod,2011,government,NA,NA,NA
Belgorod,2011,healthcare,NA,NA,NA
Belgorod,2011,nonprofit,NA,NA,NA
Belgorod,2011,other,NA,NA,NA
Belgorod,2011,NA,NA,NA,NA
Belgorod,2012,archive,NA,NA,NA
Belgorod,2012,company,NA,NA,NA
Belgorod,2012,education,197,2101,6
Belgorod,2012,facility,NA,NA,NA
Belgorod,2012,government,NA,NA,NA
Belgorod,2012,healthcare,NA,NA,NA
Belgorod,2012,nonprofit,NA,NA,NA
Belgorod,2012,other,NA,NA,NA
Belgorod,2012,NA,NA,NA,NA
Belgorod,2013,archive,NA,NA,NA
Belgorod,2013,company,NA,NA,NA
Belgorod,2013,education,240,4292,6
Belgorod,2013,facility,NA,NA,NA
Belgorod,2013,government,NA,NA,NA
Belgorod,2013,healthcare,NA,NA,NA
Belgorod,2013,nonprofit,NA,NA,NA
Belgorod,2013,other,NA,NA,NA
Belgorod,2013,NA,NA,NA,NA
Belgorod,2014,archive,NA,NA,NA
Belgorod,2014,company,NA,NA,NA
Belgorod,2014,education,358,5521,6
Belgorod,2014,facility,1,0,1
Belgorod,2014,government,NA,NA,NA
Belgorod,2014,healthcare,NA,NA,NA
Belgorod,2014,nonprofit,NA,NA,NA
Belgorod,2014,other,NA,NA,NA
Belgorod,2014,NA,NA,NA,NA
Belgorod,2015,archive,NA,NA,NA
Belgorod,2015,company,NA,NA,NA
Belgorod,2015,education,510,4409,6
Belgorod,2015,facility,2,0,1
Belgorod,2015,government,NA,NA,NA
Belgorod,2015,healthcare,NA,NA,NA
Belgorod,2015,nonprofit,NA,NA,NA
Belgorod,2015,other,NA,NA,NA
Belgorod,2015,NA,NA,NA,NA
Belgorod,2016,archive,NA,NA,NA
Belgorod,2016,company,NA,NA,NA
Belgorod,2016,education,685,5585,6
Belgorod,2016,facility,1,0,1
Belgorod,2016,government,NA,NA,NA
Belgorod,2016,healthcare,NA,NA,NA
Belgorod,2016,nonprofit,NA,NA,NA
Belgorod,2016,other,NA,NA,NA
Belgorod,2016,NA,NA,NA,NA
Belgorod,2017,archive,NA,NA,NA
Belgorod,2017,company,NA,NA,NA
Belgorod,2017,education,838,4981,6
Belgorod,2017,facility,3,2,1
Belgorod,2017,government,NA,NA,NA
Belgorod,2017,healthcare,NA,NA,NA
Belgorod,2017,nonprofit,NA,NA,NA
Belgorod,2017,other,NA,NA,NA
Belgorod,2017,NA,NA,NA,NA
Belgorod,2018,archive,NA,NA,NA
Belgorod,2018,company,NA,NA,NA
Belgorod,2018,education,1415,7616,6
Belgorod,2018,facility,3,12,1
Belgorod,2018,government,NA,NA,NA
Belgorod,2018,healthcare,NA,NA,NA
Belgorod,2018,nonprofit,NA,NA,NA
Belgorod,2018,other,NA,NA,NA
Belgorod,2018,NA,NA,NA,NA
Belgorod,2019,archive,NA,NA,NA
Belgorod,2019,company,NA,NA,NA
Belgorod,2019,education,1634,6111,6
Belgorod,2019,facility,2,13,1
Belgorod,2019,government,NA,NA,NA
Belgorod,2019,healthcare,NA,NA,NA
Belgorod,2019,nonprofit,NA,NA,NA
Belgorod,2019,other,NA,NA,NA
Belgorod,2019,NA,NA,NA,NA
Belgorod,2020,archive,NA,NA,NA
Belgorod,2020,company,NA,NA,NA
Belgorod,2020,education,1932,9090,6
Belgorod,2020,facility,1,0,1
Belgorod,2020,government,NA,NA,NA
Belgorod,2020,healthcare,NA,NA,NA
Belgorod,2020,nonprofit,NA,NA,NA
Belgorod,2020,other,NA,NA,NA
Belgorod,2020,NA,NA,NA,NA
Belgorod,2021,archive,NA,NA,NA
Belgorod,2021,company,NA,NA,NA
Belgorod,2021,education,2469,8240,6
Belgorod,2021,facility,NA,NA,NA
Belgorod,2021,government,NA,NA,NA
Belgorod,2021,healthcare,NA,NA,NA
Belgorod,2021,nonprofit,NA,NA,NA
Belgorod,2021,other,NA,NA,NA
Belgorod,2021,NA,NA,NA,NA
Belgorod,2022,archive,NA,NA,NA
Belgorod,2022,company,NA,NA,NA
Belgorod,2022,education,2023,5723,6
Belgorod,2022,facility,2,1,1
Belgorod,2022,government,NA,NA,NA
Belgorod,2022,healthcare,NA,NA,NA
Belgorod,2022,nonprofit,NA,NA,NA
Belgorod,2022,other,NA,NA,NA
Belgorod,2022,NA,NA,NA,NA
Belgorod,2023,archive,NA,NA,NA
Belgorod,2023,company,NA,NA,NA
Belgorod,2023,education,1972,4055,6
Belgorod,2023,facility,3,0,1
Belgorod,2023,government,NA,NA,NA
Belgorod,2023,healthcare,NA,NA,NA
Belgorod,2023,nonprofit,NA,NA,NA
Belgorod,2023,other,NA,NA,NA
Belgorod,2023,NA,NA,NA,NA
Belgorod,2024,archive,NA,NA,NA
Belgorod,2024,company,NA,NA,NA
Belgorod,2024,education,1779,2336,6
Belgorod,2024,facility,NA,NA,NA
Belgorod,2024,government,NA,NA,NA
Belgorod,2024,healthcare,NA,NA,NA
Belgorod,2024,nonprofit,NA,NA,NA
Belgorod,2024,other,NA,NA,NA
Belgorod,2024,NA,NA,NA,NA
Belgorod,2025,archive,NA,NA,NA
Belgorod,2025,company,NA,NA,NA
Belgorod,2025,education,1585,985,6
Belgorod,2025,facility,NA,NA,NA
Belgorod,2025,government,NA,NA,NA
Belgorod,2025,healthcare,NA,NA,NA
Belgorod,2025,nonprofit,NA,NA,NA
Belgorod,2025,other,NA,NA,NA
Belgorod,2025,NA,NA,NA,NA
Belgorod,2026,archive,NA,NA,NA
Belgorod,2026,company,NA,NA,NA
Belgorod,2026,education,1200,114,6
Belgorod,2026,facility,NA,NA,NA
Belgorod,2026,government,NA,NA,NA
Belgorod,2026,healthcare,NA,NA,NA
Belgorod,2026,nonprofit,NA,NA,NA
Belgorod,2026,other,NA,NA,NA
Belgorod,2026,NA,NA,NA,NA
Belgorod,2027,archive,NA,NA,NA
Belgorod,2027,company,NA,NA,NA
Belgorod,2027,education,NA,NA,NA
Belgorod,2027,facility,NA,NA,NA
Belgorod,2027,government,NA,NA,NA
Belgorod,2027,healthcare,NA,NA,NA
Belgorod,2027,nonprofit,NA,NA,NA
Belgorod,2027,other,NA,NA,NA
Belgorod,2027,NA,NA,NA,NA
Belgorod,2029,archive,NA,NA,NA
Belgorod,2029,company,NA,NA,NA
Belgorod,2029,education,NA,NA,NA
Belgorod,2029,facility,NA,NA,NA
Belgorod,2029,government,NA,NA,NA
Belgorod,2029,healthcare,NA,NA,NA
Belgorod,2029,nonprofit,NA,NA,NA
Belgorod,2029,other,NA,NA,NA
Belgorod,2029,NA,NA,NA,NA
Belgorod,NA,archive,NA,NA,NA
Belgorod,NA,company,NA,NA,NA
Belgorod,NA,education,NA,NA,NA
Belgorod,NA,facility,NA,NA,NA
Belgorod,NA,government,NA,NA,NA
Belgorod,NA,healthcare,NA,NA,NA
Belgorod,NA,nonprofit,NA,NA,NA
Belgorod,NA,other,NA,NA,NA
Belgorod,NA,NA,NA,NA,NA
Bryansk,2010,archive,NA,NA,NA
Bryansk,2010,company,NA,NA,NA
Bryansk,2010,education,56,233,4
Bryansk,2010,facility,NA,NA,NA
Bryansk,2010,government,NA,NA,NA
Bryansk,2010,healthcare,NA,NA,NA
Bryansk,2010,nonprofit,NA,NA,NA
Bryansk,2010,other,NA,NA,NA
Bryansk,2010,NA,NA,NA,NA
Bryansk,2011,archive,NA,NA,NA
Bryansk,2011,company,NA,NA,NA
Bryansk,2011,education,39,217,4
Bryansk,2011,facility,NA,NA,NA
Bryansk,2011,government,NA,NA,NA
Bryansk,2011,healthcare,NA,NA,NA
Bryansk,2011,nonprofit,NA,NA,NA
Bryansk,2011,other,NA,NA,NA
Bryansk,2011,NA,NA,NA,NA
Bryansk,2012,archive,NA,NA,NA
Bryansk,2012,company,NA,NA,NA
Bryansk,2012,education,63,468,4
Bryansk,2012,facility,1,0,1
Bryansk,2012,government,NA,NA,NA
Bryansk,2012,healthcare,NA,NA,NA
Bryansk,2012,nonprofit,NA,NA,NA
Bryansk,2012,other,NA,NA,NA
Bryansk,2012,NA,NA,NA,NA
Bryansk,2013,archive,1,0,1
Bryansk,2013,company,NA,NA,NA
Bryansk,2013,education,65,452,4
Bryansk,2013,facility,NA,NA,NA
Bryansk,2013,government,NA,NA,NA
Bryansk,2013,healthcare,NA,NA,NA
Bryansk,2013,nonprofit,NA,NA,NA
Bryansk,2013,other,NA,NA,NA
Bryansk,2013,NA,NA,NA,NA
Bryansk,2014,archive,NA,NA,NA
Bryansk,2014,company,NA,NA,NA
Bryansk,2014,education,85,309,4
Bryansk,2014,facility,NA,NA,NA
Bryansk,2014,government,NA,NA,NA
Bryansk,2014,healthcare,NA,NA,NA
Bryansk,2014,nonprofit,NA,NA,NA
Bryansk,2014,other,NA,NA,NA
Bryansk,2014,NA,NA,NA,NA
Bryansk,2015,archive,NA,NA,NA
Bryansk,2015,company,NA,NA,NA
Bryansk,2015,education,156,518,4
Bryansk,2015,facility,1,2,1
Bryansk,2015,government,NA,NA,NA
Bryansk,2015,healthcare,NA,NA,NA
Bryansk,2015,nonprofit,NA,NA,NA
Bryansk,2015,other,NA,NA,NA
Bryansk,2015,NA,NA,NA,NA
Bryansk,2016,archive,1,0,1
Bryansk,2016,company,NA,NA,NA
Bryansk,2016,education,272,799,4
Bryansk,2016,facility,NA,NA,NA
Bryansk,2016,government,NA,NA,NA
Bryansk,2016,healthcare,NA,NA,NA
Bryansk,2016,nonprofit,NA,NA,NA
Bryansk,2016,other,NA,NA,NA
Bryansk,2016,NA,NA,NA,NA
Bryansk,2017,archive,NA,NA,NA
Bryansk,2017,company,NA,NA,NA
Bryansk,2017,education,321,1154,4
Bryansk,2017,facility,1,1,1
Bryansk,2017,government,NA,NA,NA
Bryansk,2017,healthcare,NA,NA,NA
Bryansk,2017,nonprofit,NA,NA,NA
Bryansk,2017,other,NA,NA,NA
Bryansk,2017,NA,NA,NA,NA
Bryansk,2018,archive,1,0,1
Bryansk,2018,company,NA,NA,NA
Bryansk,2018,education,382,1093,4
Bryansk,2018,facility,4,7,1
Bryansk,2018,government,NA,NA,NA
Bryansk,2018,healthcare,NA,NA,NA
Bryansk,2018,nonprofit,NA,NA,NA
Bryansk,2018,other,NA,NA,NA
Bryansk,2018,NA,NA,NA,NA
Bryansk,2019,archive,NA,NA,NA
Bryansk,2019,company,NA,NA,NA
Bryansk,2019,education,460,1208,4
Bryansk,2019,facility,19,10,1
Bryansk,2019,government,NA,NA,NA
Bryansk,2019,healthcare,NA,NA,NA
Bryansk,2019,nonprofit,NA,NA,NA
Bryansk,2019,other,NA,NA,NA
Bryansk,2019,NA,NA,NA,NA
Bryansk,2020,archive,NA,NA,NA
Bryansk,2020,company,NA,NA,NA
Bryansk,2020,education,445,799,4
Bryansk,2020,facility,13,43,1
Bryansk,2020,government,NA,NA,NA
Bryansk,2020,healthcare,NA,NA,NA
Bryansk,2020,nonprofit,NA,NA,NA
Bryansk,2020,other,NA,NA,NA
Bryansk,2020,NA,NA,NA,NA
Bryansk,2021,archive,1,0,1
Bryansk,2021,company,NA,NA,NA
Bryansk,2021,education,611,796,4
Bryansk,2021,facility,20,31,1
Bryansk,2021,government,NA,NA,NA
Bryansk,2021,healthcare,NA,NA,NA
Bryansk,2021,nonprofit,NA,NA,NA
Bryansk,2021,other,NA,NA,NA
Bryansk,2021,NA,NA,NA,NA
Bryansk,2022,archive,NA,NA,NA
Bryansk,2022,company,NA,NA,NA
Bryansk,2022,education,490,631,4
Bryansk,2022,facility,14,44,1
Bryansk,2022,government,NA,NA,NA
Bryansk,2022,healthcare,NA,NA,NA
Bryansk,2022,nonprofit,NA,NA,NA
Bryansk,2022,other,NA,NA,NA
Bryansk,2022,NA,NA,NA,NA
Bryansk,2023,archive,NA,NA,NA
Bryansk,2023,company,NA,NA,NA
Bryansk,2023,education,338,304,4
Bryansk,2023,facility,8,4,1
Bryansk,2023,government,NA,NA,NA
Bryansk,2023,healthcare,NA,NA,NA
Bryansk,2023,nonprofit,NA,NA,NA
Bryansk,2023,other,NA,NA,NA
Bryansk,2023,NA,NA,NA,NA
Bryansk,2024,archive,NA,NA,NA
Bryansk,2024,company,NA,NA,NA
Bryansk,2024,education,318,164,4
Bryansk,2024,facility,10,7,1
Bryansk,2024,government,NA,NA,NA
Bryansk,2024,healthcare,NA,NA,NA
Bryansk,2024,nonprofit,NA,NA,NA
Bryansk,2024,other,NA,NA,NA
Bryansk,2024,NA,NA,NA,NA
Bryansk,2025,archive,NA,NA,NA
Bryansk,2025,company,NA,NA,NA
Bryansk,2025,education,310,104,4
Bryansk,2025,facility,19,1,1
Bryansk,2025,government,NA,NA,NA
Bryansk,2025,healthcare,NA,NA,NA
Bryansk,2025,nonprofit,NA,NA,NA
Bryansk,2025,other,NA,NA,NA
Bryansk,2025,NA,NA,NA,NA
Bryansk,2026,archive,NA,NA,NA
Bryansk,2026,company,NA,NA,NA
Bryansk,2026,education,252,6,4
Bryansk,2026,facility,11,0,1
Bryansk,2026,government,NA,NA,NA
Bryansk,2026,healthcare,NA,NA,NA
Bryansk,2026,nonprofit,NA,NA,NA
Bryansk,2026,other,NA,NA,NA
Bryansk,2026,NA,NA,NA,NA
Bryansk,2027,archive,NA,NA,NA
Bryansk,2027,company,NA,NA,NA
Bryansk,2027,education,NA,NA,NA
Bryansk,2027,facility,NA,NA,NA
Bryansk,2027,government,NA,NA,NA
Bryansk,2027,healthcare,NA,NA,NA
Bryansk,2027,nonprofit,NA,NA,NA
Bryansk,2027,other,NA,NA,NA
Bryansk,2027,NA,NA,NA,NA
Bryansk,2029,archive,NA,NA,NA
Bryansk,2029,company,NA,NA,NA
Bryansk,2029,education,NA,NA,NA
Bryansk,2029,facility,NA,NA,NA
Bryansk,2029,government,NA,NA,NA
Bryansk,2029,healthcare,NA,NA,NA
Bryansk,2029,nonprofit,NA,NA,NA
Bryansk,2029,other,NA,NA,NA
Bryansk,2029,NA,NA,NA,NA
Bryansk,NA,archive,NA,NA,NA
Bryansk,NA,company,NA,NA,NA
Bryansk,NA,education,NA,NA,NA
Bryansk,NA,facility,NA,NA,NA
Bryansk,NA,government,NA,NA,NA
Bryansk,NA,healthcare,NA,NA,NA
Bryansk,NA,nonprofit,NA,NA,NA
Bryansk,NA,other,NA,NA,NA
Bryansk,NA,NA,NA,NA,NA
Buryat,2010,archive,1,5,1
Buryat,2010,company,NA,NA,NA
Buryat,2010,education,31,392,4
Buryat,2010,facility,91,1206,3
Buryat,2010,government,NA,NA,NA
Buryat,2010,healthcare,NA,NA,NA
Buryat,2010,nonprofit,NA,NA,NA
Buryat,2010,other,9,235,1
Buryat,2010,NA,NA,NA,NA
Buryat,2011,archive,NA,NA,NA
Buryat,2011,company,NA,NA,NA
Buryat,2011,education,39,354,4
Buryat,2011,facility,85,964,4
Buryat,2011,government,NA,NA,NA
Buryat,2011,healthcare,NA,NA,NA
Buryat,2011,nonprofit,NA,NA,NA
Buryat,2011,other,9,179,1
Buryat,2011,NA,NA,NA,NA
Buryat,2012,archive,NA,NA,NA
Buryat,2012,company,NA,NA,NA
Buryat,2012,education,93,183,4
Buryat,2012,facility,121,997,4
Buryat,2012,government,NA,NA,NA
Buryat,2012,healthcare,NA,NA,NA
Buryat,2012,nonprofit,NA,NA,NA
Buryat,2012,other,18,253,2
Buryat,2012,NA,NA,NA,NA
Buryat,2013,archive,NA,NA,NA
Buryat,2013,company,NA,NA,NA
Buryat,2013,education,55,177,4
Buryat,2013,facility,113,1279,4
Buryat,2013,government,NA,NA,NA
Buryat,2013,healthcare,NA,NA,NA
Buryat,2013,nonprofit,NA,NA,NA
Buryat,2013,other,16,380,2
Buryat,2013,NA,NA,NA,NA
Buryat,2014,archive,NA,NA,NA
Buryat,2014,company,NA,NA,NA
Buryat,2014,education,80,235,4
Buryat,2014,facility,134,1669,4
Buryat,2014,government,NA,NA,NA
Buryat,2014,healthcare,NA,NA,NA
Buryat,2014,nonprofit,NA,NA,NA
Buryat,2014,other,14,175,2
Buryat,2014,NA,NA,NA,NA
Buryat,2015,archive,NA,NA,NA
Buryat,2015,company,NA,NA,NA
Buryat,2015,education,208,686,4
Buryat,2015,facility,146,1286,4
Buryat,2015,government,NA,NA,NA
Buryat,2015,healthcare,NA,NA,NA
Buryat,2015,nonprofit,NA,NA,NA
Buryat,2015,other,16,188,2
Buryat,2015,NA,NA,NA,NA
Buryat,2016,archive,NA,NA,NA
Buryat,2016,company,NA,NA,NA
Buryat,2016,education,246,1143,4
Buryat,2016,facility,160,1306,4
Buryat,2016,government,NA,NA,NA
Buryat,2016,healthcare,NA,NA,NA
Buryat,2016,nonprofit,NA,NA,NA
Buryat,2016,other,28,465,2
Buryat,2016,NA,NA,NA,NA
Buryat,2017,archive,NA,NA,NA
Buryat,2017,company,NA,NA,NA
Buryat,2017,education,265,1142,4
Buryat,2017,facility,224,1800,4
Buryat,2017,government,NA,NA,NA
Buryat,2017,healthcare,NA,NA,NA
Buryat,2017,nonprofit,NA,NA,NA
Buryat,2017,other,40,389,2
Buryat,2017,NA,NA,NA,NA
Buryat,2018,archive,NA,NA,NA
Buryat,2018,company,NA,NA,NA
Buryat,2018,education,245,661,4
Buryat,2018,facility,302,2994,4
Buryat,2018,government,NA,NA,NA
Buryat,2018,healthcare,NA,NA,NA
Buryat,2018,nonprofit,NA,NA,NA
Buryat,2018,other,49,338,2
Buryat,2018,NA,NA,NA,NA
Buryat,2019,archive,2,0,1
Buryat,2019,company,NA,NA,NA
Buryat,2019,education,364,904,4
Buryat,2019,facility,432,2253,4
Buryat,2019,government,NA,NA,NA
Buryat,2019,healthcare,NA,NA,NA
Buryat,2019,nonprofit,NA,NA,NA
Buryat,2019,other,72,323,2
Buryat,2019,NA,NA,NA,NA
Buryat,2020,archive,6,40,1
Buryat,2020,company,NA,NA,NA
Buryat,2020,education,424,1106,4
Buryat,2020,facility,455,2038,4
Buryat,2020,government,NA,NA,NA
Buryat,2020,healthcare,NA,NA,NA
Buryat,2020,nonprofit,NA,NA,NA
Buryat,2020,other,60,473,2
Buryat,2020,NA,NA,NA,NA
Buryat,2021,archive,3,1,1
Buryat,2021,company,NA,NA,NA
Buryat,2021,education,416,852,4
Buryat,2021,facility,519,1560,4
Buryat,2021,government,NA,NA,NA
Buryat,2021,healthcare,NA,NA,NA
Buryat,2021,nonprofit,NA,NA,NA
Buryat,2021,other,49,538,2
Buryat,2021,NA,NA,NA,NA
Buryat,2022,archive,2,7,1
Buryat,2022,company,NA,NA,NA
Buryat,2022,education,453,551,4
Buryat,2022,facility,433,1183,4
Buryat,2022,government,NA,NA,NA
Buryat,2022,healthcare,NA,NA,NA
Buryat,2022,nonprofit,NA,NA,NA
Buryat,2022,other,80,475,2
Buryat,2022,NA,NA,NA,NA
Buryat,2023,archive,4,0,1
Buryat,2023,company,NA,NA,NA
Buryat,2023,education,329,427,4
Buryat,2023,facility,408,916,4
Buryat,2023,government,NA,NA,NA
Buryat,2023,healthcare,NA,NA,NA
Buryat,2023,nonprofit,NA,NA,NA
Buryat,2023,other,99,226,2
Buryat,2023,NA,NA,NA,NA
Buryat,2024,archive,5,0,1
Buryat,2024,company,NA,NA,NA
Buryat,2024,education,382,243,4
Buryat,2024,facility,352,416,4
Buryat,2024,government,NA,NA,NA
Buryat,2024,healthcare,NA,NA,NA
Buryat,2024,nonprofit,NA,NA,NA
Buryat,2024,other,72,117,2
Buryat,2024,NA,NA,NA,NA
Buryat,2025,archive,NA,NA,NA
Buryat,2025,company,NA,NA,NA
Buryat,2025,education,339,123,4
Buryat,2025,facility,288,151,4
Buryat,2025,government,NA,NA,NA
Buryat,2025,healthcare,NA,NA,NA
Buryat,2025,nonprofit,NA,NA,NA
Buryat,2025,other,56,36,2
Buryat,2025,NA,NA,NA,NA
Buryat,2026,archive,NA,NA,NA
Buryat,2026,company,NA,NA,NA
Buryat,2026,education,352,16,4
Buryat,2026,facility,199,24,4
Buryat,2026,government,NA,NA,NA
Buryat,2026,healthcare,NA,NA,NA
Buryat,2026,nonprofit,NA,NA,NA
Buryat,2026,other,31,5,2
Buryat,2026,NA,NA,NA,NA
Buryat,2027,archive,NA,NA,NA
Buryat,2027,company,NA,NA,NA
Buryat,2027,education,NA,NA,NA
Buryat,2027,facility,NA,NA,NA
Buryat,2027,government,NA,NA,NA
Buryat,2027,healthcare,NA,NA,NA
Buryat,2027,nonprofit,NA,NA,NA
Buryat,2027,other,NA,NA,NA
Buryat,2027,NA,NA,NA,NA
Buryat,2029,archive,NA,NA,NA
Buryat,2029,company,NA,NA,NA
Buryat,2029,education,NA,NA,NA
Buryat,2029,facility,NA,NA,NA
Buryat,2029,government,NA,NA,NA
Buryat,2029,healthcare,NA,NA,NA
Buryat,2029,nonprofit,NA,NA,NA
Buryat,2029,other,NA,NA,NA
Buryat,2029,NA,NA,NA,NA
Buryat,NA,archive,NA,NA,NA
Buryat,NA,company,NA,NA,NA
Buryat,NA,education,NA,NA,NA
Buryat,NA,facility,NA,NA,NA
Buryat,NA,government,NA,NA,NA
Buryat,NA,healthcare,NA,NA,NA
Buryat,NA,nonprofit,NA,NA,NA
Buryat,NA,other,NA,NA,NA
Buryat,NA,NA,NA,NA,NA
Chechnya,2010,archive,NA,NA,NA
Chechnya,2010,company,NA,NA,NA
Chechnya,2010,education,14,43,3
Chechnya,2010,facility,2,9,1
Chechnya,2010,government,NA,NA,NA
Chechnya,2010,healthcare,NA,NA,NA
Chechnya,2010,nonprofit,NA,NA,NA
Chechnya,2010,other,NA,NA,NA
Chechnya,2010,NA,NA,NA,NA
Chechnya,2011,archive,NA,NA,NA
Chechnya,2011,company,NA,NA,NA
Chechnya,2011,education,16,23,3
Chechnya,2011,facility,NA,NA,NA
Chechnya,2011,government,NA,NA,NA
Chechnya,2011,healthcare,NA,NA,NA
Chechnya,2011,nonprofit,NA,NA,NA
Chechnya,2011,other,NA,NA,NA
Chechnya,2011,NA,NA,NA,NA
Chechnya,2012,archive,NA,NA,NA
Chechnya,2012,company,NA,NA,NA
Chechnya,2012,education,20,47,2
Chechnya,2012,facility,2,11,1
Chechnya,2012,government,NA,NA,NA
Chechnya,2012,healthcare,NA,NA,NA
Chechnya,2012,nonprofit,NA,NA,NA
Chechnya,2012,other,NA,NA,NA
Chechnya,2012,NA,NA,NA,NA
Chechnya,2013,archive,NA,NA,NA
Chechnya,2013,company,NA,NA,NA
Chechnya,2013,education,27,26,3
Chechnya,2013,facility,2,9,1
Chechnya,2013,government,NA,NA,NA
Chechnya,2013,healthcare,NA,NA,NA
Chechnya,2013,nonprofit,NA,NA,NA
Chechnya,2013,other,NA,NA,NA
Chechnya,2013,NA,NA,NA,NA
Chechnya,2014,archive,NA,NA,NA
Chechnya,2014,company,NA,NA,NA
Chechnya,2014,education,79,190,3
Chechnya,2014,facility,2,5,1
Chechnya,2014,government,NA,NA,NA
Chechnya,2014,healthcare,NA,NA,NA
Chechnya,2014,nonprofit,NA,NA,NA
Chechnya,2014,other,NA,NA,NA
Chechnya,2014,NA,NA,NA,NA
Chechnya,2015,archive,NA,NA,NA
Chechnya,2015,company,NA,NA,NA
Chechnya,2015,education,103,255,3
Chechnya,2015,facility,9,42,1
Chechnya,2015,government,NA,NA,NA
Chechnya,2015,healthcare,NA,NA,NA
Chechnya,2015,nonprofit,NA,NA,NA
Chechnya,2015,other,NA,NA,NA
Chechnya,2015,NA,NA,NA,NA
Chechnya,2016,archive,NA,NA,NA
Chechnya,2016,company,NA,NA,NA
Chechnya,2016,education,166,332,3
Chechnya,2016,facility,8,58,1
Chechnya,2016,government,NA,NA,NA
Chechnya,2016,healthcare,NA,NA,NA
Chechnya,2016,nonprofit,NA,NA,NA
Chechnya,2016,other,NA,NA,NA
Chechnya,2016,NA,NA,NA,NA
Chechnya,2017,archive,NA,NA,NA
Chechnya,2017,company,NA,NA,NA
Chechnya,2017,education,109,156,3
Chechnya,2017,facility,13,52,1
Chechnya,2017,government,NA,NA,NA
Chechnya,2017,healthcare,NA,NA,NA
Chechnya,2017,nonprofit,NA,NA,NA
Chechnya,2017,other,NA,NA,NA
Chechnya,2017,NA,NA,NA,NA
Chechnya,2018,archive,NA,NA,NA
Chechnya,2018,company,NA,NA,NA
Chechnya,2018,education,258,370,3
Chechnya,2018,facility,58,645,1
Chechnya,2018,government,NA,NA,NA
Chechnya,2018,healthcare,NA,NA,NA
Chechnya,2018,nonprofit,NA,NA,NA
Chechnya,2018,other,NA,NA,NA
Chechnya,2018,NA,NA,NA,NA
Chechnya,2019,archive,NA,NA,NA
Chechnya,2019,company,NA,NA,NA
Chechnya,2019,education,488,807,3
Chechnya,2019,facility,64,193,1
Chechnya,2019,government,NA,NA,NA
Chechnya,2019,healthcare,NA,NA,NA
Chechnya,2019,nonprofit,NA,NA,NA
Chechnya,2019,other,NA,NA,NA
Chechnya,2019,NA,NA,NA,NA
Chechnya,2020,archive,NA,NA,NA
Chechnya,2020,company,NA,NA,NA
Chechnya,2020,education,1398,1830,3
Chechnya,2020,facility,162,158,1
Chechnya,2020,government,NA,NA,NA
Chechnya,2020,healthcare,NA,NA,NA
Chechnya,2020,nonprofit,NA,NA,NA
Chechnya,2020,other,NA,NA,NA
Chechnya,2020,NA,NA,NA,NA
Chechnya,2021,archive,NA,NA,NA
Chechnya,2021,company,NA,NA,NA
Chechnya,2021,education,1459,1643,3
Chechnya,2021,facility,164,166,1
Chechnya,2021,government,NA,NA,NA
Chechnya,2021,healthcare,NA,NA,NA
Chechnya,2021,nonprofit,NA,NA,NA
Chechnya,2021,other,NA,NA,NA
Chechnya,2021,NA,NA,NA,NA
Chechnya,2022,archive,NA,NA,NA
Chechnya,2022,company,NA,NA,NA
Chechnya,2022,education,1703,1113,3
Chechnya,2022,facility,180,170,1
Chechnya,2022,government,NA,NA,NA
Chechnya,2022,healthcare,NA,NA,NA
Chechnya,2022,nonprofit,NA,NA,NA
Chechnya,2022,other,NA,NA,NA
Chechnya,2022,NA,NA,NA,NA
Chechnya,2023,archive,NA,NA,NA
Chechnya,2023,company,NA,NA,NA
Chechnya,2023,education,1540,1314,3
Chechnya,2023,facility,175,270,1
Chechnya,2023,government,NA,NA,NA
Chechnya,2023,healthcare,NA,NA,NA
Chechnya,2023,nonprofit,NA,NA,NA
Chechnya,2023,other,NA,NA,NA
Chechnya,2023,NA,NA,NA,NA
Chechnya,2024,archive,NA,NA,NA
Chechnya,2024,company,NA,NA,NA
Chechnya,2024,education,875,482,3
Chechnya,2024,facility,145,274,1
Chechnya,2024,government,NA,NA,NA
Chechnya,2024,healthcare,NA,NA,NA
Chechnya,2024,nonprofit,NA,NA,NA
Chechnya,2024,other,NA,NA,NA
Chechnya,2024,NA,NA,NA,NA
Chechnya,2025,archive,NA,NA,NA
Chechnya,2025,company,NA,NA,NA
Chechnya,2025,education,603,150,3
Chechnya,2025,facility,171,56,1
Chechnya,2025,government,NA,NA,NA
Chechnya,2025,healthcare,NA,NA,NA
Chechnya,2025,nonprofit,NA,NA,NA
Chechnya,2025,other,NA,NA,NA
Chechnya,2025,NA,NA,NA,NA
Chechnya,2026,archive,NA,NA,NA
Chechnya,2026,company,NA,NA,NA
Chechnya,2026,education,1138,15,3
Chechnya,2026,facility,101,2,1
Chechnya,2026,government,NA,NA,NA
Chechnya,2026,healthcare,NA,NA,NA
Chechnya,2026,nonprofit,NA,NA,NA
Chechnya,2026,other,NA,NA,NA
Chechnya,2026,NA,NA,NA,NA
Chechnya,2027,archive,NA,NA,NA
Chechnya,2027,company,NA,NA,NA
Chechnya,2027,education,NA,NA,NA
Chechnya,2027,facility,NA,NA,NA
Chechnya,2027,government,NA,NA,NA
Chechnya,2027,healthcare,NA,NA,NA
Chechnya,2027,nonprofit,NA,NA,NA
Chechnya,2027,other,NA,NA,NA
Chechnya,2027,NA,NA,NA,NA
Chechnya,2029,archive,NA,NA,NA
Chechnya,2029,company,NA,NA,NA
Chechnya,2029,education,NA,NA,NA
Chechnya,2029,facility,NA,NA,NA
Chechnya,2029,government,NA,NA,NA
Chechnya,2029,healthcare,NA,NA,NA
Chechnya,2029,nonprofit,NA,NA,NA
Chechnya,2029,other,NA,NA,NA
Chechnya,2029,NA,NA,NA,NA
Chechnya,NA,archive,NA,NA,NA
Chechnya,NA,company,NA,NA,NA
Chechnya,NA,education,NA,NA,NA
Chechnya,NA,facility,NA,NA,NA
Chechnya,NA,government,NA,NA,NA
Chechnya,NA,healthcare,NA,NA,NA
Chechnya,NA,nonprofit,NA,NA,NA
Chechnya,NA,other,NA,NA,NA
Chechnya,NA,NA,NA,NA,NA
Chelyabinsk,2010,archive,NA,NA,NA
Chelyabinsk,2010,company,17,90,3
Chelyabinsk,2010,education,219,1620,9
Chelyabinsk,2010,facility,83,1425,3
Chelyabinsk,2010,government,14,162,1
Chelyabinsk,2010,healthcare,8,73,4
Chelyabinsk,2010,nonprofit,NA,NA,NA
Chelyabinsk,2010,other,NA,NA,NA
Chelyabinsk,2010,NA,NA,NA,NA
Chelyabinsk,2011,archive,NA,NA,NA
Chelyabinsk,2011,company,48,179,4
Chelyabinsk,2011,education,282,3349,8
Chelyabinsk,2011,facility,53,1003,2
Chelyabinsk,2011,government,13,244,1
Chelyabinsk,2011,healthcare,8,96,4
Chelyabinsk,2011,nonprofit,NA,NA,NA
Chelyabinsk,2011,other,NA,NA,NA
Chelyabinsk,2011,NA,NA,NA,NA
Chelyabinsk,2012,archive,NA,NA,NA
Chelyabinsk,2012,company,65,128,4
Chelyabinsk,2012,education,582,2117,11
Chelyabinsk,2012,facility,59,819,3
Chelyabinsk,2012,government,12,157,1
Chelyabinsk,2012,healthcare,13,124,3
Chelyabinsk,2012,nonprofit,NA,NA,NA
Chelyabinsk,2012,other,NA,NA,NA
Chelyabinsk,2012,NA,NA,NA,NA
Chelyabinsk,2013,archive,NA,NA,NA
Chelyabinsk,2013,company,26,133,4
Chelyabinsk,2013,education,793,4339,11
Chelyabinsk,2013,facility,68,747,2
Chelyabinsk,2013,government,16,268,1
Chelyabinsk,2013,healthcare,29,1210,3
Chelyabinsk,2013,nonprofit,NA,NA,NA
Chelyabinsk,2013,other,NA,NA,NA
Chelyabinsk,2013,NA,NA,NA,NA
Chelyabinsk,2014,archive,NA,NA,NA
Chelyabinsk,2014,company,35,201,5
Chelyabinsk,2014,education,1267,4567,10
Chelyabinsk,2014,facility,74,1404,2
Chelyabinsk,2014,government,15,139,1
Chelyabinsk,2014,healthcare,27,807,4
Chelyabinsk,2014,nonprofit,NA,NA,NA
Chelyabinsk,2014,other,NA,NA,NA
Chelyabinsk,2014,NA,NA,NA,NA
Chelyabinsk,2015,archive,NA,NA,NA
Chelyabinsk,2015,company,61,369,4
Chelyabinsk,2015,education,1816,10490,11
Chelyabinsk,2015,facility,112,1619,3
Chelyabinsk,2015,government,14,238,1
Chelyabinsk,2015,healthcare,47,182,4
Chelyabinsk,2015,nonprofit,NA,NA,NA
Chelyabinsk,2015,other,NA,NA,NA
Chelyabinsk,2015,NA,NA,NA,NA
Chelyabinsk,2016,archive,NA,NA,NA
Chelyabinsk,2016,company,61,309,5
Chelyabinsk,2016,education,2031,9939,10
Chelyabinsk,2016,facility,108,1384,3
Chelyabinsk,2016,government,15,572,1
Chelyabinsk,2016,healthcare,57,1130,4
Chelyabinsk,2016,nonprofit,NA,NA,NA
Chelyabinsk,2016,other,NA,NA,NA
Chelyabinsk,2016,NA,NA,NA,NA
Chelyabinsk,2017,archive,NA,NA,NA
Chelyabinsk,2017,company,58,296,5
Chelyabinsk,2017,education,2237,13409,10
Chelyabinsk,2017,facility,92,749,3
Chelyabinsk,2017,government,10,207,1
Chelyabinsk,2017,healthcare,49,220,4
Chelyabinsk,2017,nonprofit,NA,NA,NA
Chelyabinsk,2017,other,NA,NA,NA
Chelyabinsk,2017,NA,NA,NA,NA
Chelyabinsk,2018,archive,NA,NA,NA
Chelyabinsk,2018,company,47,244,5
Chelyabinsk,2018,education,2874,17183,11
Chelyabinsk,2018,facility,135,731,2
Chelyabinsk,2018,government,13,89,1
Chelyabinsk,2018,healthcare,47,96,3
Chelyabinsk,2018,nonprofit,NA,NA,NA
Chelyabinsk,2018,other,NA,NA,NA
Chelyabinsk,2018,NA,NA,NA,NA
Chelyabinsk,2019,archive,NA,NA,NA
Chelyabinsk,2019,company,62,237,5
Chelyabinsk,2019,education,3103,29205,11
Chelyabinsk,2019,facility,186,1616,2
Chelyabinsk,2019,government,15,201,1
Chelyabinsk,2019,healthcare,54,162,3
Chelyabinsk,2019,nonprofit,NA,NA,NA
Chelyabinsk,2019,other,NA,NA,NA
Chelyabinsk,2019,NA,NA,NA,NA
Chelyabinsk,2020,archive,NA,NA,NA
Chelyabinsk,2020,company,64,193,4
Chelyabinsk,2020,education,4213,46244,11
Chelyabinsk,2020,facility,196,1632,2
Chelyabinsk,2020,government,25,191,1
Chelyabinsk,2020,healthcare,46,230,3
Chelyabinsk,2020,nonprofit,NA,NA,NA
Chelyabinsk,2020,other,NA,NA,NA
Chelyabinsk,2020,NA,NA,NA,NA
Chelyabinsk,2021,archive,NA,NA,NA
Chelyabinsk,2021,company,64,143,4
Chelyabinsk,2021,education,4394,51753,11
Chelyabinsk,2021,facility,129,593,2
Chelyabinsk,2021,government,29,124,1
Chelyabinsk,2021,healthcare,98,361,3
Chelyabinsk,2021,nonprofit,NA,NA,NA
Chelyabinsk,2021,other,NA,NA,NA
Chelyabinsk,2021,NA,NA,NA,NA
Chelyabinsk,2022,archive,NA,NA,NA
Chelyabinsk,2022,company,53,52,5
Chelyabinsk,2022,education,3686,34656,12
Chelyabinsk,2022,facility,207,607,3
Chelyabinsk,2022,government,35,123,1
Chelyabinsk,2022,healthcare,71,447,3
Chelyabinsk,2022,nonprofit,NA,NA,NA
Chelyabinsk,2022,other,NA,NA,NA
Chelyabinsk,2022,NA,NA,NA,NA
Chelyabinsk,2023,archive,NA,NA,NA
Chelyabinsk,2023,company,58,155,4
Chelyabinsk,2023,education,3027,15486,11
Chelyabinsk,2023,facility,159,312,3
Chelyabinsk,2023,government,38,80,1
Chelyabinsk,2023,healthcare,110,548,3
Chelyabinsk,2023,nonprofit,NA,NA,NA
Chelyabinsk,2023,other,NA,NA,NA
Chelyabinsk,2023,NA,NA,NA,NA
Chelyabinsk,2024,archive,NA,NA,NA
Chelyabinsk,2024,company,30,48,5
Chelyabinsk,2024,education,3085,6629,11
Chelyabinsk,2024,facility,110,165,2
Chelyabinsk,2024,government,46,41,1
Chelyabinsk,2024,healthcare,95,773,3
Chelyabinsk,2024,nonprofit,NA,NA,NA
Chelyabinsk,2024,other,NA,NA,NA
Chelyabinsk,2024,NA,NA,NA,NA
Chelyabinsk,2025,archive,NA,NA,NA
Chelyabinsk,2025,company,14,5,3
Chelyabinsk,2025,education,2543,2008,11
Chelyabinsk,2025,facility,117,72,2
Chelyabinsk,2025,government,30,36,1
Chelyabinsk,2025,healthcare,81,65,3
Chelyabinsk,2025,nonprofit,NA,NA,NA
Chelyabinsk,2025,other,NA,NA,NA
Chelyabinsk,2025,NA,NA,NA,NA
Chelyabinsk,2026,archive,NA,NA,NA
Chelyabinsk,2026,company,11,0,5
Chelyabinsk,2026,education,1598,297,11
Chelyabinsk,2026,facility,54,4,2
Chelyabinsk,2026,government,5,0,1
Chelyabinsk,2026,healthcare,69,6,3
Chelyabinsk,2026,nonprofit,NA,NA,NA
Chelyabinsk,2026,other,NA,NA,NA
Chelyabinsk,2026,NA,NA,NA,NA
Chelyabinsk,2027,archive,NA,NA,NA
Chelyabinsk,2027,company,NA,NA,NA
Chelyabinsk,2027,education,NA,NA,NA
Chelyabinsk,2027,facility,NA,NA,NA
Chelyabinsk,2027,government,NA,NA,NA
Chelyabinsk,2027,healthcare,NA,NA,NA
Chelyabinsk,2027,nonprofit,NA,NA,NA
Chelyabinsk,2027,other,NA,NA,NA
Chelyabinsk,2027,NA,NA,NA,NA
Chelyabinsk,2029,archive,NA,NA,NA
Chelyabinsk,2029,company,NA,NA,NA
Chelyabinsk,2029,education,NA,NA,NA
Chelyabinsk,2029,facility,NA,NA,NA
Chelyabinsk,2029,government,NA,NA,NA
Chelyabinsk,2029,healthcare,NA,NA,NA
Chelyabinsk,2029,nonprofit,NA,NA,NA
Chelyabinsk,2029,other,NA,NA,NA
Chelyabinsk,2029,NA,NA,NA,NA
Chelyabinsk,NA,archive,NA,NA,NA
Chelyabinsk,NA,company,NA,NA,NA
Chelyabinsk,NA,education,NA,NA,NA
Chelyabinsk,NA,facility,NA,NA,NA
Chelyabinsk,NA,government,NA,NA,NA
Chelyabinsk,NA,healthcare,NA,NA,NA
Chelyabinsk,NA,nonprofit,NA,NA,NA
Chelyabinsk,NA,other,NA,NA,NA
Chelyabinsk,NA,NA,NA,NA,NA
Chukot,2010,archive,NA,NA,NA
Chukot,2010,company,NA,NA,NA
Chukot,2010,education,NA,NA,NA
Chukot,2010,facility,NA,NA,NA
Chukot,2010,government,NA,NA,NA
Chukot,2010,healthcare,NA,NA,NA
Chukot,2010,nonprofit,NA,NA,NA
Chukot,2010,other,NA,NA,NA
Chukot,2010,NA,NA,NA,NA
Chukot,2011,archive,NA,NA,NA
Chukot,2011,company,NA,NA,NA
Chukot,2011,education,NA,NA,NA
Chukot,2011,facility,NA,NA,NA
Chukot,2011,government,NA,NA,NA
Chukot,2011,healthcare,NA,NA,NA
Chukot,2011,nonprofit,NA,NA,NA
Chukot,2011,other,NA,NA,NA
Chukot,2011,NA,NA,NA,NA
Chukot,2012,archive,NA,NA,NA
Chukot,2012,company,NA,NA,NA
Chukot,2012,education,NA,NA,NA
Chukot,2012,facility,NA,NA,NA
Chukot,2012,government,NA,NA,NA
Chukot,2012,healthcare,NA,NA,NA
Chukot,2012,nonprofit,NA,NA,NA
Chukot,2012,other,NA,NA,NA
Chukot,2012,NA,NA,NA,NA
Chukot,2013,archive,NA,NA,NA
Chukot,2013,company,NA,NA,NA
Chukot,2013,education,NA,NA,NA
Chukot,2013,facility,NA,NA,NA
Chukot,2013,government,NA,NA,NA
Chukot,2013,healthcare,NA,NA,NA
Chukot,2013,nonprofit,NA,NA,NA
Chukot,2013,other,NA,NA,NA
Chukot,2013,NA,NA,NA,NA
Chukot,2014,archive,NA,NA,NA
Chukot,2014,company,NA,NA,NA
Chukot,2014,education,NA,NA,NA
Chukot,2014,facility,NA,NA,NA
Chukot,2014,government,NA,NA,NA
Chukot,2014,healthcare,NA,NA,NA
Chukot,2014,nonprofit,NA,NA,NA
Chukot,2014,other,NA,NA,NA
Chukot,2014,NA,NA,NA,NA
Chukot,2015,archive,NA,NA,NA
Chukot,2015,company,NA,NA,NA
Chukot,2015,education,NA,NA,NA
Chukot,2015,facility,NA,NA,NA
Chukot,2015,government,NA,NA,NA
Chukot,2015,healthcare,NA,NA,NA
Chukot,2015,nonprofit,NA,NA,NA
Chukot,2015,other,NA,NA,NA
Chukot,2015,NA,NA,NA,NA
Chukot,2016,archive,NA,NA,NA
Chukot,2016,company,NA,NA,NA
Chukot,2016,education,NA,NA,NA
Chukot,2016,facility,NA,NA,NA
Chukot,2016,government,NA,NA,NA
Chukot,2016,healthcare,NA,NA,NA
Chukot,2016,nonprofit,NA,NA,NA
Chukot,2016,other,NA,NA,NA
Chukot,2016,NA,NA,NA,NA
Chukot,2017,archive,NA,NA,NA
Chukot,2017,company,NA,NA,NA
Chukot,2017,education,NA,NA,NA
Chukot,2017,facility,NA,NA,NA
Chukot,2017,government,NA,NA,NA
Chukot,2017,healthcare,NA,NA,NA
Chukot,2017,nonprofit,NA,NA,NA
Chukot,2017,other,NA,NA,NA
Chukot,2017,NA,NA,NA,NA
Chukot,2018,archive,NA,NA,NA
Chukot,2018,company,NA,NA,NA
Chukot,2018,education,NA,NA,NA
Chukot,2018,facility,NA,NA,NA
Chukot,2018,government,NA,NA,NA
Chukot,2018,healthcare,NA,NA,NA
Chukot,2018,nonprofit,NA,NA,NA
Chukot,2018,other,NA,NA,NA
Chukot,2018,NA,NA,NA,NA
Chukot,2019,archive,NA,NA,NA
Chukot,2019,company,NA,NA,NA
Chukot,2019,education,NA,NA,NA
Chukot,2019,facility,NA,NA,NA
Chukot,2019,government,NA,NA,NA
Chukot,2019,healthcare,NA,NA,NA
Chukot,2019,nonprofit,NA,NA,NA
Chukot,2019,other,NA,NA,NA
Chukot,2019,NA,NA,NA,NA
Chukot,2020,archive,NA,NA,NA
Chukot,2020,company,NA,NA,NA
Chukot,2020,education,NA,NA,NA
Chukot,2020,facility,NA,NA,NA
Chukot,2020,government,NA,NA,NA
Chukot,2020,healthcare,NA,NA,NA
Chukot,2020,nonprofit,NA,NA,NA
Chukot,2020,other,NA,NA,NA
Chukot,2020,NA,NA,NA,NA
Chukot,2021,archive,NA,NA,NA
Chukot,2021,company,NA,NA,NA
Chukot,2021,education,NA,NA,NA
Chukot,2021,facility,NA,NA,NA
Chukot,2021,government,NA,NA,NA
Chukot,2021,healthcare,NA,NA,NA
Chukot,2021,nonprofit,NA,NA,NA
Chukot,2021,other,NA,NA,NA
Chukot,2021,NA,NA,NA,NA
Chukot,2022,archive,NA,NA,NA
Chukot,2022,company,NA,NA,NA
Chukot,2022,education,NA,NA,NA
Chukot,2022,facility,NA,NA,NA
Chukot,2022,government,NA,NA,NA
Chukot,2022,healthcare,NA,NA,NA
Chukot,2022,nonprofit,NA,NA,NA
Chukot,2022,other,NA,NA,NA
Chukot,2022,NA,NA,NA,NA
Chukot,2023,archive,NA,NA,NA
Chukot,2023,company,NA,NA,NA
Chukot,2023,education,NA,NA,NA
Chukot,2023,facility,NA,NA,NA
Chukot,2023,government,NA,NA,NA
Chukot,2023,healthcare,NA,NA,NA
Chukot,2023,nonprofit,NA,NA,NA
Chukot,2023,other,NA,NA,NA
Chukot,2023,NA,NA,NA,NA
Chukot,2024,archive,NA,NA,NA
Chukot,2024,company,NA,NA,NA
Chukot,2024,education,NA,NA,NA
Chukot,2024,facility,NA,NA,NA
Chukot,2024,government,NA,NA,NA
Chukot,2024,healthcare,NA,NA,NA
Chukot,2024,nonprofit,NA,NA,NA
Chukot,2024,other,NA,NA,NA
Chukot,2024,NA,NA,NA,NA
Chukot,2025,archive,NA,NA,NA
Chukot,2025,company,NA,NA,NA
Chukot,2025,education,NA,NA,NA
Chukot,2025,facility,NA,NA,NA
Chukot,2025,government,NA,NA,NA
Chukot,2025,healthcare,NA,NA,NA
Chukot,2025,nonprofit,NA,NA,NA
Chukot,2025,other,NA,NA,NA
Chukot,2025,NA,NA,NA,NA
Chukot,2026,archive,NA,NA,NA
Chukot,2026,company,NA,NA,NA
Chukot,2026,education,NA,NA,NA
Chukot,2026,facility,NA,NA,NA
Chukot,2026,government,NA,NA,NA
Chukot,2026,healthcare,NA,NA,NA
Chukot,2026,nonprofit,NA,NA,NA
Chukot,2026,other,NA,NA,NA
Chukot,2026,NA,NA,NA,NA
Chukot,2027,archive,NA,NA,NA
Chukot,2027,company,NA,NA,NA
Chukot,2027,education,NA,NA,NA
Chukot,2027,facility,NA,NA,NA
Chukot,2027,government,NA,NA,NA
Chukot,2027,healthcare,NA,NA,NA
Chukot,2027,nonprofit,NA,NA,NA
Chukot,2027,other,NA,NA,NA
Chukot,2027,NA,NA,NA,NA
Chukot,2029,archive,NA,NA,NA
Chukot,2029,company,NA,NA,NA
Chukot,2029,education,NA,NA,NA
Chukot,2029,facility,NA,NA,NA
Chukot,2029,government,NA,NA,NA
Chukot,2029,healthcare,NA,NA,NA
Chukot,2029,nonprofit,NA,NA,NA
Chukot,2029,other,NA,NA,NA
Chukot,2029,NA,NA,NA,NA
Chukot,NA,archive,NA,NA,NA
Chukot,NA,company,NA,NA,NA
Chukot,NA,education,NA,NA,NA
Chukot,NA,facility,NA,NA,NA
Chukot,NA,government,NA,NA,NA
Chukot,NA,healthcare,NA,NA,NA
Chukot,NA,nonprofit,NA,NA,NA
Chukot,NA,other,NA,NA,NA
Chukot,NA,NA,0,0,1
Chuvash,2010,archive,NA,NA,NA
Chuvash,2010,company,NA,NA,NA
Chuvash,2010,education,45,253,3
Chuvash,2010,facility,1,1,1
Chuvash,2010,government,NA,NA,NA
Chuvash,2010,healthcare,NA,NA,NA
Chuvash,2010,nonprofit,NA,NA,NA
Chuvash,2010,other,NA,NA,NA
Chuvash,2010,NA,NA,NA,NA
Chuvash,2011,archive,NA,NA,NA
Chuvash,2011,company,NA,NA,NA
Chuvash,2011,education,57,352,3
Chuvash,2011,facility,NA,NA,NA
Chuvash,2011,government,NA,NA,NA
Chuvash,2011,healthcare,NA,NA,NA
Chuvash,2011,nonprofit,NA,NA,NA
Chuvash,2011,other,NA,NA,NA
Chuvash,2011,NA,NA,NA,NA
Chuvash,2012,archive,NA,NA,NA
Chuvash,2012,company,NA,NA,NA
Chuvash,2012,education,69,207,3
Chuvash,2012,facility,1,0,1
Chuvash,2012,government,NA,NA,NA
Chuvash,2012,healthcare,NA,NA,NA
Chuvash,2012,nonprofit,NA,NA,NA
Chuvash,2012,other,NA,NA,NA
Chuvash,2012,NA,NA,NA,NA
Chuvash,2013,archive,NA,NA,NA
Chuvash,2013,company,NA,NA,NA
Chuvash,2013,education,69,213,3
Chuvash,2013,facility,NA,NA,NA
Chuvash,2013,government,NA,NA,NA
Chuvash,2013,healthcare,NA,NA,NA
Chuvash,2013,nonprofit,2,0,1
Chuvash,2013,other,NA,NA,NA
Chuvash,2013,NA,NA,NA,NA
Chuvash,2014,archive,NA,NA,NA
Chuvash,2014,company,NA,NA,NA
Chuvash,2014,education,98,518,3
Chuvash,2014,facility,2,1,1
Chuvash,2014,government,NA,NA,NA
Chuvash,2014,healthcare,NA,NA,NA
Chuvash,2014,nonprofit,NA,NA,NA
Chuvash,2014,other,NA,NA,NA
Chuvash,2014,NA,NA,NA,NA
Chuvash,2015,archive,NA,NA,NA
Chuvash,2015,company,NA,NA,NA
Chuvash,2015,education,174,678,3
Chuvash,2015,facility,1,9,1
Chuvash,2015,government,NA,NA,NA
Chuvash,2015,healthcare,NA,NA,NA
Chuvash,2015,nonprofit,2,10,1
Chuvash,2015,other,NA,NA,NA
Chuvash,2015,NA,NA,NA,NA
Chuvash,2016,archive,NA,NA,NA
Chuvash,2016,company,NA,NA,NA
Chuvash,2016,education,208,883,3
Chuvash,2016,facility,NA,NA,NA
Chuvash,2016,government,NA,NA,NA
Chuvash,2016,healthcare,NA,NA,NA
Chuvash,2016,nonprofit,3,13,1
Chuvash,2016,other,NA,NA,NA
Chuvash,2016,NA,NA,NA,NA
Chuvash,2017,archive,NA,NA,NA
Chuvash,2017,company,NA,NA,NA
Chuvash,2017,education,245,897,3
Chuvash,2017,facility,NA,NA,NA
Chuvash,2017,government,NA,NA,NA
Chuvash,2017,healthcare,NA,NA,NA
Chuvash,2017,nonprofit,1,0,1
Chuvash,2017,other,NA,NA,NA
Chuvash,2017,NA,NA,NA,NA
Chuvash,2018,archive,NA,NA,NA
Chuvash,2018,company,NA,NA,NA
Chuvash,2018,education,362,876,3
Chuvash,2018,facility,1,0,1
Chuvash,2018,government,NA,NA,NA
Chuvash,2018,healthcare,NA,NA,NA
Chuvash,2018,nonprofit,7,21,1
Chuvash,2018,other,NA,NA,NA
Chuvash,2018,NA,NA,NA,NA
Chuvash,2019,archive,NA,NA,NA
Chuvash,2019,company,NA,NA,NA
Chuvash,2019,education,576,1363,3
Chuvash,2019,facility,NA,NA,NA
Chuvash,2019,government,NA,NA,NA
Chuvash,2019,healthcare,NA,NA,NA
Chuvash,2019,nonprofit,6,19,1
Chuvash,2019,other,NA,NA,NA
Chuvash,2019,NA,NA,NA,NA
Chuvash,2020,archive,NA,NA,NA
Chuvash,2020,company,NA,NA,NA
Chuvash,2020,education,779,1710,3
Chuvash,2020,facility,1,2,1
Chuvash,2020,government,NA,NA,NA
Chuvash,2020,healthcare,NA,NA,NA
Chuvash,2020,nonprofit,16,50,1
Chuvash,2020,other,NA,NA,NA
Chuvash,2020,NA,NA,NA,NA
Chuvash,2021,archive,NA,NA,NA
Chuvash,2021,company,NA,NA,NA
Chuvash,2021,education,874,1494,3
Chuvash,2021,facility,1,1,1
Chuvash,2021,government,NA,NA,NA
Chuvash,2021,healthcare,NA,NA,NA
Chuvash,2021,nonprofit,22,438,1
Chuvash,2021,other,NA,NA,NA
Chuvash,2021,NA,NA,NA,NA
Chuvash,2022,archive,NA,NA,NA
Chuvash,2022,company,NA,NA,NA
Chuvash,2022,education,847,1015,3
Chuvash,2022,facility,NA,NA,NA
Chuvash,2022,government,NA,NA,NA
Chuvash,2022,healthcare,NA,NA,NA
Chuvash,2022,nonprofit,11,4,1
Chuvash,2022,other,NA,NA,NA
Chuvash,2022,NA,NA,NA,NA
Chuvash,2023,archive,NA,NA,NA
Chuvash,2023,company,NA,NA,NA
Chuvash,2023,education,808,837,3
Chuvash,2023,facility,2,0,1
Chuvash,2023,government,NA,NA,NA
Chuvash,2023,healthcare,NA,NA,NA
Chuvash,2023,nonprofit,4,3,1
Chuvash,2023,other,NA,NA,NA
Chuvash,2023,NA,NA,NA,NA
Chuvash,2024,archive,NA,NA,NA
Chuvash,2024,company,NA,NA,NA
Chuvash,2024,education,637,348,3
Chuvash,2024,facility,1,1,1
Chuvash,2024,government,NA,NA,NA
Chuvash,2024,healthcare,NA,NA,NA
Chuvash,2024,nonprofit,17,1,1
Chuvash,2024,other,NA,NA,NA
Chuvash,2024,NA,NA,NA,NA
Chuvash,2025,archive,NA,NA,NA
Chuvash,2025,company,NA,NA,NA
Chuvash,2025,education,684,227,3
Chuvash,2025,facility,NA,NA,NA
Chuvash,2025,government,NA,NA,NA
Chuvash,2025,healthcare,NA,NA,NA
Chuvash,2025,nonprofit,31,5,1
Chuvash,2025,other,NA,NA,NA
Chuvash,2025,NA,NA,NA,NA
Chuvash,2026,archive,NA,NA,NA
Chuvash,2026,company,NA,NA,NA
Chuvash,2026,education,559,15,3
Chuvash,2026,facility,NA,NA,NA
Chuvash,2026,government,NA,NA,NA
Chuvash,2026,healthcare,NA,NA,NA
Chuvash,2026,nonprofit,19,0,1
Chuvash,2026,other,NA,NA,NA
Chuvash,2026,NA,NA,NA,NA
Chuvash,2027,archive,NA,NA,NA
Chuvash,2027,company,NA,NA,NA
Chuvash,2027,education,NA,NA,NA
Chuvash,2027,facility,NA,NA,NA
Chuvash,2027,government,NA,NA,NA
Chuvash,2027,healthcare,NA,NA,NA
Chuvash,2027,nonprofit,NA,NA,NA
Chuvash,2027,other,NA,NA,NA
Chuvash,2027,NA,NA,NA,NA
Chuvash,2029,archive,NA,NA,NA
Chuvash,2029,company,NA,NA,NA
Chuvash,2029,education,NA,NA,NA
Chuvash,2029,facility,NA,NA,NA
Chuvash,2029,government,NA,NA,NA
Chuvash,2029,healthcare,NA,NA,NA
Chuvash,2029,nonprofit,NA,NA,NA
Chuvash,2029,other,NA,NA,NA
Chuvash,2029,NA,NA,NA,NA
Chuvash,NA,archive,NA,NA,NA
Chuvash,NA,company,NA,NA,NA
Chuvash,NA,education,NA,NA,NA
Chuvash,NA,facility,NA,NA,NA
Chuvash,NA,government,NA,NA,NA
Chuvash,NA,healthcare,NA,NA,NA
Chuvash,NA,nonprofit,NA,NA,NA
Chuvash,NA,other,NA,NA,NA
Chuvash,NA,NA,NA,NA,NA
City of St. Petersburg,2010,archive,330,7663,5
City of St. Petersburg,2010,company,29,214,8
City of St. Petersburg,2010,education,3413,49725,54
City of St. Petersburg,2010,facility,3263,51714,67
City of St. Petersburg,2010,government,24,39,3
City of St. Petersburg,2010,healthcare,81,6783,14
City of St. Petersburg,2010,nonprofit,30,606,3
City of St. Petersburg,2010,other,7,51,2
City of St. Petersburg,2010,NA,NA,NA,NA
City of St. Petersburg,2011,archive,356,6554,5
City of St. Petersburg,2011,company,46,528,9
City of St. Petersburg,2011,education,4017,52867,55
City of St. Petersburg,2011,facility,3323,59034,64
City of St. Petersburg,2011,government,17,44,3
City of St. Petersburg,2011,healthcare,127,15314,13
City of St. Petersburg,2011,nonprofit,53,717,3
City of St. Petersburg,2011,other,9,40,2
City of St. Petersburg,2011,NA,NA,NA,NA
City of St. Petersburg,2012,archive,379,6838,4
City of St. Petersburg,2012,company,32,286,7
City of St. Petersburg,2012,education,4404,91856,57
City of St. Petersburg,2012,facility,3514,52720,66
City of St. Petersburg,2012,government,21,79,3
City of St. Petersburg,2012,healthcare,107,6395,14
City of St. Petersburg,2012,nonprofit,38,1495,4
City of St. Petersburg,2012,other,7,32,2
City of St. Petersburg,2012,NA,NA,NA,NA
City of St. Petersburg,2013,archive,410,6913,4
City of St. Petersburg,2013,company,49,649,8
City of St. Petersburg,2013,education,5553,92722,56
City of St. Petersburg,2013,facility,3843,64028,67
City of St. Petersburg,2013,government,23,126,3
City of St. Petersburg,2013,healthcare,159,13457,14
City of St. Petersburg,2013,nonprofit,22,575,4
City of St. Petersburg,2013,other,10,9,2
City of St. Petersburg,2013,NA,NA,NA,NA
City of St. Petersburg,2014,archive,477,5853,5
City of St. Petersburg,2014,company,69,1427,10
City of St. Petersburg,2014,education,8511,113184,63
City of St. Petersburg,2014,facility,5037,58826,67
City of St. Petersburg,2014,government,39,32,3
City of St. Petersburg,2014,healthcare,288,17008,16
City of St. Petersburg,2014,nonprofit,122,1185,4
City of St. Petersburg,2014,other,10,37,2
City of St. Petersburg,2014,NA,NA,NA,NA
City of St. Petersburg,2015,archive,647,13712,5
City of St. Petersburg,2015,company,56,612,10
City of St. Petersburg,2015,education,11977,138463,68
City of St. Petersburg,2015,facility,5626,71512,71
City of St. Petersburg,2015,government,39,139,3
City of St. Petersburg,2015,healthcare,359,8819,18
City of St. Petersburg,2015,nonprofit,56,1079,4
City of St. Petersburg,2015,other,4,5,2
City of St. Petersburg,2015,NA,NA,NA,NA
City of St. Petersburg,2016,archive,661,7173,5
City of St. Petersburg,2016,company,73,474,8
City of St. Petersburg,2016,education,14942,161560,67
City of St. Petersburg,2016,facility,6138,79525,72
City of St. Petersburg,2016,government,35,166,3
City of St. Petersburg,2016,healthcare,462,6099,16
City of St. Petersburg,2016,nonprofit,82,1041,5
City of St. Petersburg,2016,other,12,17,2
City of St. Petersburg,2016,NA,NA,NA,NA
City of St. Petersburg,2017,archive,550,5468,5
City of St. Petersburg,2017,company,99,523,8
City of St. Petersburg,2017,education,17647,185727,66
City of St. Petersburg,2017,facility,7046,74494,71
City of St. Petersburg,2017,government,59,373,3
City of St. Petersburg,2017,healthcare,586,7212,15
City of St. Petersburg,2017,nonprofit,94,1431,5
City of St. Petersburg,2017,other,14,10,1
City of St. Petersburg,2017,NA,NA,NA,NA
City of St. Petersburg,2018,archive,1284,9543,5
City of St. Petersburg,2018,company,104,819,13
City of St. Petersburg,2018,education,19506,183268,66
City of St. Petersburg,2018,facility,8141,88345,70
City of St. Petersburg,2018,government,61,428,3
City of St. Petersburg,2018,healthcare,585,7725,19
City of St. Petersburg,2018,nonprofit,207,1192,4
City of St. Petersburg,2018,other,18,117,2
City of St. Petersburg,2018,NA,NA,NA,NA
City of St. Petersburg,2019,archive,1085,7310,5
City of St. Petersburg,2019,company,109,783,12
City of St. Petersburg,2019,education,23177,193333,69
City of St. Petersburg,2019,facility,9146,81112,73
City of St. Petersburg,2019,government,67,222,3
City of St. Petersburg,2019,healthcare,713,10474,17
City of St. Petersburg,2019,nonprofit,159,1936,5
City of St. Petersburg,2019,other,22,90,2
City of St. Petersburg,2019,NA,NA,NA,NA
City of St. Petersburg,2020,archive,1294,5659,5
City of St. Petersburg,2020,company,108,1095,10
City of St. Petersburg,2020,education,27022,191567,67
City of St. Petersburg,2020,facility,9909,82117,73
City of St. Petersburg,2020,government,86,264,3
City of St. Petersburg,2020,healthcare,814,16739,16
City of St. Petersburg,2020,nonprofit,236,3597,4
City of St. Petersburg,2020,other,14,68,2
City of St. Petersburg,2020,NA,NA,NA,NA
City of St. Petersburg,2021,archive,1847,6505,5
City of St. Petersburg,2021,company,161,1081,11
City of St. Petersburg,2021,education,26993,158481,68
City of St. Petersburg,2021,facility,9812,80348,73
City of St. Petersburg,2021,government,100,204,3
City of St. Petersburg,2021,healthcare,861,9457,19
City of St. Petersburg,2021,nonprofit,220,1666,5
City of St. Petersburg,2021,other,13,68,2
City of St. Petersburg,2021,NA,NA,NA,NA
City of St. Petersburg,2022,archive,2160,4826,5
City of St. Petersburg,2022,company,70,381,12
City of St. Petersburg,2022,education,25803,124599,67
City of St. Petersburg,2022,facility,9507,54283,68
City of St. Petersburg,2022,government,96,411,3
City of St. Petersburg,2022,healthcare,796,5496,19
City of St. Petersburg,2022,nonprofit,235,1655,4
City of St. Petersburg,2022,other,11,9,2
City of St. Petersburg,2022,NA,NA,NA,NA
City of St. Petersburg,2023,archive,1508,2984,5
City of St. Petersburg,2023,company,97,468,11
City of St. Petersburg,2023,education,24825,78256,63
City of St. Petersburg,2023,facility,9578,35388,73
City of St. Petersburg,2023,government,83,104,3
City of St. Petersburg,2023,healthcare,825,4423,17
City of St. Petersburg,2023,nonprofit,230,1268,4
City of St. Petersburg,2023,other,9,10,2
City of St. Petersburg,2023,NA,NA,NA,NA
City of St. Petersburg,2024,archive,2713,2045,5
City of St. Petersburg,2024,company,115,200,9
City of St. Petersburg,2024,education,22849,44307,66
City of St. Petersburg,2024,facility,9134,17470,73
City of St. Petersburg,2024,government,91,54,3
City of St. Petersburg,2024,healthcare,717,1292,18
City of St. Petersburg,2024,nonprofit,236,779,4
City of St. Petersburg,2024,other,4,6,1
City of St. Petersburg,2024,NA,NA,NA,NA
City of St. Petersburg,2025,archive,1846,651,5
City of St. Petersburg,2025,company,135,110,9
City of St. Petersburg,2025,education,21404,22836,64
City of St. Petersburg,2025,facility,7293,7442,71
City of St. Petersburg,2025,government,188,26,3
City of St. Petersburg,2025,healthcare,720,740,18
City of St. Petersburg,2025,nonprofit,226,275,4
City of St. Petersburg,2025,other,4,0,2
City of St. Petersburg,2025,NA,NA,NA,NA
City of St. Petersburg,2026,archive,1365,68,5
City of St. Petersburg,2026,company,80,5,10
City of St. Petersburg,2026,education,17181,10278,64
City of St. Petersburg,2026,facility,5268,799,67
City of St. Petersburg,2026,government,85,1,3
City of St. Petersburg,2026,healthcare,521,73,16
City of St. Petersburg,2026,nonprofit,162,39,4
City of St. Petersburg,2026,other,4,1,1
City of St. Petersburg,2026,NA,NA,NA,NA
City of St. Petersburg,2027,archive,NA,NA,NA
City of St. Petersburg,2027,company,NA,NA,NA
City of St. Petersburg,2027,education,NA,NA,NA
City of St. Petersburg,2027,facility,NA,NA,NA
City of St. Petersburg,2027,government,NA,NA,NA
City of St. Petersburg,2027,healthcare,NA,NA,NA
City of St. Petersburg,2027,nonprofit,NA,NA,NA
City of St. Petersburg,2027,other,NA,NA,NA
City of St. Petersburg,2027,NA,NA,NA,NA
City of St. Petersburg,2029,archive,NA,NA,NA
City of St. Petersburg,2029,company,NA,NA,NA
City of St. Petersburg,2029,education,NA,NA,NA
City of St. Petersburg,2029,facility,2,0,1
City of St. Petersburg,2029,government,NA,NA,NA
City of St. Petersburg,2029,healthcare,NA,NA,NA
City of St. Petersburg,2029,nonprofit,NA,NA,NA
City of St. Petersburg,2029,other,NA,NA,NA
City of St. Petersburg,2029,NA,NA,NA,NA
City of St. Petersburg,NA,archive,NA,NA,NA
City of St. Petersburg,NA,company,NA,NA,NA
City of St. Petersburg,NA,education,NA,NA,NA
City of St. Petersburg,NA,facility,NA,NA,NA
City of St. Petersburg,NA,government,NA,NA,NA
City of St. Petersburg,NA,healthcare,NA,NA,NA
City of St. Petersburg,NA,nonprofit,NA,NA,NA
City of St. Petersburg,NA,other,NA,NA,NA
City of St. Petersburg,NA,NA,NA,NA,NA
Dagestan,2010,archive,NA,NA,NA
Dagestan,2010,company,NA,NA,NA
Dagestan,2010,education,56,156,4
Dagestan,2010,facility,120,864,3
Dagestan,2010,government,NA,NA,NA
Dagestan,2010,healthcare,15,12,2
Dagestan,2010,nonprofit,NA,NA,NA
Dagestan,2010,other,NA,NA,NA
Dagestan,2010,NA,NA,NA,NA
Dagestan,2011,archive,NA,NA,NA
Dagestan,2011,company,NA,NA,NA
Dagestan,2011,education,88,267,5
Dagestan,2011,facility,125,1221,3
Dagestan,2011,government,NA,NA,NA
Dagestan,2011,healthcare,6,2,1
Dagestan,2011,nonprofit,NA,NA,NA
Dagestan,2011,other,NA,NA,NA
Dagestan,2011,NA,NA,NA,NA
Dagestan,2012,archive,NA,NA,NA
Dagestan,2012,company,NA,NA,NA
Dagestan,2012,education,160,953,6
Dagestan,2012,facility,123,983,4
Dagestan,2012,government,NA,NA,NA
Dagestan,2012,healthcare,5,1,1
Dagestan,2012,nonprofit,NA,NA,NA
Dagestan,2012,other,NA,NA,NA
Dagestan,2012,NA,NA,NA,NA
Dagestan,2013,archive,NA,NA,NA
Dagestan,2013,company,NA,NA,NA
Dagestan,2013,education,378,1375,5
Dagestan,2013,facility,144,1211,4
Dagestan,2013,government,NA,NA,NA
Dagestan,2013,healthcare,8,4,1
Dagestan,2013,nonprofit,NA,NA,NA
Dagestan,2013,other,NA,NA,NA
Dagestan,2013,NA,NA,NA,NA
Dagestan,2014,archive,NA,NA,NA
Dagestan,2014,company,NA,NA,NA
Dagestan,2014,education,618,1996,6
Dagestan,2014,facility,164,1134,4
Dagestan,2014,government,NA,NA,NA
Dagestan,2014,healthcare,20,14,2
Dagestan,2014,nonprofit,NA,NA,NA
Dagestan,2014,other,NA,NA,NA
Dagestan,2014,NA,NA,NA,NA
Dagestan,2015,archive,NA,NA,NA
Dagestan,2015,company,NA,NA,NA
Dagestan,2015,education,892,2705,5
Dagestan,2015,facility,180,1127,4
Dagestan,2015,government,NA,NA,NA
Dagestan,2015,healthcare,48,28,2
Dagestan,2015,nonprofit,NA,NA,NA
Dagestan,2015,other,NA,NA,NA
Dagestan,2015,NA,NA,NA,NA
Dagestan,2016,archive,NA,NA,NA
Dagestan,2016,company,NA,NA,NA
Dagestan,2016,education,968,3147,5
Dagestan,2016,facility,237,1590,4
Dagestan,2016,government,NA,NA,NA
Dagestan,2016,healthcare,36,158,1
Dagestan,2016,nonprofit,NA,NA,NA
Dagestan,2016,other,NA,NA,NA
Dagestan,2016,NA,NA,NA,NA
Dagestan,2017,archive,NA,NA,NA
Dagestan,2017,company,NA,NA,NA
Dagestan,2017,education,1014,3869,5
Dagestan,2017,facility,320,1174,4
Dagestan,2017,government,NA,NA,NA
Dagestan,2017,healthcare,47,155,2
Dagestan,2017,nonprofit,NA,NA,NA
Dagestan,2017,other,NA,NA,NA
Dagestan,2017,NA,NA,NA,NA
Dagestan,2018,archive,NA,NA,NA
Dagestan,2018,company,NA,NA,NA
Dagestan,2018,education,1188,3787,5
Dagestan,2018,facility,441,1995,4
Dagestan,2018,government,NA,NA,NA
Dagestan,2018,healthcare,117,91,2
Dagestan,2018,nonprofit,NA,NA,NA
Dagestan,2018,other,NA,NA,NA
Dagestan,2018,NA,NA,NA,NA
Dagestan,2019,archive,NA,NA,NA
Dagestan,2019,company,NA,NA,NA
Dagestan,2019,education,1285,4571,5
Dagestan,2019,facility,418,2287,3
Dagestan,2019,government,NA,NA,NA
Dagestan,2019,healthcare,140,130,2
Dagestan,2019,nonprofit,NA,NA,NA
Dagestan,2019,other,NA,NA,NA
Dagestan,2019,NA,NA,NA,NA
Dagestan,2020,archive,NA,NA,NA
Dagestan,2020,company,NA,NA,NA
Dagestan,2020,education,2043,4117,5
Dagestan,2020,facility,369,1363,2
Dagestan,2020,government,NA,NA,NA
Dagestan,2020,healthcare,127,295,2
Dagestan,2020,nonprofit,NA,NA,NA
Dagestan,2020,other,NA,NA,NA
Dagestan,2020,NA,NA,NA,NA
Dagestan,2021,archive,NA,NA,NA
Dagestan,2021,company,NA,NA,NA
Dagestan,2021,education,1987,4961,5
Dagestan,2021,facility,384,1065,2
Dagestan,2021,government,NA,NA,NA
Dagestan,2021,healthcare,116,225,1
Dagestan,2021,nonprofit,NA,NA,NA
Dagestan,2021,other,NA,NA,NA
Dagestan,2021,NA,NA,NA,NA
Dagestan,2022,archive,NA,NA,NA
Dagestan,2022,company,NA,NA,NA
Dagestan,2022,education,1914,4409,5
Dagestan,2022,facility,388,1466,2
Dagestan,2022,government,NA,NA,NA
Dagestan,2022,healthcare,111,194,2
Dagestan,2022,nonprofit,NA,NA,NA
Dagestan,2022,other,NA,NA,NA
Dagestan,2022,NA,NA,NA,NA
Dagestan,2023,archive,NA,NA,NA
Dagestan,2023,company,NA,NA,NA
Dagestan,2023,education,1529,3715,6
Dagestan,2023,facility,314,943,2
Dagestan,2023,government,NA,NA,NA
Dagestan,2023,healthcare,158,421,2
Dagestan,2023,nonprofit,NA,NA,NA
Dagestan,2023,other,NA,NA,NA
Dagestan,2023,NA,NA,NA,NA
Dagestan,2024,archive,NA,NA,NA
Dagestan,2024,company,NA,NA,NA
Dagestan,2024,education,1393,1598,5
Dagestan,2024,facility,333,359,2
Dagestan,2024,government,NA,NA,NA
Dagestan,2024,healthcare,190,174,2
Dagestan,2024,nonprofit,NA,NA,NA
Dagestan,2024,other,NA,NA,NA
Dagestan,2024,NA,NA,NA,NA
Dagestan,2025,archive,NA,NA,NA
Dagestan,2025,company,NA,NA,NA
Dagestan,2025,education,1387,918,5
Dagestan,2025,facility,276,373,2
Dagestan,2025,government,NA,NA,NA
Dagestan,2025,healthcare,211,65,2
Dagestan,2025,nonprofit,NA,NA,NA
Dagestan,2025,other,NA,NA,NA
Dagestan,2025,NA,NA,NA,NA
Dagestan,2026,archive,NA,NA,NA
Dagestan,2026,company,NA,NA,NA
Dagestan,2026,education,1053,72,5
Dagestan,2026,facility,159,13,2
Dagestan,2026,government,NA,NA,NA
Dagestan,2026,healthcare,184,7,2
Dagestan,2026,nonprofit,NA,NA,NA
Dagestan,2026,other,NA,NA,NA
Dagestan,2026,NA,NA,NA,NA
Dagestan,2027,archive,NA,NA,NA
Dagestan,2027,company,NA,NA,NA
Dagestan,2027,education,NA,NA,NA
Dagestan,2027,facility,NA,NA,NA
Dagestan,2027,government,NA,NA,NA
Dagestan,2027,healthcare,NA,NA,NA
Dagestan,2027,nonprofit,NA,NA,NA
Dagestan,2027,other,NA,NA,NA
Dagestan,2027,NA,NA,NA,NA
Dagestan,2029,archive,NA,NA,NA
Dagestan,2029,company,NA,NA,NA
Dagestan,2029,education,NA,NA,NA
Dagestan,2029,facility,NA,NA,NA
Dagestan,2029,government,NA,NA,NA
Dagestan,2029,healthcare,NA,NA,NA
Dagestan,2029,nonprofit,NA,NA,NA
Dagestan,2029,other,NA,NA,NA
Dagestan,2029,NA,NA,NA,NA
Dagestan,NA,archive,NA,NA,NA
Dagestan,NA,company,NA,NA,NA
Dagestan,NA,education,NA,NA,NA
Dagestan,NA,facility,NA,NA,NA
Dagestan,NA,government,NA,NA,NA
Dagestan,NA,healthcare,NA,NA,NA
Dagestan,NA,nonprofit,NA,NA,NA
Dagestan,NA,other,NA,NA,NA
Dagestan,NA,NA,NA,NA,NA
Gorno-Altay,2010,archive,NA,NA,NA
Gorno-Altay,2010,company,NA,NA,NA
Gorno-Altay,2010,education,8,8,1
Gorno-Altay,2010,facility,NA,NA,NA
Gorno-Altay,2010,government,NA,NA,NA
Gorno-Altay,2010,healthcare,NA,NA,NA
Gorno-Altay,2010,nonprofit,NA,NA,NA
Gorno-Altay,2010,other,NA,NA,NA
Gorno-Altay,2010,NA,NA,NA,NA
Gorno-Altay,2011,archive,NA,NA,NA
Gorno-Altay,2011,company,NA,NA,NA
Gorno-Altay,2011,education,9,46,1
Gorno-Altay,2011,facility,NA,NA,NA
Gorno-Altay,2011,government,NA,NA,NA
Gorno-Altay,2011,healthcare,NA,NA,NA
Gorno-Altay,2011,nonprofit,NA,NA,NA
Gorno-Altay,2011,other,1,4,1
Gorno-Altay,2011,NA,NA,NA,NA
Gorno-Altay,2012,archive,NA,NA,NA
Gorno-Altay,2012,company,NA,NA,NA
Gorno-Altay,2012,education,16,270,1
Gorno-Altay,2012,facility,NA,NA,NA
Gorno-Altay,2012,government,NA,NA,NA
Gorno-Altay,2012,healthcare,NA,NA,NA
Gorno-Altay,2012,nonprofit,NA,NA,NA
Gorno-Altay,2012,other,NA,NA,NA
Gorno-Altay,2012,NA,NA,NA,NA
Gorno-Altay,2013,archive,NA,NA,NA
Gorno-Altay,2013,company,NA,NA,NA
Gorno-Altay,2013,education,12,82,1
Gorno-Altay,2013,facility,NA,NA,NA
Gorno-Altay,2013,government,NA,NA,NA
Gorno-Altay,2013,healthcare,NA,NA,NA
Gorno-Altay,2013,nonprofit,NA,NA,NA
Gorno-Altay,2013,other,2,58,1
Gorno-Altay,2013,NA,NA,NA,NA
Gorno-Altay,2014,archive,NA,NA,NA
Gorno-Altay,2014,company,NA,NA,NA
Gorno-Altay,2014,education,23,27,1
Gorno-Altay,2014,facility,NA,NA,NA
Gorno-Altay,2014,government,NA,NA,NA
Gorno-Altay,2014,healthcare,NA,NA,NA
Gorno-Altay,2014,nonprofit,NA,NA,NA
Gorno-Altay,2014,other,1,3,1
Gorno-Altay,2014,NA,NA,NA,NA
Gorno-Altay,2015,archive,NA,NA,NA
Gorno-Altay,2015,company,NA,NA,NA
Gorno-Altay,2015,education,18,1707,1
Gorno-Altay,2015,facility,NA,NA,NA
Gorno-Altay,2015,government,NA,NA,NA
Gorno-Altay,2015,healthcare,NA,NA,NA
Gorno-Altay,2015,nonprofit,NA,NA,NA
Gorno-Altay,2015,other,3,3,1
Gorno-Altay,2015,NA,NA,NA,NA
Gorno-Altay,2016,archive,NA,NA,NA
Gorno-Altay,2016,company,NA,NA,NA
Gorno-Altay,2016,education,23,37,1
Gorno-Altay,2016,facility,NA,NA,NA
Gorno-Altay,2016,government,NA,NA,NA
Gorno-Altay,2016,healthcare,NA,NA,NA
Gorno-Altay,2016,nonprofit,NA,NA,NA
Gorno-Altay,2016,other,3,14,1
Gorno-Altay,2016,NA,NA,NA,NA
Gorno-Altay,2017,archive,NA,NA,NA
Gorno-Altay,2017,company,NA,NA,NA
Gorno-Altay,2017,education,35,75,1
Gorno-Altay,2017,facility,NA,NA,NA
Gorno-Altay,2017,government,NA,NA,NA
Gorno-Altay,2017,healthcare,NA,NA,NA
Gorno-Altay,2017,nonprofit,NA,NA,NA
Gorno-Altay,2017,other,1,15,1
Gorno-Altay,2017,NA,NA,NA,NA
Gorno-Altay,2018,archive,NA,NA,NA
Gorno-Altay,2018,company,NA,NA,NA
Gorno-Altay,2018,education,56,123,1
Gorno-Altay,2018,facility,NA,NA,NA
Gorno-Altay,2018,government,NA,NA,NA
Gorno-Altay,2018,healthcare,NA,NA,NA
Gorno-Altay,2018,nonprofit,NA,NA,NA
Gorno-Altay,2018,other,6,89,1
Gorno-Altay,2018,NA,NA,NA,NA
Gorno-Altay,2019,archive,NA,NA,NA
Gorno-Altay,2019,company,NA,NA,NA
Gorno-Altay,2019,education,74,288,1
Gorno-Altay,2019,facility,NA,NA,NA
Gorno-Altay,2019,government,NA,NA,NA
Gorno-Altay,2019,healthcare,NA,NA,NA
Gorno-Altay,2019,nonprofit,NA,NA,NA
Gorno-Altay,2019,other,3,10,1
Gorno-Altay,2019,NA,NA,NA,NA
Gorno-Altay,2020,archive,NA,NA,NA
Gorno-Altay,2020,company,NA,NA,NA
Gorno-Altay,2020,education,71,166,1
Gorno-Altay,2020,facility,NA,NA,NA
Gorno-Altay,2020,government,NA,NA,NA
Gorno-Altay,2020,healthcare,NA,NA,NA
Gorno-Altay,2020,nonprofit,NA,NA,NA
Gorno-Altay,2020,other,5,123,1
Gorno-Altay,2020,NA,NA,NA,NA
Gorno-Altay,2021,archive,NA,NA,NA
Gorno-Altay,2021,company,NA,NA,NA
Gorno-Altay,2021,education,78,136,1
Gorno-Altay,2021,facility,NA,NA,NA
Gorno-Altay,2021,government,NA,NA,NA
Gorno-Altay,2021,healthcare,NA,NA,NA
Gorno-Altay,2021,nonprofit,NA,NA,NA
Gorno-Altay,2021,other,9,129,1
Gorno-Altay,2021,NA,NA,NA,NA
Gorno-Altay,2022,archive,NA,NA,NA
Gorno-Altay,2022,company,NA,NA,NA
Gorno-Altay,2022,education,98,82,1
Gorno-Altay,2022,facility,NA,NA,NA
Gorno-Altay,2022,government,NA,NA,NA
Gorno-Altay,2022,healthcare,NA,NA,NA
Gorno-Altay,2022,nonprofit,NA,NA,NA
Gorno-Altay,2022,other,18,51,1
Gorno-Altay,2022,NA,NA,NA,NA
Gorno-Altay,2023,archive,NA,NA,NA
Gorno-Altay,2023,company,NA,NA,NA
Gorno-Altay,2023,education,56,58,1
Gorno-Altay,2023,facility,NA,NA,NA
Gorno-Altay,2023,government,NA,NA,NA
Gorno-Altay,2023,healthcare,NA,NA,NA
Gorno-Altay,2023,nonprofit,NA,NA,NA
Gorno-Altay,2023,other,9,6,1
Gorno-Altay,2023,NA,NA,NA,NA
Gorno-Altay,2024,archive,NA,NA,NA
Gorno-Altay,2024,company,NA,NA,NA
Gorno-Altay,2024,education,53,53,1
Gorno-Altay,2024,facility,NA,NA,NA
Gorno-Altay,2024,government,NA,NA,NA
Gorno-Altay,2024,healthcare,NA,NA,NA
Gorno-Altay,2024,nonprofit,NA,NA,NA
Gorno-Altay,2024,other,7,1,1
Gorno-Altay,2024,NA,NA,NA,NA
Gorno-Altay,2025,archive,NA,NA,NA
Gorno-Altay,2025,company,NA,NA,NA
Gorno-Altay,2025,education,62,8,1
Gorno-Altay,2025,facility,NA,NA,NA
Gorno-Altay,2025,government,NA,NA,NA
Gorno-Altay,2025,healthcare,NA,NA,NA
Gorno-Altay,2025,nonprofit,NA,NA,NA
Gorno-Altay,2025,other,3,1,1
Gorno-Altay,2025,NA,NA,NA,NA
Gorno-Altay,2026,archive,NA,NA,NA
Gorno-Altay,2026,company,NA,NA,NA
Gorno-Altay,2026,education,25,2,1
Gorno-Altay,2026,facility,NA,NA,NA
Gorno-Altay,2026,government,NA,NA,NA
Gorno-Altay,2026,healthcare,NA,NA,NA
Gorno-Altay,2026,nonprofit,NA,NA,NA
Gorno-Altay,2026,other,8,0,1
Gorno-Altay,2026,NA,NA,NA,NA
Gorno-Altay,2027,archive,NA,NA,NA
Gorno-Altay,2027,company,NA,NA,NA
Gorno-Altay,2027,education,NA,NA,NA
Gorno-Altay,2027,facility,NA,NA,NA
Gorno-Altay,2027,government,NA,NA,NA
Gorno-Altay,2027,healthcare,NA,NA,NA
Gorno-Altay,2027,nonprofit,NA,NA,NA
Gorno-Altay,2027,other,NA,NA,NA
Gorno-Altay,2027,NA,NA,NA,NA
Gorno-Altay,2029,archive,NA,NA,NA
Gorno-Altay,2029,company,NA,NA,NA
Gorno-Altay,2029,education,NA,NA,NA
Gorno-Altay,2029,facility,NA,NA,NA
Gorno-Altay,2029,government,NA,NA,NA
Gorno-Altay,2029,healthcare,NA,NA,NA
Gorno-Altay,2029,nonprofit,NA,NA,NA
Gorno-Altay,2029,other,NA,NA,NA
Gorno-Altay,2029,NA,NA,NA,NA
Gorno-Altay,NA,archive,NA,NA,NA
Gorno-Altay,NA,company,NA,NA,NA
Gorno-Altay,NA,education,NA,NA,NA
Gorno-Altay,NA,facility,NA,NA,NA
Gorno-Altay,NA,government,NA,NA,NA
Gorno-Altay,NA,healthcare,NA,NA,NA
Gorno-Altay,NA,nonprofit,NA,NA,NA
Gorno-Altay,NA,other,NA,NA,NA
Gorno-Altay,NA,NA,NA,NA,NA
Ingush,2010,archive,NA,NA,NA
Ingush,2010,company,NA,NA,NA
Ingush,2010,education,2,2,1
Ingush,2010,facility,NA,NA,NA
Ingush,2010,government,NA,NA,NA
Ingush,2010,healthcare,NA,NA,NA
Ingush,2010,nonprofit,NA,NA,NA
Ingush,2010,other,NA,NA,NA
Ingush,2010,NA,NA,NA,NA
Ingush,2011,archive,NA,NA,NA
Ingush,2011,company,NA,NA,NA
Ingush,2011,education,4,1,1
Ingush,2011,facility,NA,NA,NA
Ingush,2011,government,NA,NA,NA
Ingush,2011,healthcare,NA,NA,NA
Ingush,2011,nonprofit,NA,NA,NA
Ingush,2011,other,NA,NA,NA
Ingush,2011,NA,NA,NA,NA
Ingush,2012,archive,NA,NA,NA
Ingush,2012,company,NA,NA,NA
Ingush,2012,education,6,7,1
Ingush,2012,facility,NA,NA,NA
Ingush,2012,government,NA,NA,NA
Ingush,2012,healthcare,NA,NA,NA
Ingush,2012,nonprofit,NA,NA,NA
Ingush,2012,other,NA,NA,NA
Ingush,2012,NA,NA,NA,NA
Ingush,2013,archive,NA,NA,NA
Ingush,2013,company,NA,NA,NA
Ingush,2013,education,2,0,1
Ingush,2013,facility,NA,NA,NA
Ingush,2013,government,NA,NA,NA
Ingush,2013,healthcare,NA,NA,NA
Ingush,2013,nonprofit,NA,NA,NA
Ingush,2013,other,NA,NA,NA
Ingush,2013,NA,NA,NA,NA
Ingush,2014,archive,NA,NA,NA
Ingush,2014,company,NA,NA,NA
Ingush,2014,education,5,7,1
Ingush,2014,facility,NA,NA,NA
Ingush,2014,government,NA,NA,NA
Ingush,2014,healthcare,NA,NA,NA
Ingush,2014,nonprofit,NA,NA,NA
Ingush,2014,other,NA,NA,NA
Ingush,2014,NA,NA,NA,NA
Ingush,2015,archive,NA,NA,NA
Ingush,2015,company,NA,NA,NA
Ingush,2015,education,16,2,1
Ingush,2015,facility,NA,NA,NA
Ingush,2015,government,NA,NA,NA
Ingush,2015,healthcare,NA,NA,NA
Ingush,2015,nonprofit,NA,NA,NA
Ingush,2015,other,NA,NA,NA
Ingush,2015,NA,NA,NA,NA
Ingush,2016,archive,NA,NA,NA
Ingush,2016,company,NA,NA,NA
Ingush,2016,education,25,9,1
Ingush,2016,facility,NA,NA,NA
Ingush,2016,government,NA,NA,NA
Ingush,2016,healthcare,NA,NA,NA
Ingush,2016,nonprofit,NA,NA,NA
Ingush,2016,other,NA,NA,NA
Ingush,2016,NA,NA,NA,NA
Ingush,2017,archive,NA,NA,NA
Ingush,2017,company,NA,NA,NA
Ingush,2017,education,13,22,1
Ingush,2017,facility,NA,NA,NA
Ingush,2017,government,NA,NA,NA
Ingush,2017,healthcare,NA,NA,NA
Ingush,2017,nonprofit,NA,NA,NA
Ingush,2017,other,NA,NA,NA
Ingush,2017,NA,NA,NA,NA
Ingush,2018,archive,NA,NA,NA
Ingush,2018,company,NA,NA,NA
Ingush,2018,education,22,15,1
Ingush,2018,facility,NA,NA,NA
Ingush,2018,government,NA,NA,NA
Ingush,2018,healthcare,NA,NA,NA
Ingush,2018,nonprofit,NA,NA,NA
Ingush,2018,other,NA,NA,NA
Ingush,2018,NA,NA,NA,NA
Ingush,2019,archive,NA,NA,NA
Ingush,2019,company,NA,NA,NA
Ingush,2019,education,53,77,1
Ingush,2019,facility,NA,NA,NA
Ingush,2019,government,NA,NA,NA
Ingush,2019,healthcare,NA,NA,NA
Ingush,2019,nonprofit,NA,NA,NA
Ingush,2019,other,NA,NA,NA
Ingush,2019,NA,NA,NA,NA
Ingush,2020,archive,NA,NA,NA
Ingush,2020,company,NA,NA,NA
Ingush,2020,education,91,190,1
Ingush,2020,facility,NA,NA,NA
Ingush,2020,government,NA,NA,NA
Ingush,2020,healthcare,NA,NA,NA
Ingush,2020,nonprofit,NA,NA,NA
Ingush,2020,other,NA,NA,NA
Ingush,2020,NA,NA,NA,NA
Ingush,2021,archive,NA,NA,NA
Ingush,2021,company,NA,NA,NA
Ingush,2021,education,146,190,1
Ingush,2021,facility,NA,NA,NA
Ingush,2021,government,NA,NA,NA
Ingush,2021,healthcare,NA,NA,NA
Ingush,2021,nonprofit,NA,NA,NA
Ingush,2021,other,NA,NA,NA
Ingush,2021,NA,NA,NA,NA
Ingush,2022,archive,NA,NA,NA
Ingush,2022,company,NA,NA,NA
Ingush,2022,education,106,114,1
Ingush,2022,facility,NA,NA,NA
Ingush,2022,government,NA,NA,NA
Ingush,2022,healthcare,NA,NA,NA
Ingush,2022,nonprofit,NA,NA,NA
Ingush,2022,other,NA,NA,NA
Ingush,2022,NA,NA,NA,NA
Ingush,2023,archive,NA,NA,NA
Ingush,2023,company,NA,NA,NA
Ingush,2023,education,87,85,1
Ingush,2023,facility,NA,NA,NA
Ingush,2023,government,NA,NA,NA
Ingush,2023,healthcare,NA,NA,NA
Ingush,2023,nonprofit,NA,NA,NA
Ingush,2023,other,NA,NA,NA
Ingush,2023,NA,NA,NA,NA
Ingush,2024,archive,NA,NA,NA
Ingush,2024,company,NA,NA,NA
Ingush,2024,education,110,30,1
Ingush,2024,facility,NA,NA,NA
Ingush,2024,government,NA,NA,NA
Ingush,2024,healthcare,NA,NA,NA
Ingush,2024,nonprofit,NA,NA,NA
Ingush,2024,other,NA,NA,NA
Ingush,2024,NA,NA,NA,NA
Ingush,2025,archive,NA,NA,NA
Ingush,2025,company,NA,NA,NA
Ingush,2025,education,77,11,1
Ingush,2025,facility,NA,NA,NA
Ingush,2025,government,NA,NA,NA
Ingush,2025,healthcare,NA,NA,NA
Ingush,2025,nonprofit,NA,NA,NA
Ingush,2025,other,NA,NA,NA
Ingush,2025,NA,NA,NA,NA
Ingush,2026,archive,NA,NA,NA
Ingush,2026,company,NA,NA,NA
Ingush,2026,education,175,3,1
Ingush,2026,facility,NA,NA,NA
Ingush,2026,government,NA,NA,NA
Ingush,2026,healthcare,NA,NA,NA
Ingush,2026,nonprofit,NA,NA,NA
Ingush,2026,other,NA,NA,NA
Ingush,2026,NA,NA,NA,NA
Ingush,2027,archive,NA,NA,NA
Ingush,2027,company,NA,NA,NA
Ingush,2027,education,NA,NA,NA
Ingush,2027,facility,NA,NA,NA
Ingush,2027,government,NA,NA,NA
Ingush,2027,healthcare,NA,NA,NA
Ingush,2027,nonprofit,NA,NA,NA
Ingush,2027,other,NA,NA,NA
Ingush,2027,NA,NA,NA,NA
Ingush,2029,archive,NA,NA,NA
Ingush,2029,company,NA,NA,NA
Ingush,2029,education,NA,NA,NA
Ingush,2029,facility,NA,NA,NA
Ingush,2029,government,NA,NA,NA
Ingush,2029,healthcare,NA,NA,NA
Ingush,2029,nonprofit,NA,NA,NA
Ingush,2029,other,NA,NA,NA
Ingush,2029,NA,NA,NA,NA
Ingush,NA,archive,NA,NA,NA
Ingush,NA,company,NA,NA,NA
Ingush,NA,education,NA,NA,NA
Ingush,NA,facility,NA,NA,NA
Ingush,NA,government,NA,NA,NA
Ingush,NA,healthcare,NA,NA,NA
Ingush,NA,nonprofit,NA,NA,NA
Ingush,NA,other,NA,NA,NA
Ingush,NA,NA,NA,NA,NA
Irkutsk,2010,archive,NA,NA,NA
Irkutsk,2010,company,4,29,2
Irkutsk,2010,education,211,1897,10
Irkutsk,2010,facility,697,8476,11
Irkutsk,2010,government,NA,NA,NA
Irkutsk,2010,healthcare,7,7,2
Irkutsk,2010,nonprofit,NA,NA,NA
Irkutsk,2010,other,NA,NA,NA
Irkutsk,2010,NA,NA,NA,NA
Irkutsk,2011,archive,NA,NA,NA
Irkutsk,2011,company,3,3,1
Irkutsk,2011,education,234,2318,9
Irkutsk,2011,facility,713,8575,11
Irkutsk,2011,government,NA,NA,NA
Irkutsk,2011,healthcare,3,68,2
Irkutsk,2011,nonprofit,NA,NA,NA
Irkutsk,2011,other,NA,NA,NA
Irkutsk,2011,NA,NA,NA,NA
Irkutsk,2012,archive,NA,NA,NA
Irkutsk,2012,company,16,7,1
Irkutsk,2012,education,279,1855,10
Irkutsk,2012,facility,719,7790,12
Irkutsk,2012,government,NA,NA,NA
Irkutsk,2012,healthcare,24,29,2
Irkutsk,2012,nonprofit,NA,NA,NA
Irkutsk,2012,other,NA,NA,NA
Irkutsk,2012,NA,NA,NA,NA
Irkutsk,2013,archive,NA,NA,NA
Irkutsk,2013,company,1,0,1
Irkutsk,2013,education,371,2463,10
Irkutsk,2013,facility,784,9059,11
Irkutsk,2013,government,NA,NA,NA
Irkutsk,2013,healthcare,24,64,2
Irkutsk,2013,nonprofit,NA,NA,NA
Irkutsk,2013,other,NA,NA,NA
Irkutsk,2013,NA,NA,NA,NA
Irkutsk,2014,archive,1,0,1
Irkutsk,2014,company,11,4,1
Irkutsk,2014,education,475,3140,9
Irkutsk,2014,facility,829,8871,11
Irkutsk,2014,government,NA,NA,NA
Irkutsk,2014,healthcare,28,45,2
Irkutsk,2014,nonprofit,NA,NA,NA
Irkutsk,2014,other,NA,NA,NA
Irkutsk,2014,NA,NA,NA,NA
Irkutsk,2015,archive,NA,NA,NA
Irkutsk,2015,company,10,26,2
Irkutsk,2015,education,808,5787,11
Irkutsk,2015,facility,964,9231,12
Irkutsk,2015,government,NA,NA,NA
Irkutsk,2015,healthcare,89,130,2
Irkutsk,2015,nonprofit,NA,NA,NA
Irkutsk,2015,other,NA,NA,NA
Irkutsk,2015,NA,NA,NA,NA
Irkutsk,2016,archive,NA,NA,NA
Irkutsk,2016,company,4,4,2
Irkutsk,2016,education,929,6598,11
Irkutsk,2016,facility,960,14232,13
Irkutsk,2016,government,NA,NA,NA
Irkutsk,2016,healthcare,121,780,2
Irkutsk,2016,nonprofit,NA,NA,NA
Irkutsk,2016,other,NA,NA,NA
Irkutsk,2016,NA,NA,NA,NA
Irkutsk,2017,archive,1,0,1
Irkutsk,2017,company,8,46,2
Irkutsk,2017,education,1330,7412,12
Irkutsk,2017,facility,1314,10691,13
Irkutsk,2017,government,NA,NA,NA
Irkutsk,2017,healthcare,120,394,2
Irkutsk,2017,nonprofit,NA,NA,NA
Irkutsk,2017,other,NA,NA,NA
Irkutsk,2017,NA,NA,NA,NA
Irkutsk,2018,archive,2,21,1
Irkutsk,2018,company,4,2,2
Irkutsk,2018,education,1876,9090,11
Irkutsk,2018,facility,1740,11022,14
Irkutsk,2018,government,NA,NA,NA
Irkutsk,2018,healthcare,107,427,2
Irkutsk,2018,nonprofit,NA,NA,NA
Irkutsk,2018,other,NA,NA,NA
Irkutsk,2018,NA,NA,NA,NA
Irkutsk,2019,archive,2,0,1
Irkutsk,2019,company,7,3,1
Irkutsk,2019,education,2323,8529,11
Irkutsk,2019,facility,1825,11532,15
Irkutsk,2019,government,NA,NA,NA
Irkutsk,2019,healthcare,150,455,2
Irkutsk,2019,nonprofit,NA,NA,NA
Irkutsk,2019,other,NA,NA,NA
Irkutsk,2019,NA,NA,NA,NA
Irkutsk,2020,archive,1,0,1
Irkutsk,2020,company,5,4,2
Irkutsk,2020,education,2526,8585,12
Irkutsk,2020,facility,1809,13681,12
Irkutsk,2020,government,NA,NA,NA
Irkutsk,2020,healthcare,86,181,2
Irkutsk,2020,nonprofit,NA,NA,NA
Irkutsk,2020,other,NA,NA,NA
Irkutsk,2020,NA,NA,NA,NA
Irkutsk,2021,archive,5,88,1
Irkutsk,2021,company,7,4,1
Irkutsk,2021,education,3125,7572,11
Irkutsk,2021,facility,1768,10693,13
Irkutsk,2021,government,NA,NA,NA
Irkutsk,2021,healthcare,113,343,2
Irkutsk,2021,nonprofit,NA,NA,NA
Irkutsk,2021,other,NA,NA,NA
Irkutsk,2021,NA,NA,NA,NA
Irkutsk,2022,archive,2,0,1
Irkutsk,2022,company,6,1,1
Irkutsk,2022,education,2687,6053,10
Irkutsk,2022,facility,1557,7170,13
Irkutsk,2022,government,NA,NA,NA
Irkutsk,2022,healthcare,84,303,2
Irkutsk,2022,nonprofit,NA,NA,NA
Irkutsk,2022,other,NA,NA,NA
Irkutsk,2022,NA,NA,NA,NA
Irkutsk,2023,archive,3,0,1
Irkutsk,2023,company,4,0,2
Irkutsk,2023,education,2312,4423,11
Irkutsk,2023,facility,1632,5109,13
Irkutsk,2023,government,NA,NA,NA
Irkutsk,2023,healthcare,72,182,2
Irkutsk,2023,nonprofit,NA,NA,NA
Irkutsk,2023,other,NA,NA,NA
Irkutsk,2023,NA,NA,NA,NA
Irkutsk,2024,archive,NA,NA,NA
Irkutsk,2024,company,7,4,1
Irkutsk,2024,education,2447,2795,11
Irkutsk,2024,facility,1442,2973,13
Irkutsk,2024,government,NA,NA,NA
Irkutsk,2024,healthcare,60,83,2
Irkutsk,2024,nonprofit,NA,NA,NA
Irkutsk,2024,other,NA,NA,NA
Irkutsk,2024,NA,NA,NA,NA
Irkutsk,2025,archive,1,0,1
Irkutsk,2025,company,5,4,1
Irkutsk,2025,education,2077,782,11
Irkutsk,2025,facility,1452,1154,13
Irkutsk,2025,government,NA,NA,NA
Irkutsk,2025,healthcare,86,40,2
Irkutsk,2025,nonprofit,NA,NA,NA
Irkutsk,2025,other,NA,NA,NA
Irkutsk,2025,NA,NA,NA,NA
Irkutsk,2026,archive,1,0,1
Irkutsk,2026,company,5,0,1
Irkutsk,2026,education,1644,108,11
Irkutsk,2026,facility,880,147,12
Irkutsk,2026,government,NA,NA,NA
Irkutsk,2026,healthcare,72,5,2
Irkutsk,2026,nonprofit,NA,NA,NA
Irkutsk,2026,other,NA,NA,NA
Irkutsk,2026,NA,NA,NA,NA
Irkutsk,2027,archive,NA,NA,NA
Irkutsk,2027,company,NA,NA,NA
Irkutsk,2027,education,NA,NA,NA
Irkutsk,2027,facility,NA,NA,NA
Irkutsk,2027,government,NA,NA,NA
Irkutsk,2027,healthcare,NA,NA,NA
Irkutsk,2027,nonprofit,NA,NA,NA
Irkutsk,2027,other,NA,NA,NA
Irkutsk,2027,NA,NA,NA,NA
Irkutsk,2029,archive,NA,NA,NA
Irkutsk,2029,company,NA,NA,NA
Irkutsk,2029,education,NA,NA,NA
Irkutsk,2029,facility,NA,NA,NA
Irkutsk,2029,government,NA,NA,NA
Irkutsk,2029,healthcare,NA,NA,NA
Irkutsk,2029,nonprofit,NA,NA,NA
Irkutsk,2029,other,NA,NA,NA
Irkutsk,2029,NA,NA,NA,NA
Irkutsk,NA,archive,NA,NA,NA
Irkutsk,NA,company,NA,NA,NA
Irkutsk,NA,education,NA,NA,NA
Irkutsk,NA,facility,NA,NA,NA
Irkutsk,NA,government,NA,NA,NA
Irkutsk,NA,healthcare,NA,NA,NA
Irkutsk,NA,nonprofit,NA,NA,NA
Irkutsk,NA,other,NA,NA,NA
Irkutsk,NA,NA,NA,NA,NA
Ivanovo,2010,archive,NA,NA,NA
Ivanovo,2010,company,NA,NA,NA
Ivanovo,2010,education,241,1721,5
Ivanovo,2010,facility,173,2046,1
Ivanovo,2010,government,NA,NA,NA
Ivanovo,2010,healthcare,27,185,2
Ivanovo,2010,nonprofit,NA,NA,NA
Ivanovo,2010,other,NA,NA,NA
Ivanovo,2010,NA,NA,NA,NA
Ivanovo,2011,archive,NA,NA,NA
Ivanovo,2011,company,NA,NA,NA
Ivanovo,2011,education,253,1982,4
Ivanovo,2011,facility,170,1831,1
Ivanovo,2011,government,NA,NA,NA
Ivanovo,2011,healthcare,27,233,2
Ivanovo,2011,nonprofit,NA,NA,NA
Ivanovo,2011,other,NA,NA,NA
Ivanovo,2011,NA,NA,NA,NA
Ivanovo,2012,archive,NA,NA,NA
Ivanovo,2012,company,NA,NA,NA
Ivanovo,2012,education,224,1792,5
Ivanovo,2012,facility,177,1911,1
Ivanovo,2012,government,NA,NA,NA
Ivanovo,2012,healthcare,21,57,2
Ivanovo,2012,nonprofit,NA,NA,NA
Ivanovo,2012,other,NA,NA,NA
Ivanovo,2012,NA,NA,NA,NA
Ivanovo,2013,archive,NA,NA,NA
Ivanovo,2013,company,NA,NA,NA
Ivanovo,2013,education,292,1905,5
Ivanovo,2013,facility,219,2040,1
Ivanovo,2013,government,NA,NA,NA
Ivanovo,2013,healthcare,23,86,2
Ivanovo,2013,nonprofit,NA,NA,NA
Ivanovo,2013,other,NA,NA,NA
Ivanovo,2013,NA,NA,NA,NA
Ivanovo,2014,archive,NA,NA,NA
Ivanovo,2014,company,NA,NA,NA
Ivanovo,2014,education,328,2886,4
Ivanovo,2014,facility,188,2628,1
Ivanovo,2014,government,NA,NA,NA
Ivanovo,2014,healthcare,45,397,2
Ivanovo,2014,nonprofit,NA,NA,NA
Ivanovo,2014,other,NA,NA,NA
Ivanovo,2014,NA,NA,NA,NA
Ivanovo,2015,archive,NA,NA,NA
Ivanovo,2015,company,NA,NA,NA
Ivanovo,2015,education,391,2434,6
Ivanovo,2015,facility,197,3015,1
Ivanovo,2015,government,NA,NA,NA
Ivanovo,2015,healthcare,93,201,2
Ivanovo,2015,nonprofit,NA,NA,NA
Ivanovo,2015,other,NA,NA,NA
Ivanovo,2015,NA,NA,NA,NA
Ivanovo,2016,archive,NA,NA,NA
Ivanovo,2016,company,NA,NA,NA
Ivanovo,2016,education,448,2443,5
Ivanovo,2016,facility,200,2301,1
Ivanovo,2016,government,NA,NA,NA
Ivanovo,2016,healthcare,92,401,2
Ivanovo,2016,nonprofit,NA,NA,NA
Ivanovo,2016,other,NA,NA,NA
Ivanovo,2016,NA,NA,NA,NA
Ivanovo,2017,archive,NA,NA,NA
Ivanovo,2017,company,NA,NA,NA
Ivanovo,2017,education,598,3590,5
Ivanovo,2017,facility,252,2373,1
Ivanovo,2017,government,NA,NA,NA
Ivanovo,2017,healthcare,71,419,2
Ivanovo,2017,nonprofit,NA,NA,NA
Ivanovo,2017,other,NA,NA,NA
Ivanovo,2017,NA,NA,NA,NA
Ivanovo,2018,archive,NA,NA,NA
Ivanovo,2018,company,NA,NA,NA
Ivanovo,2018,education,632,2885,5
Ivanovo,2018,facility,249,2493,1
Ivanovo,2018,government,NA,NA,NA
Ivanovo,2018,healthcare,72,253,2
Ivanovo,2018,nonprofit,NA,NA,NA
Ivanovo,2018,other,NA,NA,NA
Ivanovo,2018,NA,NA,NA,NA
Ivanovo,2019,archive,NA,NA,NA
Ivanovo,2019,company,NA,NA,NA
Ivanovo,2019,education,626,3706,5
Ivanovo,2019,facility,219,2921,1
Ivanovo,2019,government,NA,NA,NA
Ivanovo,2019,healthcare,73,287,2
Ivanovo,2019,nonprofit,NA,NA,NA
Ivanovo,2019,other,NA,NA,NA
Ivanovo,2019,NA,NA,NA,NA
Ivanovo,2020,archive,NA,NA,NA
Ivanovo,2020,company,NA,NA,NA
Ivanovo,2020,education,697,3160,5
Ivanovo,2020,facility,214,3170,1
Ivanovo,2020,government,NA,NA,NA
Ivanovo,2020,healthcare,126,470,2
Ivanovo,2020,nonprofit,NA,NA,NA
Ivanovo,2020,other,NA,NA,NA
Ivanovo,2020,NA,NA,NA,NA
Ivanovo,2021,archive,NA,NA,NA
Ivanovo,2021,company,NA,NA,NA
Ivanovo,2021,education,844,2600,5
Ivanovo,2021,facility,259,2473,1
Ivanovo,2021,government,NA,NA,NA
Ivanovo,2021,healthcare,130,369,2
Ivanovo,2021,nonprofit,NA,NA,NA
Ivanovo,2021,other,NA,NA,NA
Ivanovo,2021,NA,NA,NA,NA
Ivanovo,2022,archive,NA,NA,NA
Ivanovo,2022,company,NA,NA,NA
Ivanovo,2022,education,663,2246,6
Ivanovo,2022,facility,234,2296,1
Ivanovo,2022,government,NA,NA,NA
Ivanovo,2022,healthcare,88,274,2
Ivanovo,2022,nonprofit,NA,NA,NA
Ivanovo,2022,other,NA,NA,NA
Ivanovo,2022,NA,NA,NA,NA
Ivanovo,2023,archive,NA,NA,NA
Ivanovo,2023,company,NA,NA,NA
Ivanovo,2023,education,697,1428,6
Ivanovo,2023,facility,277,1594,1
Ivanovo,2023,government,NA,NA,NA
Ivanovo,2023,healthcare,88,100,2
Ivanovo,2023,nonprofit,NA,NA,NA
Ivanovo,2023,other,NA,NA,NA
Ivanovo,2023,NA,NA,NA,NA
Ivanovo,2024,archive,NA,NA,NA
Ivanovo,2024,company,NA,NA,NA
Ivanovo,2024,education,595,1241,6
Ivanovo,2024,facility,215,1108,1
Ivanovo,2024,government,NA,NA,NA
Ivanovo,2024,healthcare,100,103,2
Ivanovo,2024,nonprofit,NA,NA,NA
Ivanovo,2024,other,NA,NA,NA
Ivanovo,2024,NA,NA,NA,NA
Ivanovo,2025,archive,NA,NA,NA
Ivanovo,2025,company,NA,NA,NA
Ivanovo,2025,education,450,370,6
Ivanovo,2025,facility,196,487,1
Ivanovo,2025,government,NA,NA,NA
Ivanovo,2025,healthcare,66,41,2
Ivanovo,2025,nonprofit,NA,NA,NA
Ivanovo,2025,other,NA,NA,NA
Ivanovo,2025,NA,NA,NA,NA
Ivanovo,2026,archive,NA,NA,NA
Ivanovo,2026,company,NA,NA,NA
Ivanovo,2026,education,337,37,5
Ivanovo,2026,facility,121,49,1
Ivanovo,2026,government,NA,NA,NA
Ivanovo,2026,healthcare,76,5,2
Ivanovo,2026,nonprofit,NA,NA,NA
Ivanovo,2026,other,NA,NA,NA
Ivanovo,2026,NA,NA,NA,NA
Ivanovo,2027,archive,NA,NA,NA
Ivanovo,2027,company,NA,NA,NA
Ivanovo,2027,education,NA,NA,NA
Ivanovo,2027,facility,NA,NA,NA
Ivanovo,2027,government,NA,NA,NA
Ivanovo,2027,healthcare,NA,NA,NA
Ivanovo,2027,nonprofit,NA,NA,NA
Ivanovo,2027,other,NA,NA,NA
Ivanovo,2027,NA,NA,NA,NA
Ivanovo,2029,archive,NA,NA,NA
Ivanovo,2029,company,NA,NA,NA
Ivanovo,2029,education,NA,NA,NA
Ivanovo,2029,facility,NA,NA,NA
Ivanovo,2029,government,NA,NA,NA
Ivanovo,2029,healthcare,NA,NA,NA
Ivanovo,2029,nonprofit,NA,NA,NA
Ivanovo,2029,other,NA,NA,NA
Ivanovo,2029,NA,NA,NA,NA
Ivanovo,NA,archive,NA,NA,NA
Ivanovo,NA,company,NA,NA,NA
Ivanovo,NA,education,NA,NA,NA
Ivanovo,NA,facility,NA,NA,NA
Ivanovo,NA,government,NA,NA,NA
Ivanovo,NA,healthcare,NA,NA,NA
Ivanovo,NA,nonprofit,NA,NA,NA
Ivanovo,NA,other,NA,NA,NA
Ivanovo,NA,NA,NA,NA,NA
Kabardin-Balkar,2010,archive,NA,NA,NA
Kabardin-Balkar,2010,company,NA,NA,NA
Kabardin-Balkar,2010,education,68,446,3
Kabardin-Balkar,2010,facility,11,371,2
Kabardin-Balkar,2010,government,NA,NA,NA
Kabardin-Balkar,2010,healthcare,NA,NA,NA
Kabardin-Balkar,2010,nonprofit,NA,NA,NA
Kabardin-Balkar,2010,other,1,0,1
Kabardin-Balkar,2010,NA,NA,NA,NA
Kabardin-Balkar,2011,archive,NA,NA,NA
Kabardin-Balkar,2011,company,NA,NA,NA
Kabardin-Balkar,2011,education,81,157,3
Kabardin-Balkar,2011,facility,8,43,2
Kabardin-Balkar,2011,government,NA,NA,NA
Kabardin-Balkar,2011,healthcare,NA,NA,NA
Kabardin-Balkar,2011,nonprofit,NA,NA,NA
Kabardin-Balkar,2011,other,NA,NA,NA
Kabardin-Balkar,2011,NA,NA,NA,NA
Kabardin-Balkar,2012,archive,NA,NA,NA
Kabardin-Balkar,2012,company,NA,NA,NA
Kabardin-Balkar,2012,education,119,325,2
Kabardin-Balkar,2012,facility,14,56,2
Kabardin-Balkar,2012,government,NA,NA,NA
Kabardin-Balkar,2012,healthcare,NA,NA,NA
Kabardin-Balkar,2012,nonprofit,NA,NA,NA
Kabardin-Balkar,2012,other,NA,NA,NA
Kabardin-Balkar,2012,NA,NA,NA,NA
Kabardin-Balkar,2013,archive,NA,NA,NA
Kabardin-Balkar,2013,company,NA,NA,NA
Kabardin-Balkar,2013,education,76,208,3
Kabardin-Balkar,2013,facility,13,45,2
Kabardin-Balkar,2013,government,NA,NA,NA
Kabardin-Balkar,2013,healthcare,NA,NA,NA
Kabardin-Balkar,2013,nonprofit,NA,NA,NA
Kabardin-Balkar,2013,other,NA,NA,NA
Kabardin-Balkar,2013,NA,NA,NA,NA
Kabardin-Balkar,2014,archive,NA,NA,NA
Kabardin-Balkar,2014,company,NA,NA,NA
Kabardin-Balkar,2014,education,119,1265,4
Kabardin-Balkar,2014,facility,34,105,2
Kabardin-Balkar,2014,government,NA,NA,NA
Kabardin-Balkar,2014,healthcare,NA,NA,NA
Kabardin-Balkar,2014,nonprofit,NA,NA,NA
Kabardin-Balkar,2014,other,NA,NA,NA
Kabardin-Balkar,2014,NA,NA,NA,NA
Kabardin-Balkar,2015,archive,NA,NA,NA
Kabardin-Balkar,2015,company,NA,NA,NA
Kabardin-Balkar,2015,education,170,434,4
Kabardin-Balkar,2015,facility,25,150,2
Kabardin-Balkar,2015,government,NA,NA,NA
Kabardin-Balkar,2015,healthcare,NA,NA,NA
Kabardin-Balkar,2015,nonprofit,NA,NA,NA
Kabardin-Balkar,2015,other,1,0,1
Kabardin-Balkar,2015,NA,NA,NA,NA
Kabardin-Balkar,2016,archive,NA,NA,NA
Kabardin-Balkar,2016,company,NA,NA,NA
Kabardin-Balkar,2016,education,246,859,3
Kabardin-Balkar,2016,facility,22,131,2
Kabardin-Balkar,2016,government,NA,NA,NA
Kabardin-Balkar,2016,healthcare,NA,NA,NA
Kabardin-Balkar,2016,nonprofit,NA,NA,NA
Kabardin-Balkar,2016,other,2,0,1
Kabardin-Balkar,2016,NA,NA,NA,NA
Kabardin-Balkar,2017,archive,NA,NA,NA
Kabardin-Balkar,2017,company,NA,NA,NA
Kabardin-Balkar,2017,education,227,550,4
Kabardin-Balkar,2017,facility,44,209,2
Kabardin-Balkar,2017,government,NA,NA,NA
Kabardin-Balkar,2017,healthcare,NA,NA,NA
Kabardin-Balkar,2017,nonprofit,NA,NA,NA
Kabardin-Balkar,2017,other,NA,NA,NA
Kabardin-Balkar,2017,NA,NA,NA,NA
Kabardin-Balkar,2018,archive,NA,NA,NA
Kabardin-Balkar,2018,company,NA,NA,NA
Kabardin-Balkar,2018,education,434,1055,4
Kabardin-Balkar,2018,facility,146,297,2
Kabardin-Balkar,2018,government,NA,NA,NA
Kabardin-Balkar,2018,healthcare,NA,NA,NA
Kabardin-Balkar,2018,nonprofit,NA,NA,NA
Kabardin-Balkar,2018,other,4,0,1
Kabardin-Balkar,2018,NA,NA,NA,NA
Kabardin-Balkar,2019,archive,NA,NA,NA
Kabardin-Balkar,2019,company,NA,NA,NA
Kabardin-Balkar,2019,education,430,1125,3
Kabardin-Balkar,2019,facility,147,492,2
Kabardin-Balkar,2019,government,NA,NA,NA
Kabardin-Balkar,2019,healthcare,NA,NA,NA
Kabardin-Balkar,2019,nonprofit,NA,NA,NA
Kabardin-Balkar,2019,other,3,2,1
Kabardin-Balkar,2019,NA,NA,NA,NA
Kabardin-Balkar,2020,archive,NA,NA,NA
Kabardin-Balkar,2020,company,NA,NA,NA
Kabardin-Balkar,2020,education,489,1000,4
Kabardin-Balkar,2020,facility,192,425,2
Kabardin-Balkar,2020,government,NA,NA,NA
Kabardin-Balkar,2020,healthcare,NA,NA,NA
Kabardin-Balkar,2020,nonprofit,NA,NA,NA
Kabardin-Balkar,2020,other,7,118,1
Kabardin-Balkar,2020,NA,NA,NA,NA
Kabardin-Balkar,2021,archive,NA,NA,NA
Kabardin-Balkar,2021,company,NA,NA,NA
Kabardin-Balkar,2021,education,655,789,4
Kabardin-Balkar,2021,facility,248,540,2
Kabardin-Balkar,2021,government,NA,NA,NA
Kabardin-Balkar,2021,healthcare,NA,NA,NA
Kabardin-Balkar,2021,nonprofit,NA,NA,NA
Kabardin-Balkar,2021,other,6,139,1
Kabardin-Balkar,2021,NA,NA,NA,NA
Kabardin-Balkar,2022,archive,NA,NA,NA
Kabardin-Balkar,2022,company,NA,NA,NA
Kabardin-Balkar,2022,education,565,736,4
Kabardin-Balkar,2022,facility,252,640,2
Kabardin-Balkar,2022,government,NA,NA,NA
Kabardin-Balkar,2022,healthcare,NA,NA,NA
Kabardin-Balkar,2022,nonprofit,NA,NA,NA
Kabardin-Balkar,2022,other,NA,NA,NA
Kabardin-Balkar,2022,NA,NA,NA,NA
Kabardin-Balkar,2023,archive,NA,NA,NA
Kabardin-Balkar,2023,company,NA,NA,NA
Kabardin-Balkar,2023,education,518,775,4
Kabardin-Balkar,2023,facility,230,226,2
Kabardin-Balkar,2023,government,NA,NA,NA
Kabardin-Balkar,2023,healthcare,NA,NA,NA
Kabardin-Balkar,2023,nonprofit,NA,NA,NA
Kabardin-Balkar,2023,other,NA,NA,NA
Kabardin-Balkar,2023,NA,NA,NA,NA
Kabardin-Balkar,2024,archive,NA,NA,NA
Kabardin-Balkar,2024,company,NA,NA,NA
Kabardin-Balkar,2024,education,563,462,4
Kabardin-Balkar,2024,facility,192,116,2
Kabardin-Balkar,2024,government,NA,NA,NA
Kabardin-Balkar,2024,healthcare,NA,NA,NA
Kabardin-Balkar,2024,nonprofit,NA,NA,NA
Kabardin-Balkar,2024,other,1,0,1
Kabardin-Balkar,2024,NA,NA,NA,NA
Kabardin-Balkar,2025,archive,NA,NA,NA
Kabardin-Balkar,2025,company,NA,NA,NA
Kabardin-Balkar,2025,education,666,197,4
Kabardin-Balkar,2025,facility,194,44,2
Kabardin-Balkar,2025,government,NA,NA,NA
Kabardin-Balkar,2025,healthcare,NA,NA,NA
Kabardin-Balkar,2025,nonprofit,NA,NA,NA
Kabardin-Balkar,2025,other,1,0,1
Kabardin-Balkar,2025,NA,NA,NA,NA
Kabardin-Balkar,2026,archive,NA,NA,NA
Kabardin-Balkar,2026,company,NA,NA,NA
Kabardin-Balkar,2026,education,669,40,4
Kabardin-Balkar,2026,facility,167,5,2
Kabardin-Balkar,2026,government,NA,NA,NA
Kabardin-Balkar,2026,healthcare,NA,NA,NA
Kabardin-Balkar,2026,nonprofit,NA,NA,NA
Kabardin-Balkar,2026,other,2,0,1
Kabardin-Balkar,2026,NA,NA,NA,NA
Kabardin-Balkar,2027,archive,NA,NA,NA
Kabardin-Balkar,2027,company,NA,NA,NA
Kabardin-Balkar,2027,education,NA,NA,NA
Kabardin-Balkar,2027,facility,NA,NA,NA
Kabardin-Balkar,2027,government,NA,NA,NA
Kabardin-Balkar,2027,healthcare,NA,NA,NA
Kabardin-Balkar,2027,nonprofit,NA,NA,NA
Kabardin-Balkar,2027,other,NA,NA,NA
Kabardin-Balkar,2027,NA,NA,NA,NA
Kabardin-Balkar,2029,archive,NA,NA,NA
Kabardin-Balkar,2029,company,NA,NA,NA
Kabardin-Balkar,2029,education,NA,NA,NA
Kabardin-Balkar,2029,facility,NA,NA,NA
Kabardin-Balkar,2029,government,NA,NA,NA
Kabardin-Balkar,2029,healthcare,NA,NA,NA
Kabardin-Balkar,2029,nonprofit,NA,NA,NA
Kabardin-Balkar,2029,other,NA,NA,NA
Kabardin-Balkar,2029,NA,NA,NA,NA
Kabardin-Balkar,NA,archive,NA,NA,NA
Kabardin-Balkar,NA,company,NA,NA,NA
Kabardin-Balkar,NA,education,NA,NA,NA
Kabardin-Balkar,NA,facility,NA,NA,NA
Kabardin-Balkar,NA,government,NA,NA,NA
Kabardin-Balkar,NA,healthcare,NA,NA,NA
Kabardin-Balkar,NA,nonprofit,NA,NA,NA
Kabardin-Balkar,NA,other,NA,NA,NA
Kabardin-Balkar,NA,NA,NA,NA,NA
Kaliningrad,2010,archive,NA,NA,NA
Kaliningrad,2010,company,NA,NA,NA
Kaliningrad,2010,education,31,93,4
Kaliningrad,2010,facility,10,76,1
Kaliningrad,2010,government,NA,NA,NA
Kaliningrad,2010,healthcare,NA,NA,NA
Kaliningrad,2010,nonprofit,NA,NA,NA
Kaliningrad,2010,other,NA,NA,NA
Kaliningrad,2010,NA,NA,NA,NA
Kaliningrad,2011,archive,NA,NA,NA
Kaliningrad,2011,company,NA,NA,NA
Kaliningrad,2011,education,90,724,3
Kaliningrad,2011,facility,11,173,1
Kaliningrad,2011,government,NA,NA,NA
Kaliningrad,2011,healthcare,NA,NA,NA
Kaliningrad,2011,nonprofit,NA,NA,NA
Kaliningrad,2011,other,NA,NA,NA
Kaliningrad,2011,NA,NA,NA,NA
Kaliningrad,2012,archive,NA,NA,NA
Kaliningrad,2012,company,NA,NA,NA
Kaliningrad,2012,education,90,667,3
Kaliningrad,2012,facility,13,165,1
Kaliningrad,2012,government,NA,NA,NA
Kaliningrad,2012,healthcare,NA,NA,NA
Kaliningrad,2012,nonprofit,NA,NA,NA
Kaliningrad,2012,other,NA,NA,NA
Kaliningrad,2012,NA,NA,NA,NA
Kaliningrad,2013,archive,NA,NA,NA
Kaliningrad,2013,company,NA,NA,NA
Kaliningrad,2013,education,119,1299,3
Kaliningrad,2013,facility,9,47,1
Kaliningrad,2013,government,NA,NA,NA
Kaliningrad,2013,healthcare,NA,NA,NA
Kaliningrad,2013,nonprofit,NA,NA,NA
Kaliningrad,2013,other,NA,NA,NA
Kaliningrad,2013,NA,NA,NA,NA
Kaliningrad,2014,archive,NA,NA,NA
Kaliningrad,2014,company,NA,NA,NA
Kaliningrad,2014,education,200,1833,4
Kaliningrad,2014,facility,5,30,1
Kaliningrad,2014,government,NA,NA,NA
Kaliningrad,2014,healthcare,NA,NA,NA
Kaliningrad,2014,nonprofit,NA,NA,NA
Kaliningrad,2014,other,NA,NA,NA
Kaliningrad,2014,NA,NA,NA,NA
Kaliningrad,2015,archive,NA,NA,NA
Kaliningrad,2015,company,NA,NA,NA
Kaliningrad,2015,education,309,2924,4
Kaliningrad,2015,facility,18,685,1
Kaliningrad,2015,government,NA,NA,NA
Kaliningrad,2015,healthcare,NA,NA,NA
Kaliningrad,2015,nonprofit,NA,NA,NA
Kaliningrad,2015,other,NA,NA,NA
Kaliningrad,2015,NA,NA,NA,NA
Kaliningrad,2016,archive,NA,NA,NA
Kaliningrad,2016,company,NA,NA,NA
Kaliningrad,2016,education,358,3517,3
Kaliningrad,2016,facility,9,54,1
Kaliningrad,2016,government,NA,NA,NA
Kaliningrad,2016,healthcare,NA,NA,NA
Kaliningrad,2016,nonprofit,NA,NA,NA
Kaliningrad,2016,other,NA,NA,NA
Kaliningrad,2016,NA,NA,NA,NA
Kaliningrad,2017,archive,NA,NA,NA
Kaliningrad,2017,company,NA,NA,NA
Kaliningrad,2017,education,584,5243,5
Kaliningrad,2017,facility,8,29,1
Kaliningrad,2017,government,NA,NA,NA
Kaliningrad,2017,healthcare,NA,NA,NA
Kaliningrad,2017,nonprofit,NA,NA,NA
Kaliningrad,2017,other,NA,NA,NA
Kaliningrad,2017,NA,NA,NA,NA
Kaliningrad,2018,archive,NA,NA,NA
Kaliningrad,2018,company,NA,NA,NA
Kaliningrad,2018,education,651,5799,4
Kaliningrad,2018,facility,11,48,1
Kaliningrad,2018,government,NA,NA,NA
Kaliningrad,2018,healthcare,NA,NA,NA
Kaliningrad,2018,nonprofit,NA,NA,NA
Kaliningrad,2018,other,NA,NA,NA
Kaliningrad,2018,NA,NA,NA,NA
Kaliningrad,2019,archive,NA,NA,NA
Kaliningrad,2019,company,NA,NA,NA
Kaliningrad,2019,education,760,6621,4
Kaliningrad,2019,facility,11,73,1
Kaliningrad,2019,government,NA,NA,NA
Kaliningrad,2019,healthcare,NA,NA,NA
Kaliningrad,2019,nonprofit,NA,NA,NA
Kaliningrad,2019,other,NA,NA,NA
Kaliningrad,2019,NA,NA,NA,NA
Kaliningrad,2020,archive,NA,NA,NA
Kaliningrad,2020,company,NA,NA,NA
Kaliningrad,2020,education,939,8847,5
Kaliningrad,2020,facility,20,194,1
Kaliningrad,2020,government,NA,NA,NA
Kaliningrad,2020,healthcare,NA,NA,NA
Kaliningrad,2020,nonprofit,NA,NA,NA
Kaliningrad,2020,other,NA,NA,NA
Kaliningrad,2020,NA,NA,NA,NA
Kaliningrad,2021,archive,NA,NA,NA
Kaliningrad,2021,company,NA,NA,NA
Kaliningrad,2021,education,1036,6219,4
Kaliningrad,2021,facility,15,29,1
Kaliningrad,2021,government,NA,NA,NA
Kaliningrad,2021,healthcare,NA,NA,NA
Kaliningrad,2021,nonprofit,NA,NA,NA
Kaliningrad,2021,other,NA,NA,NA
Kaliningrad,2021,NA,NA,NA,NA
Kaliningrad,2022,archive,NA,NA,NA
Kaliningrad,2022,company,NA,NA,NA
Kaliningrad,2022,education,1138,6282,4
Kaliningrad,2022,facility,17,69,1
Kaliningrad,2022,government,NA,NA,NA
Kaliningrad,2022,healthcare,NA,NA,NA
Kaliningrad,2022,nonprofit,NA,NA,NA
Kaliningrad,2022,other,NA,NA,NA
Kaliningrad,2022,NA,NA,NA,NA
Kaliningrad,2023,archive,NA,NA,NA
Kaliningrad,2023,company,NA,NA,NA
Kaliningrad,2023,education,1216,4017,4
Kaliningrad,2023,facility,28,55,1
Kaliningrad,2023,government,NA,NA,NA
Kaliningrad,2023,healthcare,NA,NA,NA
Kaliningrad,2023,nonprofit,NA,NA,NA
Kaliningrad,2023,other,NA,NA,NA
Kaliningrad,2023,NA,NA,NA,NA
Kaliningrad,2024,archive,NA,NA,NA
Kaliningrad,2024,company,NA,NA,NA
Kaliningrad,2024,education,1257,1767,4
Kaliningrad,2024,facility,15,16,1
Kaliningrad,2024,government,NA,NA,NA
Kaliningrad,2024,healthcare,NA,NA,NA
Kaliningrad,2024,nonprofit,NA,NA,NA
Kaliningrad,2024,other,NA,NA,NA
Kaliningrad,2024,NA,NA,NA,NA
Kaliningrad,2025,archive,NA,NA,NA
Kaliningrad,2025,company,NA,NA,NA
Kaliningrad,2025,education,1105,634,4
Kaliningrad,2025,facility,11,4,1
Kaliningrad,2025,government,NA,NA,NA
Kaliningrad,2025,healthcare,NA,NA,NA
Kaliningrad,2025,nonprofit,NA,NA,NA
Kaliningrad,2025,other,NA,NA,NA
Kaliningrad,2025,NA,NA,NA,NA
Kaliningrad,2026,archive,NA,NA,NA
Kaliningrad,2026,company,NA,NA,NA
Kaliningrad,2026,education,753,57,4
Kaliningrad,2026,facility,8,0,1
Kaliningrad,2026,government,NA,NA,NA
Kaliningrad,2026,healthcare,NA,NA,NA
Kaliningrad,2026,nonprofit,NA,NA,NA
Kaliningrad,2026,other,NA,NA,NA
Kaliningrad,2026,NA,NA,NA,NA
Kaliningrad,2027,archive,NA,NA,NA
Kaliningrad,2027,company,NA,NA,NA
Kaliningrad,2027,education,NA,NA,NA
Kaliningrad,2027,facility,NA,NA,NA
Kaliningrad,2027,government,NA,NA,NA
Kaliningrad,2027,healthcare,NA,NA,NA
Kaliningrad,2027,nonprofit,NA,NA,NA
Kaliningrad,2027,other,NA,NA,NA
Kaliningrad,2027,NA,NA,NA,NA
Kaliningrad,2029,archive,NA,NA,NA
Kaliningrad,2029,company,NA,NA,NA
Kaliningrad,2029,education,NA,NA,NA
Kaliningrad,2029,facility,NA,NA,NA
Kaliningrad,2029,government,NA,NA,NA
Kaliningrad,2029,healthcare,NA,NA,NA
Kaliningrad,2029,nonprofit,NA,NA,NA
Kaliningrad,2029,other,NA,NA,NA
Kaliningrad,2029,NA,NA,NA,NA
Kaliningrad,NA,archive,NA,NA,NA
Kaliningrad,NA,company,NA,NA,NA
Kaliningrad,NA,education,NA,NA,NA
Kaliningrad,NA,facility,NA,NA,NA
Kaliningrad,NA,government,NA,NA,NA
Kaliningrad,NA,healthcare,NA,NA,NA
Kaliningrad,NA,nonprofit,NA,NA,NA
Kaliningrad,NA,other,NA,NA,NA
Kaliningrad,NA,NA,NA,NA,NA
Kalmyk,2010,archive,NA,NA,NA
Kalmyk,2010,company,NA,NA,NA
Kalmyk,2010,education,10,54,1
Kalmyk,2010,facility,15,1,1
Kalmyk,2010,government,NA,NA,NA
Kalmyk,2010,healthcare,NA,NA,NA
Kalmyk,2010,nonprofit,NA,NA,NA
Kalmyk,2010,other,NA,NA,NA
Kalmyk,2010,NA,NA,NA,NA
Kalmyk,2011,archive,NA,NA,NA
Kalmyk,2011,company,NA,NA,NA
Kalmyk,2011,education,13,14,1
Kalmyk,2011,facility,31,0,1
Kalmyk,2011,government,NA,NA,NA
Kalmyk,2011,healthcare,NA,NA,NA
Kalmyk,2011,nonprofit,NA,NA,NA
Kalmyk,2011,other,NA,NA,NA
Kalmyk,2011,NA,NA,NA,NA
Kalmyk,2012,archive,NA,NA,NA
Kalmyk,2012,company,NA,NA,NA
Kalmyk,2012,education,29,76,1
Kalmyk,2012,facility,26,238,1
Kalmyk,2012,government,NA,NA,NA
Kalmyk,2012,healthcare,NA,NA,NA
Kalmyk,2012,nonprofit,NA,NA,NA
Kalmyk,2012,other,NA,NA,NA
Kalmyk,2012,NA,NA,NA,NA
Kalmyk,2013,archive,NA,NA,NA
Kalmyk,2013,company,NA,NA,NA
Kalmyk,2013,education,53,55,1
Kalmyk,2013,facility,37,3,1
Kalmyk,2013,government,NA,NA,NA
Kalmyk,2013,healthcare,NA,NA,NA
Kalmyk,2013,nonprofit,NA,NA,NA
Kalmyk,2013,other,NA,NA,NA
Kalmyk,2013,NA,NA,NA,NA
Kalmyk,2014,archive,NA,NA,NA
Kalmyk,2014,company,NA,NA,NA
Kalmyk,2014,education,26,43,1
Kalmyk,2014,facility,83,7,1
Kalmyk,2014,government,NA,NA,NA
Kalmyk,2014,healthcare,NA,NA,NA
Kalmyk,2014,nonprofit,NA,NA,NA
Kalmyk,2014,other,NA,NA,NA
Kalmyk,2014,NA,NA,NA,NA
Kalmyk,2015,archive,NA,NA,NA
Kalmyk,2015,company,NA,NA,NA
Kalmyk,2015,education,48,72,1
Kalmyk,2015,facility,111,6,1
Kalmyk,2015,government,NA,NA,NA
Kalmyk,2015,healthcare,NA,NA,NA
Kalmyk,2015,nonprofit,NA,NA,NA
Kalmyk,2015,other,NA,NA,NA
Kalmyk,2015,NA,NA,NA,NA
Kalmyk,2016,archive,NA,NA,NA
Kalmyk,2016,company,NA,NA,NA
Kalmyk,2016,education,55,129,1
Kalmyk,2016,facility,75,16,1
Kalmyk,2016,government,NA,NA,NA
Kalmyk,2016,healthcare,NA,NA,NA
Kalmyk,2016,nonprofit,NA,NA,NA
Kalmyk,2016,other,NA,NA,NA
Kalmyk,2016,NA,NA,NA,NA
Kalmyk,2017,archive,NA,NA,NA
Kalmyk,2017,company,NA,NA,NA
Kalmyk,2017,education,46,84,1
Kalmyk,2017,facility,29,10,1
Kalmyk,2017,government,NA,NA,NA
Kalmyk,2017,healthcare,NA,NA,NA
Kalmyk,2017,nonprofit,NA,NA,NA
Kalmyk,2017,other,NA,NA,NA
Kalmyk,2017,NA,NA,NA,NA
Kalmyk,2018,archive,NA,NA,NA
Kalmyk,2018,company,NA,NA,NA
Kalmyk,2018,education,105,276,1
Kalmyk,2018,facility,9,8,1
Kalmyk,2018,government,NA,NA,NA
Kalmyk,2018,healthcare,NA,NA,NA
Kalmyk,2018,nonprofit,NA,NA,NA
Kalmyk,2018,other,NA,NA,NA
Kalmyk,2018,NA,NA,NA,NA
Kalmyk,2019,archive,NA,NA,NA
Kalmyk,2019,company,NA,NA,NA
Kalmyk,2019,education,158,317,1
Kalmyk,2019,facility,7,29,1
Kalmyk,2019,government,NA,NA,NA
Kalmyk,2019,healthcare,NA,NA,NA
Kalmyk,2019,nonprofit,NA,NA,NA
Kalmyk,2019,other,NA,NA,NA
Kalmyk,2019,NA,NA,NA,NA
Kalmyk,2020,archive,NA,NA,NA
Kalmyk,2020,company,NA,NA,NA
Kalmyk,2020,education,213,606,1
Kalmyk,2020,facility,34,27,1
Kalmyk,2020,government,NA,NA,NA
Kalmyk,2020,healthcare,NA,NA,NA
Kalmyk,2020,nonprofit,NA,NA,NA
Kalmyk,2020,other,NA,NA,NA
Kalmyk,2020,NA,NA,NA,NA
Kalmyk,2021,archive,NA,NA,NA
Kalmyk,2021,company,NA,NA,NA
Kalmyk,2021,education,273,227,1
Kalmyk,2021,facility,19,14,1
Kalmyk,2021,government,NA,NA,NA
Kalmyk,2021,healthcare,NA,NA,NA
Kalmyk,2021,nonprofit,NA,NA,NA
Kalmyk,2021,other,NA,NA,NA
Kalmyk,2021,NA,NA,NA,NA
Kalmyk,2022,archive,NA,NA,NA
Kalmyk,2022,company,NA,NA,NA
Kalmyk,2022,education,266,175,1
Kalmyk,2022,facility,15,194,1
Kalmyk,2022,government,NA,NA,NA
Kalmyk,2022,healthcare,NA,NA,NA
Kalmyk,2022,nonprofit,NA,NA,NA
Kalmyk,2022,other,NA,NA,NA
Kalmyk,2022,NA,NA,NA,NA
Kalmyk,2023,archive,NA,NA,NA
Kalmyk,2023,company,NA,NA,NA
Kalmyk,2023,education,154,139,1
Kalmyk,2023,facility,13,11,1
Kalmyk,2023,government,NA,NA,NA
Kalmyk,2023,healthcare,NA,NA,NA
Kalmyk,2023,nonprofit,NA,NA,NA
Kalmyk,2023,other,NA,NA,NA
Kalmyk,2023,NA,NA,NA,NA
Kalmyk,2024,archive,NA,NA,NA
Kalmyk,2024,company,NA,NA,NA
Kalmyk,2024,education,168,55,1
Kalmyk,2024,facility,3,0,1
Kalmyk,2024,government,NA,NA,NA
Kalmyk,2024,healthcare,NA,NA,NA
Kalmyk,2024,nonprofit,NA,NA,NA
Kalmyk,2024,other,NA,NA,NA
Kalmyk,2024,NA,NA,NA,NA
Kalmyk,2025,archive,NA,NA,NA
Kalmyk,2025,company,NA,NA,NA
Kalmyk,2025,education,237,26,1
Kalmyk,2025,facility,6,1,1
Kalmyk,2025,government,NA,NA,NA
Kalmyk,2025,healthcare,NA,NA,NA
Kalmyk,2025,nonprofit,NA,NA,NA
Kalmyk,2025,other,NA,NA,NA
Kalmyk,2025,NA,NA,NA,NA
Kalmyk,2026,archive,NA,NA,NA
Kalmyk,2026,company,NA,NA,NA
Kalmyk,2026,education,91,4,1
Kalmyk,2026,facility,1,0,1
Kalmyk,2026,government,NA,NA,NA
Kalmyk,2026,healthcare,NA,NA,NA
Kalmyk,2026,nonprofit,NA,NA,NA
Kalmyk,2026,other,NA,NA,NA
Kalmyk,2026,NA,NA,NA,NA
Kalmyk,2027,archive,NA,NA,NA
Kalmyk,2027,company,NA,NA,NA
Kalmyk,2027,education,NA,NA,NA
Kalmyk,2027,facility,NA,NA,NA
Kalmyk,2027,government,NA,NA,NA
Kalmyk,2027,healthcare,NA,NA,NA
Kalmyk,2027,nonprofit,NA,NA,NA
Kalmyk,2027,other,NA,NA,NA
Kalmyk,2027,NA,NA,NA,NA
Kalmyk,2029,archive,NA,NA,NA
Kalmyk,2029,company,NA,NA,NA
Kalmyk,2029,education,NA,NA,NA
Kalmyk,2029,facility,NA,NA,NA
Kalmyk,2029,government,NA,NA,NA
Kalmyk,2029,healthcare,NA,NA,NA
Kalmyk,2029,nonprofit,NA,NA,NA
Kalmyk,2029,other,NA,NA,NA
Kalmyk,2029,NA,NA,NA,NA
Kalmyk,NA,archive,NA,NA,NA
Kalmyk,NA,company,NA,NA,NA
Kalmyk,NA,education,NA,NA,NA
Kalmyk,NA,facility,NA,NA,NA
Kalmyk,NA,government,NA,NA,NA
Kalmyk,NA,healthcare,NA,NA,NA
Kalmyk,NA,nonprofit,NA,NA,NA
Kalmyk,NA,other,NA,NA,NA
Kalmyk,NA,NA,NA,NA,NA
Kaluga,2010,archive,NA,NA,NA
Kaluga,2010,company,NA,NA,NA
Kaluga,2010,education,26,133,2
Kaluga,2010,facility,167,2273,6
Kaluga,2010,government,NA,NA,NA
Kaluga,2010,healthcare,NA,NA,NA
Kaluga,2010,nonprofit,NA,NA,NA
Kaluga,2010,other,2,66,1
Kaluga,2010,NA,NA,NA,NA
Kaluga,2011,archive,1,43,1
Kaluga,2011,company,NA,NA,NA
Kaluga,2011,education,24,190,2
Kaluga,2011,facility,180,2373,6
Kaluga,2011,government,NA,NA,NA
Kaluga,2011,healthcare,NA,NA,NA
Kaluga,2011,nonprofit,NA,NA,NA
Kaluga,2011,other,11,914,1
Kaluga,2011,NA,NA,NA,NA
Kaluga,2012,archive,1,26,1
Kaluga,2012,company,NA,NA,NA
Kaluga,2012,education,23,123,2
Kaluga,2012,facility,182,3261,6
Kaluga,2012,government,NA,NA,NA
Kaluga,2012,healthcare,NA,NA,NA
Kaluga,2012,nonprofit,NA,NA,NA
Kaluga,2012,other,9,588,1
Kaluga,2012,NA,NA,NA,NA
Kaluga,2013,archive,1,29,1
Kaluga,2013,company,NA,NA,NA
Kaluga,2013,education,48,86,2
Kaluga,2013,facility,210,2620,5
Kaluga,2013,government,NA,NA,NA
Kaluga,2013,healthcare,NA,NA,NA
Kaluga,2013,nonprofit,NA,NA,NA
Kaluga,2013,other,14,1879,1
Kaluga,2013,NA,NA,NA,NA
Kaluga,2014,archive,NA,NA,NA
Kaluga,2014,company,NA,NA,NA
Kaluga,2014,education,56,867,2
Kaluga,2014,facility,270,3962,5
Kaluga,2014,government,NA,NA,NA
Kaluga,2014,healthcare,NA,NA,NA
Kaluga,2014,nonprofit,NA,NA,NA
Kaluga,2014,other,14,408,1
Kaluga,2014,NA,NA,NA,NA
Kaluga,2015,archive,4,48,1
Kaluga,2015,company,NA,NA,NA
Kaluga,2015,education,98,263,2
Kaluga,2015,facility,254,2153,5
Kaluga,2015,government,NA,NA,NA
Kaluga,2015,healthcare,NA,NA,NA
Kaluga,2015,nonprofit,NA,NA,NA
Kaluga,2015,other,10,298,1
Kaluga,2015,NA,NA,NA,NA
Kaluga,2016,archive,1,27,1
Kaluga,2016,company,NA,NA,NA
Kaluga,2016,education,121,390,2
Kaluga,2016,facility,274,1954,5
Kaluga,2016,government,NA,NA,NA
Kaluga,2016,healthcare,NA,NA,NA
Kaluga,2016,nonprofit,NA,NA,NA
Kaluga,2016,other,15,392,1
Kaluga,2016,NA,NA,NA,NA
Kaluga,2017,archive,4,81,1
Kaluga,2017,company,NA,NA,NA
Kaluga,2017,education,143,705,2
Kaluga,2017,facility,357,2396,7
Kaluga,2017,government,NA,NA,NA
Kaluga,2017,healthcare,NA,NA,NA
Kaluga,2017,nonprofit,NA,NA,NA
Kaluga,2017,other,10,223,1
Kaluga,2017,NA,NA,NA,NA
Kaluga,2018,archive,5,30,1
Kaluga,2018,company,NA,NA,NA
Kaluga,2018,education,166,448,2
Kaluga,2018,facility,335,2606,7
Kaluga,2018,government,NA,NA,NA
Kaluga,2018,healthcare,NA,NA,NA
Kaluga,2018,nonprofit,NA,NA,NA
Kaluga,2018,other,13,253,1
Kaluga,2018,NA,NA,NA,NA
Kaluga,2019,archive,4,2,1
Kaluga,2019,company,NA,NA,NA
Kaluga,2019,education,162,334,2
Kaluga,2019,facility,425,3223,7
Kaluga,2019,government,NA,NA,NA
Kaluga,2019,healthcare,NA,NA,NA
Kaluga,2019,nonprofit,NA,NA,NA
Kaluga,2019,other,14,258,1
Kaluga,2019,NA,NA,NA,NA
Kaluga,2020,archive,7,123,1
Kaluga,2020,company,NA,NA,NA
Kaluga,2020,education,250,444,2
Kaluga,2020,facility,469,2840,6
Kaluga,2020,government,NA,NA,NA
Kaluga,2020,healthcare,NA,NA,NA
Kaluga,2020,nonprofit,NA,NA,NA
Kaluga,2020,other,16,54,1
Kaluga,2020,NA,NA,NA,NA
Kaluga,2021,archive,7,109,1
Kaluga,2021,company,NA,NA,NA
Kaluga,2021,education,401,334,2
Kaluga,2021,facility,499,2709,7
Kaluga,2021,government,NA,NA,NA
Kaluga,2021,healthcare,NA,NA,NA
Kaluga,2021,nonprofit,NA,NA,NA
Kaluga,2021,other,13,80,1
Kaluga,2021,NA,NA,NA,NA
Kaluga,2022,archive,NA,NA,NA
Kaluga,2022,company,NA,NA,NA
Kaluga,2022,education,486,548,2
Kaluga,2022,facility,417,2311,5
Kaluga,2022,government,NA,NA,NA
Kaluga,2022,healthcare,NA,NA,NA
Kaluga,2022,nonprofit,NA,NA,NA
Kaluga,2022,other,14,117,1
Kaluga,2022,NA,NA,NA,NA
Kaluga,2023,archive,1,2,1
Kaluga,2023,company,NA,NA,NA
Kaluga,2023,education,308,505,2
Kaluga,2023,facility,443,1552,5
Kaluga,2023,government,NA,NA,NA
Kaluga,2023,healthcare,NA,NA,NA
Kaluga,2023,nonprofit,NA,NA,NA
Kaluga,2023,other,24,51,1
Kaluga,2023,NA,NA,NA,NA
Kaluga,2024,archive,1,1,1
Kaluga,2024,company,NA,NA,NA
Kaluga,2024,education,233,188,2
Kaluga,2024,facility,391,868,6
Kaluga,2024,government,NA,NA,NA
Kaluga,2024,healthcare,NA,NA,NA
Kaluga,2024,nonprofit,NA,NA,NA
Kaluga,2024,other,14,14,1
Kaluga,2024,NA,NA,NA,NA
Kaluga,2025,archive,NA,NA,NA
Kaluga,2025,company,NA,NA,NA
Kaluga,2025,education,225,151,2
Kaluga,2025,facility,348,362,6
Kaluga,2025,government,NA,NA,NA
Kaluga,2025,healthcare,NA,NA,NA
Kaluga,2025,nonprofit,NA,NA,NA
Kaluga,2025,other,13,5,1
Kaluga,2025,NA,NA,NA,NA
Kaluga,2026,archive,NA,NA,NA
Kaluga,2026,company,NA,NA,NA
Kaluga,2026,education,222,11,2
Kaluga,2026,facility,247,29,6
Kaluga,2026,government,NA,NA,NA
Kaluga,2026,healthcare,NA,NA,NA
Kaluga,2026,nonprofit,NA,NA,NA
Kaluga,2026,other,5,0,1
Kaluga,2026,NA,NA,NA,NA
Kaluga,2027,archive,NA,NA,NA
Kaluga,2027,company,NA,NA,NA
Kaluga,2027,education,NA,NA,NA
Kaluga,2027,facility,NA,NA,NA
Kaluga,2027,government,NA,NA,NA
Kaluga,2027,healthcare,NA,NA,NA
Kaluga,2027,nonprofit,NA,NA,NA
Kaluga,2027,other,NA,NA,NA
Kaluga,2027,NA,NA,NA,NA
Kaluga,2029,archive,NA,NA,NA
Kaluga,2029,company,NA,NA,NA
Kaluga,2029,education,NA,NA,NA
Kaluga,2029,facility,NA,NA,NA
Kaluga,2029,government,NA,NA,NA
Kaluga,2029,healthcare,NA,NA,NA
Kaluga,2029,nonprofit,NA,NA,NA
Kaluga,2029,other,NA,NA,NA
Kaluga,2029,NA,NA,NA,NA
Kaluga,NA,archive,NA,NA,NA
Kaluga,NA,company,NA,NA,NA
Kaluga,NA,education,NA,NA,NA
Kaluga,NA,facility,NA,NA,NA
Kaluga,NA,government,NA,NA,NA
Kaluga,NA,healthcare,NA,NA,NA
Kaluga,NA,nonprofit,NA,NA,NA
Kaluga,NA,other,NA,NA,NA
Kaluga,NA,NA,NA,NA,NA
Kamchatka,2010,archive,1,4,1
Kamchatka,2010,company,NA,NA,NA
Kamchatka,2010,education,11,22,2
Kamchatka,2010,facility,68,881,2
Kamchatka,2010,government,NA,NA,NA
Kamchatka,2010,healthcare,NA,NA,NA
Kamchatka,2010,nonprofit,NA,NA,NA
Kamchatka,2010,other,NA,NA,NA
Kamchatka,2010,NA,NA,NA,NA
Kamchatka,2011,archive,1,1,1
Kamchatka,2011,company,NA,NA,NA
Kamchatka,2011,education,8,46,2
Kamchatka,2011,facility,85,948,2
Kamchatka,2011,government,NA,NA,NA
Kamchatka,2011,healthcare,NA,NA,NA
Kamchatka,2011,nonprofit,NA,NA,NA
Kamchatka,2011,other,NA,NA,NA
Kamchatka,2011,NA,NA,NA,NA
Kamchatka,2012,archive,NA,NA,NA
Kamchatka,2012,company,NA,NA,NA
Kamchatka,2012,education,17,78,2
Kamchatka,2012,facility,72,915,2
Kamchatka,2012,government,NA,NA,NA
Kamchatka,2012,healthcare,NA,NA,NA
Kamchatka,2012,nonprofit,NA,NA,NA
Kamchatka,2012,other,NA,NA,NA
Kamchatka,2012,NA,NA,NA,NA
Kamchatka,2013,archive,1,0,1
Kamchatka,2013,company,NA,NA,NA
Kamchatka,2013,education,12,113,2
Kamchatka,2013,facility,90,1252,2
Kamchatka,2013,government,NA,NA,NA
Kamchatka,2013,healthcare,NA,NA,NA
Kamchatka,2013,nonprofit,NA,NA,NA
Kamchatka,2013,other,NA,NA,NA
Kamchatka,2013,NA,NA,NA,NA
Kamchatka,2014,archive,NA,NA,NA
Kamchatka,2014,company,NA,NA,NA
Kamchatka,2014,education,41,298,2
Kamchatka,2014,facility,124,1612,2
Kamchatka,2014,government,NA,NA,NA
Kamchatka,2014,healthcare,NA,NA,NA
Kamchatka,2014,nonprofit,NA,NA,NA
Kamchatka,2014,other,NA,NA,NA
Kamchatka,2014,NA,NA,NA,NA
Kamchatka,2015,archive,10,137,1
Kamchatka,2015,company,NA,NA,NA
Kamchatka,2015,education,43,164,2
Kamchatka,2015,facility,135,1630,2
Kamchatka,2015,government,NA,NA,NA
Kamchatka,2015,healthcare,NA,NA,NA
Kamchatka,2015,nonprofit,NA,NA,NA
Kamchatka,2015,other,NA,NA,NA
Kamchatka,2015,NA,NA,NA,NA
Kamchatka,2016,archive,2,31,1
Kamchatka,2016,company,NA,NA,NA
Kamchatka,2016,education,58,146,2
Kamchatka,2016,facility,199,1618,2
Kamchatka,2016,government,NA,NA,NA
Kamchatka,2016,healthcare,NA,NA,NA
Kamchatka,2016,nonprofit,NA,NA,NA
Kamchatka,2016,other,NA,NA,NA
Kamchatka,2016,NA,NA,NA,NA
Kamchatka,2017,archive,10,131,1
Kamchatka,2017,company,NA,NA,NA
Kamchatka,2017,education,59,222,2
Kamchatka,2017,facility,201,1700,2
Kamchatka,2017,government,NA,NA,NA
Kamchatka,2017,healthcare,NA,NA,NA
Kamchatka,2017,nonprofit,NA,NA,NA
Kamchatka,2017,other,NA,NA,NA
Kamchatka,2017,NA,NA,NA,NA
Kamchatka,2018,archive,17,198,1
Kamchatka,2018,company,NA,NA,NA
Kamchatka,2018,education,52,178,2
Kamchatka,2018,facility,193,1394,2
Kamchatka,2018,government,NA,NA,NA
Kamchatka,2018,healthcare,NA,NA,NA
Kamchatka,2018,nonprofit,NA,NA,NA
Kamchatka,2018,other,NA,NA,NA
Kamchatka,2018,NA,NA,NA,NA
Kamchatka,2019,archive,9,35,1
Kamchatka,2019,company,NA,NA,NA
Kamchatka,2019,education,55,118,2
Kamchatka,2019,facility,246,1446,2
Kamchatka,2019,government,NA,NA,NA
Kamchatka,2019,healthcare,NA,NA,NA
Kamchatka,2019,nonprofit,NA,NA,NA
Kamchatka,2019,other,NA,NA,NA
Kamchatka,2019,NA,NA,NA,NA
Kamchatka,2020,archive,15,253,1
Kamchatka,2020,company,NA,NA,NA
Kamchatka,2020,education,55,191,2
Kamchatka,2020,facility,199,1928,2
Kamchatka,2020,government,NA,NA,NA
Kamchatka,2020,healthcare,NA,NA,NA
Kamchatka,2020,nonprofit,NA,NA,NA
Kamchatka,2020,other,NA,NA,NA
Kamchatka,2020,NA,NA,NA,NA
Kamchatka,2021,archive,14,206,1
Kamchatka,2021,company,NA,NA,NA
Kamchatka,2021,education,92,234,2
Kamchatka,2021,facility,199,1289,2
Kamchatka,2021,government,NA,NA,NA
Kamchatka,2021,healthcare,NA,NA,NA
Kamchatka,2021,nonprofit,NA,NA,NA
Kamchatka,2021,other,NA,NA,NA
Kamchatka,2021,NA,NA,NA,NA
Kamchatka,2022,archive,12,170,1
Kamchatka,2022,company,NA,NA,NA
Kamchatka,2022,education,71,132,2
Kamchatka,2022,facility,170,1024,2
Kamchatka,2022,government,NA,NA,NA
Kamchatka,2022,healthcare,NA,NA,NA
Kamchatka,2022,nonprofit,NA,NA,NA
Kamchatka,2022,other,NA,NA,NA
Kamchatka,2022,NA,NA,NA,NA
Kamchatka,2023,archive,8,40,1
Kamchatka,2023,company,NA,NA,NA
Kamchatka,2023,education,61,96,2
Kamchatka,2023,facility,199,568,2
Kamchatka,2023,government,NA,NA,NA
Kamchatka,2023,healthcare,NA,NA,NA
Kamchatka,2023,nonprofit,NA,NA,NA
Kamchatka,2023,other,NA,NA,NA
Kamchatka,2023,NA,NA,NA,NA
Kamchatka,2024,archive,4,7,1
Kamchatka,2024,company,NA,NA,NA
Kamchatka,2024,education,87,41,2
Kamchatka,2024,facility,178,248,2
Kamchatka,2024,government,NA,NA,NA
Kamchatka,2024,healthcare,NA,NA,NA
Kamchatka,2024,nonprofit,NA,NA,NA
Kamchatka,2024,other,NA,NA,NA
Kamchatka,2024,NA,NA,NA,NA
Kamchatka,2025,archive,6,3,1
Kamchatka,2025,company,NA,NA,NA
Kamchatka,2025,education,87,25,2
Kamchatka,2025,facility,170,142,2
Kamchatka,2025,government,NA,NA,NA
Kamchatka,2025,healthcare,NA,NA,NA
Kamchatka,2025,nonprofit,NA,NA,NA
Kamchatka,2025,other,NA,NA,NA
Kamchatka,2025,NA,NA,NA,NA
Kamchatka,2026,archive,2,0,1
Kamchatka,2026,company,NA,NA,NA
Kamchatka,2026,education,69,2,2
Kamchatka,2026,facility,123,12,2
Kamchatka,2026,government,NA,NA,NA
Kamchatka,2026,healthcare,NA,NA,NA
Kamchatka,2026,nonprofit,NA,NA,NA
Kamchatka,2026,other,NA,NA,NA
Kamchatka,2026,NA,NA,NA,NA
Kamchatka,2027,archive,NA,NA,NA
Kamchatka,2027,company,NA,NA,NA
Kamchatka,2027,education,NA,NA,NA
Kamchatka,2027,facility,NA,NA,NA
Kamchatka,2027,government,NA,NA,NA
Kamchatka,2027,healthcare,NA,NA,NA
Kamchatka,2027,nonprofit,NA,NA,NA
Kamchatka,2027,other,NA,NA,NA
Kamchatka,2027,NA,NA,NA,NA
Kamchatka,2029,archive,NA,NA,NA
Kamchatka,2029,company,NA,NA,NA
Kamchatka,2029,education,NA,NA,NA
Kamchatka,2029,facility,NA,NA,NA
Kamchatka,2029,government,NA,NA,NA
Kamchatka,2029,healthcare,NA,NA,NA
Kamchatka,2029,nonprofit,NA,NA,NA
Kamchatka,2029,other,NA,NA,NA
Kamchatka,2029,NA,NA,NA,NA
Kamchatka,NA,archive,NA,NA,NA
Kamchatka,NA,company,NA,NA,NA
Kamchatka,NA,education,NA,NA,NA
Kamchatka,NA,facility,NA,NA,NA
Kamchatka,NA,government,NA,NA,NA
Kamchatka,NA,healthcare,NA,NA,NA
Kamchatka,NA,nonprofit,NA,NA,NA
Kamchatka,NA,other,NA,NA,NA
Kamchatka,NA,NA,NA,NA,NA
Karachay-Cherkess,2010,archive,NA,NA,NA
Karachay-Cherkess,2010,company,NA,NA,NA
Karachay-Cherkess,2010,education,7,9,2
Karachay-Cherkess,2010,facility,151,3359,1
Karachay-Cherkess,2010,government,NA,NA,NA
Karachay-Cherkess,2010,healthcare,NA,NA,NA
Karachay-Cherkess,2010,nonprofit,NA,NA,NA
Karachay-Cherkess,2010,other,NA,NA,NA
Karachay-Cherkess,2010,NA,NA,NA,NA
Karachay-Cherkess,2011,archive,NA,NA,NA
Karachay-Cherkess,2011,company,NA,NA,NA
Karachay-Cherkess,2011,education,6,2,3
Karachay-Cherkess,2011,facility,151,3283,1
Karachay-Cherkess,2011,government,NA,NA,NA
Karachay-Cherkess,2011,healthcare,NA,NA,NA
Karachay-Cherkess,2011,nonprofit,NA,NA,NA
Karachay-Cherkess,2011,other,NA,NA,NA
Karachay-Cherkess,2011,NA,NA,NA,NA
Karachay-Cherkess,2012,archive,NA,NA,NA
Karachay-Cherkess,2012,company,NA,NA,NA
Karachay-Cherkess,2012,education,18,36,3
Karachay-Cherkess,2012,facility,120,2265,1
Karachay-Cherkess,2012,government,NA,NA,NA
Karachay-Cherkess,2012,healthcare,NA,NA,NA
Karachay-Cherkess,2012,nonprofit,NA,NA,NA
Karachay-Cherkess,2012,other,NA,NA,NA
Karachay-Cherkess,2012,NA,NA,NA,NA
Karachay-Cherkess,2013,archive,NA,NA,NA
Karachay-Cherkess,2013,company,NA,NA,NA
Karachay-Cherkess,2013,education,9,54,2
Karachay-Cherkess,2013,facility,141,3995,1
Karachay-Cherkess,2013,government,NA,NA,NA
Karachay-Cherkess,2013,healthcare,NA,NA,NA
Karachay-Cherkess,2013,nonprofit,NA,NA,NA
Karachay-Cherkess,2013,other,NA,NA,NA
Karachay-Cherkess,2013,NA,NA,NA,NA
Karachay-Cherkess,2014,archive,NA,NA,NA
Karachay-Cherkess,2014,company,NA,NA,NA
Karachay-Cherkess,2014,education,17,82,4
Karachay-Cherkess,2014,facility,143,19058,1
Karachay-Cherkess,2014,government,NA,NA,NA
Karachay-Cherkess,2014,healthcare,NA,NA,NA
Karachay-Cherkess,2014,nonprofit,NA,NA,NA
Karachay-Cherkess,2014,other,NA,NA,NA
Karachay-Cherkess,2014,NA,NA,NA,NA
Karachay-Cherkess,2015,archive,NA,NA,NA
Karachay-Cherkess,2015,company,NA,NA,NA
Karachay-Cherkess,2015,education,25,64,4
Karachay-Cherkess,2015,facility,157,8506,1
Karachay-Cherkess,2015,government,NA,NA,NA
Karachay-Cherkess,2015,healthcare,NA,NA,NA
Karachay-Cherkess,2015,nonprofit,NA,NA,NA
Karachay-Cherkess,2015,other,NA,NA,NA
Karachay-Cherkess,2015,NA,NA,NA,NA
Karachay-Cherkess,2016,archive,NA,NA,NA
Karachay-Cherkess,2016,company,NA,NA,NA
Karachay-Cherkess,2016,education,47,170,5
Karachay-Cherkess,2016,facility,201,22207,1
Karachay-Cherkess,2016,government,NA,NA,NA
Karachay-Cherkess,2016,healthcare,NA,NA,NA
Karachay-Cherkess,2016,nonprofit,NA,NA,NA
Karachay-Cherkess,2016,other,NA,NA,NA
Karachay-Cherkess,2016,NA,NA,NA,NA
Karachay-Cherkess,2017,archive,NA,NA,NA
Karachay-Cherkess,2017,company,NA,NA,NA
Karachay-Cherkess,2017,education,63,327,4
Karachay-Cherkess,2017,facility,177,2160,1
Karachay-Cherkess,2017,government,NA,NA,NA
Karachay-Cherkess,2017,healthcare,NA,NA,NA
Karachay-Cherkess,2017,nonprofit,NA,NA,NA
Karachay-Cherkess,2017,other,NA,NA,NA
Karachay-Cherkess,2017,NA,NA,NA,NA
Karachay-Cherkess,2018,archive,NA,NA,NA
Karachay-Cherkess,2018,company,NA,NA,NA
Karachay-Cherkess,2018,education,52,208,5
Karachay-Cherkess,2018,facility,188,2552,1
Karachay-Cherkess,2018,government,NA,NA,NA
Karachay-Cherkess,2018,healthcare,NA,NA,NA
Karachay-Cherkess,2018,nonprofit,NA,NA,NA
Karachay-Cherkess,2018,other,NA,NA,NA
Karachay-Cherkess,2018,NA,NA,NA,NA
Karachay-Cherkess,2019,archive,NA,NA,NA
Karachay-Cherkess,2019,company,NA,NA,NA
Karachay-Cherkess,2019,education,102,234,5
Karachay-Cherkess,2019,facility,167,2315,1
Karachay-Cherkess,2019,government,NA,NA,NA
Karachay-Cherkess,2019,healthcare,NA,NA,NA
Karachay-Cherkess,2019,nonprofit,NA,NA,NA
Karachay-Cherkess,2019,other,NA,NA,NA
Karachay-Cherkess,2019,NA,NA,NA,NA
Karachay-Cherkess,2020,archive,NA,NA,NA
Karachay-Cherkess,2020,company,NA,NA,NA
Karachay-Cherkess,2020,education,180,633,5
Karachay-Cherkess,2020,facility,234,2326,1
Karachay-Cherkess,2020,government,NA,NA,NA
Karachay-Cherkess,2020,healthcare,NA,NA,NA
Karachay-Cherkess,2020,nonprofit,NA,NA,NA
Karachay-Cherkess,2020,other,NA,NA,NA
Karachay-Cherkess,2020,NA,NA,NA,NA
Karachay-Cherkess,2021,archive,NA,NA,NA
Karachay-Cherkess,2021,company,NA,NA,NA
Karachay-Cherkess,2021,education,217,407,4
Karachay-Cherkess,2021,facility,182,2035,1
Karachay-Cherkess,2021,government,NA,NA,NA
Karachay-Cherkess,2021,healthcare,NA,NA,NA
Karachay-Cherkess,2021,nonprofit,NA,NA,NA
Karachay-Cherkess,2021,other,NA,NA,NA
Karachay-Cherkess,2021,NA,NA,NA,NA
Karachay-Cherkess,2022,archive,NA,NA,NA
Karachay-Cherkess,2022,company,NA,NA,NA
Karachay-Cherkess,2022,education,190,119,4
Karachay-Cherkess,2022,facility,190,1334,1
Karachay-Cherkess,2022,government,NA,NA,NA
Karachay-Cherkess,2022,healthcare,NA,NA,NA
Karachay-Cherkess,2022,nonprofit,NA,NA,NA
Karachay-Cherkess,2022,other,NA,NA,NA
Karachay-Cherkess,2022,NA,NA,NA,NA
Karachay-Cherkess,2023,archive,NA,NA,NA
Karachay-Cherkess,2023,company,NA,NA,NA
Karachay-Cherkess,2023,education,145,216,4
Karachay-Cherkess,2023,facility,221,1109,1
Karachay-Cherkess,2023,government,NA,NA,NA
Karachay-Cherkess,2023,healthcare,NA,NA,NA
Karachay-Cherkess,2023,nonprofit,NA,NA,NA
Karachay-Cherkess,2023,other,NA,NA,NA
Karachay-Cherkess,2023,NA,NA,NA,NA
Karachay-Cherkess,2024,archive,NA,NA,NA
Karachay-Cherkess,2024,company,NA,NA,NA
Karachay-Cherkess,2024,education,193,107,4
Karachay-Cherkess,2024,facility,238,715,1
Karachay-Cherkess,2024,government,NA,NA,NA
Karachay-Cherkess,2024,healthcare,NA,NA,NA
Karachay-Cherkess,2024,nonprofit,NA,NA,NA
Karachay-Cherkess,2024,other,NA,NA,NA
Karachay-Cherkess,2024,NA,NA,NA,NA
Karachay-Cherkess,2025,archive,NA,NA,NA
Karachay-Cherkess,2025,company,NA,NA,NA
Karachay-Cherkess,2025,education,158,26,3
Karachay-Cherkess,2025,facility,138,157,1
Karachay-Cherkess,2025,government,NA,NA,NA
Karachay-Cherkess,2025,healthcare,NA,NA,NA
Karachay-Cherkess,2025,nonprofit,NA,NA,NA
Karachay-Cherkess,2025,other,NA,NA,NA
Karachay-Cherkess,2025,NA,NA,NA,NA
Karachay-Cherkess,2026,archive,NA,NA,NA
Karachay-Cherkess,2026,company,NA,NA,NA
Karachay-Cherkess,2026,education,197,6,4
Karachay-Cherkess,2026,facility,137,15,1
Karachay-Cherkess,2026,government,NA,NA,NA
Karachay-Cherkess,2026,healthcare,NA,NA,NA
Karachay-Cherkess,2026,nonprofit,NA,NA,NA
Karachay-Cherkess,2026,other,NA,NA,NA
Karachay-Cherkess,2026,NA,NA,NA,NA
Karachay-Cherkess,2027,archive,NA,NA,NA
Karachay-Cherkess,2027,company,NA,NA,NA
Karachay-Cherkess,2027,education,NA,NA,NA
Karachay-Cherkess,2027,facility,NA,NA,NA
Karachay-Cherkess,2027,government,NA,NA,NA
Karachay-Cherkess,2027,healthcare,NA,NA,NA
Karachay-Cherkess,2027,nonprofit,NA,NA,NA
Karachay-Cherkess,2027,other,NA,NA,NA
Karachay-Cherkess,2027,NA,NA,NA,NA
Karachay-Cherkess,2029,archive,NA,NA,NA
Karachay-Cherkess,2029,company,NA,NA,NA
Karachay-Cherkess,2029,education,NA,NA,NA
Karachay-Cherkess,2029,facility,NA,NA,NA
Karachay-Cherkess,2029,government,NA,NA,NA
Karachay-Cherkess,2029,healthcare,NA,NA,NA
Karachay-Cherkess,2029,nonprofit,NA,NA,NA
Karachay-Cherkess,2029,other,NA,NA,NA
Karachay-Cherkess,2029,NA,NA,NA,NA
Karachay-Cherkess,NA,archive,NA,NA,NA
Karachay-Cherkess,NA,company,NA,NA,NA
Karachay-Cherkess,NA,education,NA,NA,NA
Karachay-Cherkess,NA,facility,NA,NA,NA
Karachay-Cherkess,NA,government,NA,NA,NA
Karachay-Cherkess,NA,healthcare,NA,NA,NA
Karachay-Cherkess,NA,nonprofit,NA,NA,NA
Karachay-Cherkess,NA,other,NA,NA,NA
Karachay-Cherkess,NA,NA,NA,NA,NA
Karelia,2010,archive,1,7,1
Karelia,2010,company,NA,NA,NA
Karelia,2010,education,65,715,2
Karelia,2010,facility,154,2686,4
Karelia,2010,government,NA,NA,NA
Karelia,2010,healthcare,NA,NA,NA
Karelia,2010,nonprofit,NA,NA,NA
Karelia,2010,other,1,0,1
Karelia,2010,NA,NA,NA,NA
Karelia,2011,archive,NA,NA,NA
Karelia,2011,company,NA,NA,NA
Karelia,2011,education,84,354,2
Karelia,2011,facility,103,1142,4
Karelia,2011,government,NA,NA,NA
Karelia,2011,healthcare,NA,NA,NA
Karelia,2011,nonprofit,NA,NA,NA
Karelia,2011,other,1,1,1
Karelia,2011,NA,NA,NA,NA
Karelia,2012,archive,NA,NA,NA
Karelia,2012,company,NA,NA,NA
Karelia,2012,education,118,589,2
Karelia,2012,facility,166,2958,4
Karelia,2012,government,NA,NA,NA
Karelia,2012,healthcare,NA,NA,NA
Karelia,2012,nonprofit,NA,NA,NA
Karelia,2012,other,NA,NA,NA
Karelia,2012,NA,NA,NA,NA
Karelia,2013,archive,1,14,1
Karelia,2013,company,NA,NA,NA
Karelia,2013,education,143,1088,3
Karelia,2013,facility,186,2419,4
Karelia,2013,government,NA,NA,NA
Karelia,2013,healthcare,NA,NA,NA
Karelia,2013,nonprofit,NA,NA,NA
Karelia,2013,other,2,352,1
Karelia,2013,NA,NA,NA,NA
Karelia,2014,archive,3,0,1
Karelia,2014,company,NA,NA,NA
Karelia,2014,education,179,1109,2
Karelia,2014,facility,218,3909,4
Karelia,2014,government,NA,NA,NA
Karelia,2014,healthcare,NA,NA,NA
Karelia,2014,nonprofit,NA,NA,NA
Karelia,2014,other,NA,NA,NA
Karelia,2014,NA,NA,NA,NA
Karelia,2015,archive,2,0,1
Karelia,2015,company,NA,NA,NA
Karelia,2015,education,251,1224,2
Karelia,2015,facility,345,2902,4
Karelia,2015,government,NA,NA,NA
Karelia,2015,healthcare,NA,NA,NA
Karelia,2015,nonprofit,NA,NA,NA
Karelia,2015,other,4,106,1
Karelia,2015,NA,NA,NA,NA
Karelia,2016,archive,2,4,2
Karelia,2016,company,NA,NA,NA
Karelia,2016,education,270,2457,3
Karelia,2016,facility,400,3875,4
Karelia,2016,government,NA,NA,NA
Karelia,2016,healthcare,NA,NA,NA
Karelia,2016,nonprofit,NA,NA,NA
Karelia,2016,other,1,2,1
Karelia,2016,NA,NA,NA,NA
Karelia,2017,archive,5,12,2
Karelia,2017,company,NA,NA,NA
Karelia,2017,education,307,1981,2
Karelia,2017,facility,521,5377,4
Karelia,2017,government,NA,NA,NA
Karelia,2017,healthcare,NA,NA,NA
Karelia,2017,nonprofit,NA,NA,NA
Karelia,2017,other,NA,NA,NA
Karelia,2017,NA,NA,NA,NA
Karelia,2018,archive,11,71,2
Karelia,2018,company,NA,NA,NA
Karelia,2018,education,322,2536,2
Karelia,2018,facility,579,4174,4
Karelia,2018,government,NA,NA,NA
Karelia,2018,healthcare,NA,NA,NA
Karelia,2018,nonprofit,NA,NA,NA
Karelia,2018,other,7,15,1
Karelia,2018,NA,NA,NA,NA
Karelia,2019,archive,6,8,2
Karelia,2019,company,NA,NA,NA
Karelia,2019,education,422,1207,3
Karelia,2019,facility,702,5984,4
Karelia,2019,government,NA,NA,NA
Karelia,2019,healthcare,NA,NA,NA
Karelia,2019,nonprofit,NA,NA,NA
Karelia,2019,other,28,5,1
Karelia,2019,NA,NA,NA,NA
Karelia,2020,archive,12,236,2
Karelia,2020,company,NA,NA,NA
Karelia,2020,education,477,1595,2
Karelia,2020,facility,761,6249,4
Karelia,2020,government,NA,NA,NA
Karelia,2020,healthcare,NA,NA,NA
Karelia,2020,nonprofit,NA,NA,NA
Karelia,2020,other,10,155,1
Karelia,2020,NA,NA,NA,NA
Karelia,2021,archive,10,237,2
Karelia,2021,company,NA,NA,NA
Karelia,2021,education,552,1570,3
Karelia,2021,facility,738,4329,4
Karelia,2021,government,NA,NA,NA
Karelia,2021,healthcare,NA,NA,NA
Karelia,2021,nonprofit,NA,NA,NA
Karelia,2021,other,4,105,1
Karelia,2021,NA,NA,NA,NA
Karelia,2022,archive,NA,NA,NA
Karelia,2022,company,NA,NA,NA
Karelia,2022,education,506,1309,3
Karelia,2022,facility,722,3884,4
Karelia,2022,government,NA,NA,NA
Karelia,2022,healthcare,NA,NA,NA
Karelia,2022,nonprofit,NA,NA,NA
Karelia,2022,other,2,9,1
Karelia,2022,NA,NA,NA,NA
Karelia,2023,archive,4,2,2
Karelia,2023,company,NA,NA,NA
Karelia,2023,education,579,1096,2
Karelia,2023,facility,831,2241,4
Karelia,2023,government,NA,NA,NA
Karelia,2023,healthcare,NA,NA,NA
Karelia,2023,nonprofit,NA,NA,NA
Karelia,2023,other,NA,NA,NA
Karelia,2023,NA,NA,NA,NA
Karelia,2024,archive,NA,NA,NA
Karelia,2024,company,NA,NA,NA
Karelia,2024,education,489,446,3
Karelia,2024,facility,795,1141,4
Karelia,2024,government,NA,NA,NA
Karelia,2024,healthcare,NA,NA,NA
Karelia,2024,nonprofit,NA,NA,NA
Karelia,2024,other,2,1,1
Karelia,2024,NA,NA,NA,NA
Karelia,2025,archive,2,0,2
Karelia,2025,company,NA,NA,NA
Karelia,2025,education,408,147,3
Karelia,2025,facility,567,438,4
Karelia,2025,government,NA,NA,NA
Karelia,2025,healthcare,NA,NA,NA
Karelia,2025,nonprofit,NA,NA,NA
Karelia,2025,other,4,1,1
Karelia,2025,NA,NA,NA,NA
Karelia,2026,archive,1,1,1
Karelia,2026,company,NA,NA,NA
Karelia,2026,education,321,19,2
Karelia,2026,facility,419,43,4
Karelia,2026,government,NA,NA,NA
Karelia,2026,healthcare,NA,NA,NA
Karelia,2026,nonprofit,NA,NA,NA
Karelia,2026,other,3,5,1
Karelia,2026,NA,NA,NA,NA
Karelia,2027,archive,NA,NA,NA
Karelia,2027,company,NA,NA,NA
Karelia,2027,education,NA,NA,NA
Karelia,2027,facility,NA,NA,NA
Karelia,2027,government,NA,NA,NA
Karelia,2027,healthcare,NA,NA,NA
Karelia,2027,nonprofit,NA,NA,NA
Karelia,2027,other,NA,NA,NA
Karelia,2027,NA,NA,NA,NA
Karelia,2029,archive,NA,NA,NA
Karelia,2029,company,NA,NA,NA
Karelia,2029,education,NA,NA,NA
Karelia,2029,facility,NA,NA,NA
Karelia,2029,government,NA,NA,NA
Karelia,2029,healthcare,NA,NA,NA
Karelia,2029,nonprofit,NA,NA,NA
Karelia,2029,other,NA,NA,NA
Karelia,2029,NA,NA,NA,NA
Karelia,NA,archive,NA,NA,NA
Karelia,NA,company,NA,NA,NA
Karelia,NA,education,NA,NA,NA
Karelia,NA,facility,NA,NA,NA
Karelia,NA,government,NA,NA,NA
Karelia,NA,healthcare,NA,NA,NA
Karelia,NA,nonprofit,NA,NA,NA
Karelia,NA,other,NA,NA,NA
Karelia,NA,NA,NA,NA,NA
Kemerovo,2010,archive,NA,NA,NA
Kemerovo,2010,company,NA,NA,NA
Kemerovo,2010,education,127,730,7
Kemerovo,2010,facility,100,1448,6
Kemerovo,2010,government,NA,NA,NA
Kemerovo,2010,healthcare,NA,NA,NA
Kemerovo,2010,nonprofit,NA,NA,NA
Kemerovo,2010,other,NA,NA,NA
Kemerovo,2010,NA,NA,NA,NA
Kemerovo,2011,archive,NA,NA,NA
Kemerovo,2011,company,NA,NA,NA
Kemerovo,2011,education,160,1456,9
Kemerovo,2011,facility,94,1013,5
Kemerovo,2011,government,NA,NA,NA
Kemerovo,2011,healthcare,1,0,1
Kemerovo,2011,nonprofit,NA,NA,NA
Kemerovo,2011,other,NA,NA,NA
Kemerovo,2011,NA,NA,NA,NA
Kemerovo,2012,archive,NA,NA,NA
Kemerovo,2012,company,NA,NA,NA
Kemerovo,2012,education,290,1308,8
Kemerovo,2012,facility,125,2897,6
Kemerovo,2012,government,NA,NA,NA
Kemerovo,2012,healthcare,NA,NA,NA
Kemerovo,2012,nonprofit,NA,NA,NA
Kemerovo,2012,other,NA,NA,NA
Kemerovo,2012,NA,NA,NA,NA
Kemerovo,2013,archive,NA,NA,NA
Kemerovo,2013,company,NA,NA,NA
Kemerovo,2013,education,593,1006,8
Kemerovo,2013,facility,189,1909,7
Kemerovo,2013,government,NA,NA,NA
Kemerovo,2013,healthcare,1,0,1
Kemerovo,2013,nonprofit,NA,NA,NA
Kemerovo,2013,other,NA,NA,NA
Kemerovo,2013,NA,NA,NA,NA
Kemerovo,2014,archive,NA,NA,NA
Kemerovo,2014,company,NA,NA,NA
Kemerovo,2014,education,654,1604,9
Kemerovo,2014,facility,234,3415,6
Kemerovo,2014,government,NA,NA,NA
Kemerovo,2014,healthcare,2,0,1
Kemerovo,2014,nonprofit,NA,NA,NA
Kemerovo,2014,other,NA,NA,NA
Kemerovo,2014,NA,NA,NA,NA
Kemerovo,2015,archive,NA,NA,NA
Kemerovo,2015,company,NA,NA,NA
Kemerovo,2015,education,1232,2733,8
Kemerovo,2015,facility,368,2646,7
Kemerovo,2015,government,NA,NA,NA
Kemerovo,2015,healthcare,1,0,1
Kemerovo,2015,nonprofit,NA,NA,NA
Kemerovo,2015,other,NA,NA,NA
Kemerovo,2015,NA,NA,NA,NA
Kemerovo,2016,archive,NA,NA,NA
Kemerovo,2016,company,NA,NA,NA
Kemerovo,2016,education,1059,2603,8
Kemerovo,2016,facility,441,4067,7
Kemerovo,2016,government,NA,NA,NA
Kemerovo,2016,healthcare,2,5,1
Kemerovo,2016,nonprofit,NA,NA,NA
Kemerovo,2016,other,NA,NA,NA
Kemerovo,2016,NA,NA,NA,NA
Kemerovo,2017,archive,NA,NA,NA
Kemerovo,2017,company,NA,NA,NA
Kemerovo,2017,education,978,3479,9
Kemerovo,2017,facility,592,4627,8
Kemerovo,2017,government,NA,NA,NA
Kemerovo,2017,healthcare,NA,NA,NA
Kemerovo,2017,nonprofit,NA,NA,NA
Kemerovo,2017,other,NA,NA,NA
Kemerovo,2017,NA,NA,NA,NA
Kemerovo,2018,archive,NA,NA,NA
Kemerovo,2018,company,NA,NA,NA
Kemerovo,2018,education,1042,3734,7
Kemerovo,2018,facility,467,3289,8
Kemerovo,2018,government,NA,NA,NA
Kemerovo,2018,healthcare,NA,NA,NA
Kemerovo,2018,nonprofit,NA,NA,NA
Kemerovo,2018,other,NA,NA,NA
Kemerovo,2018,NA,NA,NA,NA
Kemerovo,2019,archive,NA,NA,NA
Kemerovo,2019,company,NA,NA,NA
Kemerovo,2019,education,1282,6136,7
Kemerovo,2019,facility,637,3675,8
Kemerovo,2019,government,NA,NA,NA
Kemerovo,2019,healthcare,NA,NA,NA
Kemerovo,2019,nonprofit,NA,NA,NA
Kemerovo,2019,other,NA,NA,NA
Kemerovo,2019,NA,NA,NA,NA
Kemerovo,2020,archive,NA,NA,NA
Kemerovo,2020,company,NA,NA,NA
Kemerovo,2020,education,1434,5344,7
Kemerovo,2020,facility,536,3782,7
Kemerovo,2020,government,NA,NA,NA
Kemerovo,2020,healthcare,NA,NA,NA
Kemerovo,2020,nonprofit,NA,NA,NA
Kemerovo,2020,other,NA,NA,NA
Kemerovo,2020,NA,NA,NA,NA
Kemerovo,2021,archive,NA,NA,NA
Kemerovo,2021,company,NA,NA,NA
Kemerovo,2021,education,1648,5479,7
Kemerovo,2021,facility,689,2934,8
Kemerovo,2021,government,NA,NA,NA
Kemerovo,2021,healthcare,NA,NA,NA
Kemerovo,2021,nonprofit,NA,NA,NA
Kemerovo,2021,other,NA,NA,NA
Kemerovo,2021,NA,NA,NA,NA
Kemerovo,2022,archive,NA,NA,NA
Kemerovo,2022,company,NA,NA,NA
Kemerovo,2022,education,1564,5275,8
Kemerovo,2022,facility,545,2564,7
Kemerovo,2022,government,NA,NA,NA
Kemerovo,2022,healthcare,NA,NA,NA
Kemerovo,2022,nonprofit,NA,NA,NA
Kemerovo,2022,other,NA,NA,NA
Kemerovo,2022,NA,NA,NA,NA
Kemerovo,2023,archive,NA,NA,NA
Kemerovo,2023,company,NA,NA,NA
Kemerovo,2023,education,1442,3717,9
Kemerovo,2023,facility,479,1446,8
Kemerovo,2023,government,NA,NA,NA
Kemerovo,2023,healthcare,NA,NA,NA
Kemerovo,2023,nonprofit,NA,NA,NA
Kemerovo,2023,other,NA,NA,NA
Kemerovo,2023,NA,NA,NA,NA
Kemerovo,2024,archive,NA,NA,NA
Kemerovo,2024,company,NA,NA,NA
Kemerovo,2024,education,1251,1779,9
Kemerovo,2024,facility,491,927,6
Kemerovo,2024,government,NA,NA,NA
Kemerovo,2024,healthcare,NA,NA,NA
Kemerovo,2024,nonprofit,NA,NA,NA
Kemerovo,2024,other,NA,NA,NA
Kemerovo,2024,NA,NA,NA,NA
Kemerovo,2025,archive,NA,NA,NA
Kemerovo,2025,company,NA,NA,NA
Kemerovo,2025,education,1199,563,8
Kemerovo,2025,facility,368,352,7
Kemerovo,2025,government,NA,NA,NA
Kemerovo,2025,healthcare,NA,NA,NA
Kemerovo,2025,nonprofit,NA,NA,NA
Kemerovo,2025,other,NA,NA,NA
Kemerovo,2025,NA,NA,NA,NA
Kemerovo,2026,archive,NA,NA,NA
Kemerovo,2026,company,NA,NA,NA
Kemerovo,2026,education,763,60,7
Kemerovo,2026,facility,238,50,6
Kemerovo,2026,government,NA,NA,NA
Kemerovo,2026,healthcare,1,0,1
Kemerovo,2026,nonprofit,NA,NA,NA
Kemerovo,2026,other,NA,NA,NA
Kemerovo,2026,NA,NA,NA,NA
Kemerovo,2027,archive,NA,NA,NA
Kemerovo,2027,company,NA,NA,NA
Kemerovo,2027,education,NA,NA,NA
Kemerovo,2027,facility,NA,NA,NA
Kemerovo,2027,government,NA,NA,NA
Kemerovo,2027,healthcare,NA,NA,NA
Kemerovo,2027,nonprofit,NA,NA,NA
Kemerovo,2027,other,NA,NA,NA
Kemerovo,2027,NA,NA,NA,NA
Kemerovo,2029,archive,NA,NA,NA
Kemerovo,2029,company,NA,NA,NA
Kemerovo,2029,education,NA,NA,NA
Kemerovo,2029,facility,NA,NA,NA
Kemerovo,2029,government,NA,NA,NA
Kemerovo,2029,healthcare,NA,NA,NA
Kemerovo,2029,nonprofit,NA,NA,NA
Kemerovo,2029,other,NA,NA,NA
Kemerovo,2029,NA,NA,NA,NA
Kemerovo,NA,archive,NA,NA,NA
Kemerovo,NA,company,NA,NA,NA
Kemerovo,NA,education,NA,NA,NA
Kemerovo,NA,facility,NA,NA,NA
Kemerovo,NA,government,NA,NA,NA
Kemerovo,NA,healthcare,NA,NA,NA
Kemerovo,NA,nonprofit,NA,NA,NA
Kemerovo,NA,other,NA,NA,NA
Kemerovo,NA,NA,NA,NA,NA
Khabarovsk,2010,archive,NA,NA,NA
Khabarovsk,2010,company,NA,NA,NA
Khabarovsk,2010,education,65,233,8
Khabarovsk,2010,facility,62,624,6
Khabarovsk,2010,government,NA,NA,NA
Khabarovsk,2010,healthcare,NA,NA,NA
Khabarovsk,2010,nonprofit,NA,NA,NA
Khabarovsk,2010,other,NA,NA,NA
Khabarovsk,2010,NA,NA,NA,NA
Khabarovsk,2011,archive,NA,NA,NA
Khabarovsk,2011,company,NA,NA,NA
Khabarovsk,2011,education,78,359,7
Khabarovsk,2011,facility,82,763,5
Khabarovsk,2011,government,NA,NA,NA
Khabarovsk,2011,healthcare,NA,NA,NA
Khabarovsk,2011,nonprofit,NA,NA,NA
Khabarovsk,2011,other,NA,NA,NA
Khabarovsk,2011,NA,NA,NA,NA
Khabarovsk,2012,archive,NA,NA,NA
Khabarovsk,2012,company,NA,NA,NA
Khabarovsk,2012,education,82,419,7
Khabarovsk,2012,facility,69,831,6
Khabarovsk,2012,government,NA,NA,NA
Khabarovsk,2012,healthcare,NA,NA,NA
Khabarovsk,2012,nonprofit,NA,NA,NA
Khabarovsk,2012,other,NA,NA,NA
Khabarovsk,2012,NA,NA,NA,NA
Khabarovsk,2013,archive,NA,NA,NA
Khabarovsk,2013,company,NA,NA,NA
Khabarovsk,2013,education,121,472,6
Khabarovsk,2013,facility,91,668,6
Khabarovsk,2013,government,NA,NA,NA
Khabarovsk,2013,healthcare,NA,NA,NA
Khabarovsk,2013,nonprofit,NA,NA,NA
Khabarovsk,2013,other,NA,NA,NA
Khabarovsk,2013,NA,NA,NA,NA
Khabarovsk,2014,archive,NA,NA,NA
Khabarovsk,2014,company,NA,NA,NA
Khabarovsk,2014,education,136,483,7
Khabarovsk,2014,facility,101,939,6
Khabarovsk,2014,government,NA,NA,NA
Khabarovsk,2014,healthcare,NA,NA,NA
Khabarovsk,2014,nonprofit,NA,NA,NA
Khabarovsk,2014,other,NA,NA,NA
Khabarovsk,2014,NA,NA,NA,NA
Khabarovsk,2015,archive,NA,NA,NA
Khabarovsk,2015,company,NA,NA,NA
Khabarovsk,2015,education,259,3233,7
Khabarovsk,2015,facility,126,752,6
Khabarovsk,2015,government,NA,NA,NA
Khabarovsk,2015,healthcare,NA,NA,NA
Khabarovsk,2015,nonprofit,NA,NA,NA
Khabarovsk,2015,other,NA,NA,NA
Khabarovsk,2015,NA,NA,NA,NA
Khabarovsk,2016,archive,NA,NA,NA
Khabarovsk,2016,company,NA,NA,NA
Khabarovsk,2016,education,470,3665,8
Khabarovsk,2016,facility,149,1293,6
Khabarovsk,2016,government,NA,NA,NA
Khabarovsk,2016,healthcare,NA,NA,NA
Khabarovsk,2016,nonprofit,NA,NA,NA
Khabarovsk,2016,other,NA,NA,NA
Khabarovsk,2016,NA,NA,NA,NA
Khabarovsk,2017,archive,NA,NA,NA
Khabarovsk,2017,company,NA,NA,NA
Khabarovsk,2017,education,392,3008,8
Khabarovsk,2017,facility,163,960,6
Khabarovsk,2017,government,NA,NA,NA
Khabarovsk,2017,healthcare,NA,NA,NA
Khabarovsk,2017,nonprofit,NA,NA,NA
Khabarovsk,2017,other,NA,NA,NA
Khabarovsk,2017,NA,NA,NA,NA
Khabarovsk,2018,archive,NA,NA,NA
Khabarovsk,2018,company,NA,NA,NA
Khabarovsk,2018,education,722,3904,8
Khabarovsk,2018,facility,262,1007,6
Khabarovsk,2018,government,NA,NA,NA
Khabarovsk,2018,healthcare,NA,NA,NA
Khabarovsk,2018,nonprofit,NA,NA,NA
Khabarovsk,2018,other,NA,NA,NA
Khabarovsk,2018,NA,NA,NA,NA
Khabarovsk,2019,archive,NA,NA,NA
Khabarovsk,2019,company,NA,NA,NA
Khabarovsk,2019,education,654,5254,8
Khabarovsk,2019,facility,279,1189,6
Khabarovsk,2019,government,NA,NA,NA
Khabarovsk,2019,healthcare,NA,NA,NA
Khabarovsk,2019,nonprofit,NA,NA,NA
Khabarovsk,2019,other,NA,NA,NA
Khabarovsk,2019,NA,NA,NA,NA
Khabarovsk,2020,archive,NA,NA,NA
Khabarovsk,2020,company,NA,NA,NA
Khabarovsk,2020,education,945,4281,8
Khabarovsk,2020,facility,278,1197,6
Khabarovsk,2020,government,NA,NA,NA
Khabarovsk,2020,healthcare,NA,NA,NA
Khabarovsk,2020,nonprofit,NA,NA,NA
Khabarovsk,2020,other,NA,NA,NA
Khabarovsk,2020,NA,NA,NA,NA
Khabarovsk,2021,archive,NA,NA,NA
Khabarovsk,2021,company,NA,NA,NA
Khabarovsk,2021,education,1260,2294,8
Khabarovsk,2021,facility,231,819,6
Khabarovsk,2021,government,NA,NA,NA
Khabarovsk,2021,healthcare,NA,NA,NA
Khabarovsk,2021,nonprofit,NA,NA,NA
Khabarovsk,2021,other,NA,NA,NA
Khabarovsk,2021,NA,NA,NA,NA
Khabarovsk,2022,archive,NA,NA,NA
Khabarovsk,2022,company,NA,NA,NA
Khabarovsk,2022,education,1004,1954,9
Khabarovsk,2022,facility,192,689,6
Khabarovsk,2022,government,NA,NA,NA
Khabarovsk,2022,healthcare,NA,NA,NA
Khabarovsk,2022,nonprofit,NA,NA,NA
Khabarovsk,2022,other,NA,NA,NA
Khabarovsk,2022,NA,NA,NA,NA
Khabarovsk,2023,archive,NA,NA,NA
Khabarovsk,2023,company,NA,NA,NA
Khabarovsk,2023,education,932,1053,8
Khabarovsk,2023,facility,192,403,6
Khabarovsk,2023,government,NA,NA,NA
Khabarovsk,2023,healthcare,NA,NA,NA
Khabarovsk,2023,nonprofit,NA,NA,NA
Khabarovsk,2023,other,NA,NA,NA
Khabarovsk,2023,NA,NA,NA,NA
Khabarovsk,2024,archive,NA,NA,NA
Khabarovsk,2024,company,NA,NA,NA
Khabarovsk,2024,education,642,450,9
Khabarovsk,2024,facility,220,293,6
Khabarovsk,2024,government,NA,NA,NA
Khabarovsk,2024,healthcare,NA,NA,NA
Khabarovsk,2024,nonprofit,NA,NA,NA
Khabarovsk,2024,other,NA,NA,NA
Khabarovsk,2024,NA,NA,NA,NA
Khabarovsk,2025,archive,NA,NA,NA
Khabarovsk,2025,company,NA,NA,NA
Khabarovsk,2025,education,691,285,8
Khabarovsk,2025,facility,195,154,6
Khabarovsk,2025,government,NA,NA,NA
Khabarovsk,2025,healthcare,NA,NA,NA
Khabarovsk,2025,nonprofit,NA,NA,NA
Khabarovsk,2025,other,NA,NA,NA
Khabarovsk,2025,NA,NA,NA,NA
Khabarovsk,2026,archive,NA,NA,NA
Khabarovsk,2026,company,NA,NA,NA
Khabarovsk,2026,education,637,24,8
Khabarovsk,2026,facility,174,10,6
Khabarovsk,2026,government,NA,NA,NA
Khabarovsk,2026,healthcare,NA,NA,NA
Khabarovsk,2026,nonprofit,NA,NA,NA
Khabarovsk,2026,other,NA,NA,NA
Khabarovsk,2026,NA,NA,NA,NA
Khabarovsk,2027,archive,NA,NA,NA
Khabarovsk,2027,company,NA,NA,NA
Khabarovsk,2027,education,NA,NA,NA
Khabarovsk,2027,facility,NA,NA,NA
Khabarovsk,2027,government,NA,NA,NA
Khabarovsk,2027,healthcare,NA,NA,NA
Khabarovsk,2027,nonprofit,NA,NA,NA
Khabarovsk,2027,other,NA,NA,NA
Khabarovsk,2027,NA,NA,NA,NA
Khabarovsk,2029,archive,NA,NA,NA
Khabarovsk,2029,company,NA,NA,NA
Khabarovsk,2029,education,NA,NA,NA
Khabarovsk,2029,facility,NA,NA,NA
Khabarovsk,2029,government,NA,NA,NA
Khabarovsk,2029,healthcare,NA,NA,NA
Khabarovsk,2029,nonprofit,NA,NA,NA
Khabarovsk,2029,other,NA,NA,NA
Khabarovsk,2029,NA,NA,NA,NA
Khabarovsk,NA,archive,NA,NA,NA
Khabarovsk,NA,company,NA,NA,NA
Khabarovsk,NA,education,NA,NA,NA
Khabarovsk,NA,facility,NA,NA,NA
Khabarovsk,NA,government,NA,NA,NA
Khabarovsk,NA,healthcare,NA,NA,NA
Khabarovsk,NA,nonprofit,NA,NA,NA
Khabarovsk,NA,other,NA,NA,NA
Khabarovsk,NA,NA,NA,NA,NA
Khakass,2010,archive,NA,NA,NA
Khakass,2010,company,NA,NA,NA
Khakass,2010,education,NA,NA,NA
Khakass,2010,facility,1,3,1
Khakass,2010,government,NA,NA,NA
Khakass,2010,healthcare,NA,NA,NA
Khakass,2010,nonprofit,NA,NA,NA
Khakass,2010,other,NA,NA,NA
Khakass,2010,NA,NA,NA,NA
Khakass,2011,archive,NA,NA,NA
Khakass,2011,company,NA,NA,NA
Khakass,2011,education,NA,NA,NA
Khakass,2011,facility,NA,NA,NA
Khakass,2011,government,NA,NA,NA
Khakass,2011,healthcare,NA,NA,NA
Khakass,2011,nonprofit,NA,NA,NA
Khakass,2011,other,NA,NA,NA
Khakass,2011,NA,NA,NA,NA
Khakass,2012,archive,NA,NA,NA
Khakass,2012,company,NA,NA,NA
Khakass,2012,education,NA,NA,NA
Khakass,2012,facility,NA,NA,NA
Khakass,2012,government,NA,NA,NA
Khakass,2012,healthcare,NA,NA,NA
Khakass,2012,nonprofit,NA,NA,NA
Khakass,2012,other,NA,NA,NA
Khakass,2012,NA,NA,NA,NA
Khakass,2013,archive,NA,NA,NA
Khakass,2013,company,NA,NA,NA
Khakass,2013,education,NA,NA,NA
Khakass,2013,facility,NA,NA,NA
Khakass,2013,government,NA,NA,NA
Khakass,2013,healthcare,NA,NA,NA
Khakass,2013,nonprofit,NA,NA,NA
Khakass,2013,other,NA,NA,NA
Khakass,2013,NA,NA,NA,NA
Khakass,2014,archive,NA,NA,NA
Khakass,2014,company,NA,NA,NA
Khakass,2014,education,NA,NA,NA
Khakass,2014,facility,NA,NA,NA
Khakass,2014,government,NA,NA,NA
Khakass,2014,healthcare,NA,NA,NA
Khakass,2014,nonprofit,NA,NA,NA
Khakass,2014,other,NA,NA,NA
Khakass,2014,NA,NA,NA,NA
Khakass,2015,archive,NA,NA,NA
Khakass,2015,company,NA,NA,NA
Khakass,2015,education,NA,NA,NA
Khakass,2015,facility,NA,NA,NA
Khakass,2015,government,NA,NA,NA
Khakass,2015,healthcare,NA,NA,NA
Khakass,2015,nonprofit,NA,NA,NA
Khakass,2015,other,NA,NA,NA
Khakass,2015,NA,NA,NA,NA
Khakass,2016,archive,NA,NA,NA
Khakass,2016,company,NA,NA,NA
Khakass,2016,education,NA,NA,NA
Khakass,2016,facility,NA,NA,NA
Khakass,2016,government,NA,NA,NA
Khakass,2016,healthcare,NA,NA,NA
Khakass,2016,nonprofit,NA,NA,NA
Khakass,2016,other,NA,NA,NA
Khakass,2016,NA,NA,NA,NA
Khakass,2017,archive,NA,NA,NA
Khakass,2017,company,NA,NA,NA
Khakass,2017,education,NA,NA,NA
Khakass,2017,facility,NA,NA,NA
Khakass,2017,government,NA,NA,NA
Khakass,2017,healthcare,NA,NA,NA
Khakass,2017,nonprofit,NA,NA,NA
Khakass,2017,other,NA,NA,NA
Khakass,2017,NA,NA,NA,NA
Khakass,2018,archive,NA,NA,NA
Khakass,2018,company,NA,NA,NA
Khakass,2018,education,NA,NA,NA
Khakass,2018,facility,4,7,1
Khakass,2018,government,NA,NA,NA
Khakass,2018,healthcare,NA,NA,NA
Khakass,2018,nonprofit,NA,NA,NA
Khakass,2018,other,4,0,1
Khakass,2018,NA,NA,NA,NA
Khakass,2019,archive,NA,NA,NA
Khakass,2019,company,NA,NA,NA
Khakass,2019,education,NA,NA,NA
Khakass,2019,facility,5,7,1
Khakass,2019,government,NA,NA,NA
Khakass,2019,healthcare,NA,NA,NA
Khakass,2019,nonprofit,NA,NA,NA
Khakass,2019,other,2,0,1
Khakass,2019,NA,NA,NA,NA
Khakass,2020,archive,NA,NA,NA
Khakass,2020,company,NA,NA,NA
Khakass,2020,education,NA,NA,NA
Khakass,2020,facility,4,5,1
Khakass,2020,government,NA,NA,NA
Khakass,2020,healthcare,NA,NA,NA
Khakass,2020,nonprofit,NA,NA,NA
Khakass,2020,other,8,122,1
Khakass,2020,NA,NA,NA,NA
Khakass,2021,archive,NA,NA,NA
Khakass,2021,company,NA,NA,NA
Khakass,2021,education,NA,NA,NA
Khakass,2021,facility,19,23,1
Khakass,2021,government,NA,NA,NA
Khakass,2021,healthcare,NA,NA,NA
Khakass,2021,nonprofit,NA,NA,NA
Khakass,2021,other,2,106,1
Khakass,2021,NA,NA,NA,NA
Khakass,2022,archive,NA,NA,NA
Khakass,2022,company,NA,NA,NA
Khakass,2022,education,NA,NA,NA
Khakass,2022,facility,11,10,1
Khakass,2022,government,NA,NA,NA
Khakass,2022,healthcare,NA,NA,NA
Khakass,2022,nonprofit,NA,NA,NA
Khakass,2022,other,1,1,1
Khakass,2022,NA,NA,NA,NA
Khakass,2023,archive,NA,NA,NA
Khakass,2023,company,NA,NA,NA
Khakass,2023,education,NA,NA,NA
Khakass,2023,facility,5,5,1
Khakass,2023,government,NA,NA,NA
Khakass,2023,healthcare,NA,NA,NA
Khakass,2023,nonprofit,NA,NA,NA
Khakass,2023,other,2,2,1
Khakass,2023,NA,NA,NA,NA
Khakass,2024,archive,NA,NA,NA
Khakass,2024,company,NA,NA,NA
Khakass,2024,education,NA,NA,NA
Khakass,2024,facility,10,6,1
Khakass,2024,government,NA,NA,NA
Khakass,2024,healthcare,NA,NA,NA
Khakass,2024,nonprofit,NA,NA,NA
Khakass,2024,other,NA,NA,NA
Khakass,2024,NA,NA,NA,NA
Khakass,2025,archive,NA,NA,NA
Khakass,2025,company,NA,NA,NA
Khakass,2025,education,NA,NA,NA
Khakass,2025,facility,10,2,1
Khakass,2025,government,NA,NA,NA
Khakass,2025,healthcare,NA,NA,NA
Khakass,2025,nonprofit,NA,NA,NA
Khakass,2025,other,NA,NA,NA
Khakass,2025,NA,NA,NA,NA
Khakass,2026,archive,NA,NA,NA
Khakass,2026,company,NA,NA,NA
Khakass,2026,education,NA,NA,NA
Khakass,2026,facility,3,0,1
Khakass,2026,government,NA,NA,NA
Khakass,2026,healthcare,NA,NA,NA
Khakass,2026,nonprofit,NA,NA,NA
Khakass,2026,other,2,0,1
Khakass,2026,NA,NA,NA,NA
Khakass,2027,archive,NA,NA,NA
Khakass,2027,company,NA,NA,NA
Khakass,2027,education,NA,NA,NA
Khakass,2027,facility,NA,NA,NA
Khakass,2027,government,NA,NA,NA
Khakass,2027,healthcare,NA,NA,NA
Khakass,2027,nonprofit,NA,NA,NA
Khakass,2027,other,NA,NA,NA
Khakass,2027,NA,NA,NA,NA
Khakass,2029,archive,NA,NA,NA
Khakass,2029,company,NA,NA,NA
Khakass,2029,education,NA,NA,NA
Khakass,2029,facility,NA,NA,NA
Khakass,2029,government,NA,NA,NA
Khakass,2029,healthcare,NA,NA,NA
Khakass,2029,nonprofit,NA,NA,NA
Khakass,2029,other,NA,NA,NA
Khakass,2029,NA,NA,NA,NA
Khakass,NA,archive,NA,NA,NA
Khakass,NA,company,NA,NA,NA
Khakass,NA,education,NA,NA,NA
Khakass,NA,facility,NA,NA,NA
Khakass,NA,government,NA,NA,NA
Khakass,NA,healthcare,NA,NA,NA
Khakass,NA,nonprofit,NA,NA,NA
Khakass,NA,other,NA,NA,NA
Khakass,NA,NA,NA,NA,NA
Kirov,2010,archive,NA,NA,NA
Kirov,2010,company,NA,NA,NA
Kirov,2010,education,35,81,4
Kirov,2010,facility,4,20,1
Kirov,2010,government,NA,NA,NA
Kirov,2010,healthcare,4,15,1
Kirov,2010,nonprofit,NA,NA,NA
Kirov,2010,other,1,0,1
Kirov,2010,NA,NA,NA,NA
Kirov,2011,archive,NA,NA,NA
Kirov,2011,company,NA,NA,NA
Kirov,2011,education,55,157,5
Kirov,2011,facility,6,14,1
Kirov,2011,government,NA,NA,NA
Kirov,2011,healthcare,3,8,1
Kirov,2011,nonprofit,NA,NA,NA
Kirov,2011,other,2,4,1
Kirov,2011,NA,NA,NA,NA
Kirov,2012,archive,NA,NA,NA
Kirov,2012,company,NA,NA,NA
Kirov,2012,education,94,226,4
Kirov,2012,facility,1,0,1
Kirov,2012,government,NA,NA,NA
Kirov,2012,healthcare,6,0,1
Kirov,2012,nonprofit,NA,NA,NA
Kirov,2012,other,NA,NA,NA
Kirov,2012,NA,NA,NA,NA
Kirov,2013,archive,NA,NA,NA
Kirov,2013,company,NA,NA,NA
Kirov,2013,education,87,223,5
Kirov,2013,facility,6,10,1
Kirov,2013,government,NA,NA,NA
Kirov,2013,healthcare,3,7,1
Kirov,2013,nonprofit,NA,NA,NA
Kirov,2013,other,NA,NA,NA
Kirov,2013,NA,NA,NA,NA
Kirov,2014,archive,NA,NA,NA
Kirov,2014,company,NA,NA,NA
Kirov,2014,education,96,208,4
Kirov,2014,facility,6,10,1
Kirov,2014,government,NA,NA,NA
Kirov,2014,healthcare,17,28,1
Kirov,2014,nonprofit,NA,NA,NA
Kirov,2014,other,NA,NA,NA
Kirov,2014,NA,NA,NA,NA
Kirov,2015,archive,NA,NA,NA
Kirov,2015,company,NA,NA,NA
Kirov,2015,education,183,340,5
Kirov,2015,facility,7,11,1
Kirov,2015,government,NA,NA,NA
Kirov,2015,healthcare,20,64,1
Kirov,2015,nonprofit,NA,NA,NA
Kirov,2015,other,NA,NA,NA
Kirov,2015,NA,NA,NA,NA
Kirov,2016,archive,NA,NA,NA
Kirov,2016,company,NA,NA,NA
Kirov,2016,education,263,2258,5
Kirov,2016,facility,7,20,1
Kirov,2016,government,NA,NA,NA
Kirov,2016,healthcare,16,86,1
Kirov,2016,nonprofit,NA,NA,NA
Kirov,2016,other,NA,NA,NA
Kirov,2016,NA,NA,NA,NA
Kirov,2017,archive,NA,NA,NA
Kirov,2017,company,NA,NA,NA
Kirov,2017,education,347,1762,5
Kirov,2017,facility,12,46,1
Kirov,2017,government,NA,NA,NA
Kirov,2017,healthcare,17,415,1
Kirov,2017,nonprofit,NA,NA,NA
Kirov,2017,other,NA,NA,NA
Kirov,2017,NA,NA,NA,NA
Kirov,2018,archive,NA,NA,NA
Kirov,2018,company,NA,NA,NA
Kirov,2018,education,403,1518,4
Kirov,2018,facility,84,222,1
Kirov,2018,government,NA,NA,NA
Kirov,2018,healthcare,13,101,1
Kirov,2018,nonprofit,NA,NA,NA
Kirov,2018,other,7,65,1
Kirov,2018,NA,NA,NA,NA
Kirov,2019,archive,NA,NA,NA
Kirov,2019,company,NA,NA,NA
Kirov,2019,education,556,1865,4
Kirov,2019,facility,82,239,1
Kirov,2019,government,NA,NA,NA
Kirov,2019,healthcare,43,73,1
Kirov,2019,nonprofit,NA,NA,NA
Kirov,2019,other,30,2,1
Kirov,2019,NA,NA,NA,NA
Kirov,2020,archive,NA,NA,NA
Kirov,2020,company,NA,NA,NA
Kirov,2020,education,771,2392,5
Kirov,2020,facility,147,313,1
Kirov,2020,government,NA,NA,NA
Kirov,2020,healthcare,35,129,1
Kirov,2020,nonprofit,NA,NA,NA
Kirov,2020,other,10,141,1
Kirov,2020,NA,NA,NA,NA
Kirov,2021,archive,NA,NA,NA
Kirov,2021,company,NA,NA,NA
Kirov,2021,education,722,1762,4
Kirov,2021,facility,134,270,1
Kirov,2021,government,NA,NA,NA
Kirov,2021,healthcare,44,321,1
Kirov,2021,nonprofit,NA,NA,NA
Kirov,2021,other,10,116,1
Kirov,2021,NA,NA,NA,NA
Kirov,2022,archive,NA,NA,NA
Kirov,2022,company,NA,NA,NA
Kirov,2022,education,829,1337,4
Kirov,2022,facility,105,136,1
Kirov,2022,government,NA,NA,NA
Kirov,2022,healthcare,49,109,1
Kirov,2022,nonprofit,NA,NA,NA
Kirov,2022,other,3,2,1
Kirov,2022,NA,NA,NA,NA
Kirov,2023,archive,NA,NA,NA
Kirov,2023,company,NA,NA,NA
Kirov,2023,education,714,1205,4
Kirov,2023,facility,104,83,1
Kirov,2023,government,NA,NA,NA
Kirov,2023,healthcare,52,114,1
Kirov,2023,nonprofit,NA,NA,NA
Kirov,2023,other,8,9,1
Kirov,2023,NA,NA,NA,NA
Kirov,2024,archive,NA,NA,NA
Kirov,2024,company,NA,NA,NA
Kirov,2024,education,571,496,3
Kirov,2024,facility,111,80,2
Kirov,2024,government,NA,NA,NA
Kirov,2024,healthcare,51,158,1
Kirov,2024,nonprofit,NA,NA,NA
Kirov,2024,other,14,13,1
Kirov,2024,NA,NA,NA,NA
Kirov,2025,archive,NA,NA,NA
Kirov,2025,company,NA,NA,NA
Kirov,2025,education,508,213,4
Kirov,2025,facility,70,21,1
Kirov,2025,government,NA,NA,NA
Kirov,2025,healthcare,64,113,1
Kirov,2025,nonprofit,NA,NA,NA
Kirov,2025,other,7,2,1
Kirov,2025,NA,NA,NA,NA
Kirov,2026,archive,NA,NA,NA
Kirov,2026,company,NA,NA,NA
Kirov,2026,education,325,16,4
Kirov,2026,facility,43,2,1
Kirov,2026,government,NA,NA,NA
Kirov,2026,healthcare,39,13,1
Kirov,2026,nonprofit,NA,NA,NA
Kirov,2026,other,3,0,1
Kirov,2026,NA,NA,NA,NA
Kirov,2027,archive,NA,NA,NA
Kirov,2027,company,NA,NA,NA
Kirov,2027,education,NA,NA,NA
Kirov,2027,facility,NA,NA,NA
Kirov,2027,government,NA,NA,NA
Kirov,2027,healthcare,NA,NA,NA
Kirov,2027,nonprofit,NA,NA,NA
Kirov,2027,other,NA,NA,NA
Kirov,2027,NA,NA,NA,NA
Kirov,2029,archive,NA,NA,NA
Kirov,2029,company,NA,NA,NA
Kirov,2029,education,NA,NA,NA
Kirov,2029,facility,NA,NA,NA
Kirov,2029,government,NA,NA,NA
Kirov,2029,healthcare,NA,NA,NA
Kirov,2029,nonprofit,NA,NA,NA
Kirov,2029,other,NA,NA,NA
Kirov,2029,NA,NA,NA,NA
Kirov,NA,archive,NA,NA,NA
Kirov,NA,company,NA,NA,NA
Kirov,NA,education,NA,NA,NA
Kirov,NA,facility,NA,NA,NA
Kirov,NA,government,NA,NA,NA
Kirov,NA,healthcare,NA,NA,NA
Kirov,NA,nonprofit,NA,NA,NA
Kirov,NA,other,NA,NA,NA
Kirov,NA,NA,NA,NA,NA
Komi,2010,archive,NA,NA,NA
Komi,2010,company,NA,NA,NA
Komi,2010,education,25,214,3
Komi,2010,facility,120,1500,3
Komi,2010,government,NA,NA,NA
Komi,2010,healthcare,NA,NA,NA
Komi,2010,nonprofit,NA,NA,NA
Komi,2010,other,NA,NA,NA
Komi,2010,NA,NA,NA,NA
Komi,2011,archive,NA,NA,NA
Komi,2011,company,NA,NA,NA
Komi,2011,education,44,217,4
Komi,2011,facility,139,1697,3
Komi,2011,government,NA,NA,NA
Komi,2011,healthcare,NA,NA,NA
Komi,2011,nonprofit,NA,NA,NA
Komi,2011,other,NA,NA,NA
Komi,2011,NA,NA,NA,NA
Komi,2012,archive,NA,NA,NA
Komi,2012,company,NA,NA,NA
Komi,2012,education,43,160,3
Komi,2012,facility,141,1760,3
Komi,2012,government,2,0,1
Komi,2012,healthcare,NA,NA,NA
Komi,2012,nonprofit,NA,NA,NA
Komi,2012,other,NA,NA,NA
Komi,2012,NA,NA,NA,NA
Komi,2013,archive,NA,NA,NA
Komi,2013,company,NA,NA,NA
Komi,2013,education,40,509,4
Komi,2013,facility,130,2111,3
Komi,2013,government,2,9,2
Komi,2013,healthcare,NA,NA,NA
Komi,2013,nonprofit,NA,NA,NA
Komi,2013,other,NA,NA,NA
Komi,2013,NA,NA,NA,NA
Komi,2014,archive,NA,NA,NA
Komi,2014,company,NA,NA,NA
Komi,2014,education,67,706,3
Komi,2014,facility,156,1889,3
Komi,2014,government,1,0,1
Komi,2014,healthcare,NA,NA,NA
Komi,2014,nonprofit,NA,NA,NA
Komi,2014,other,NA,NA,NA
Komi,2014,NA,NA,NA,NA
Komi,2015,archive,NA,NA,NA
Komi,2015,company,NA,NA,NA
Komi,2015,education,92,703,3
Komi,2015,facility,197,2406,3
Komi,2015,government,1,20,1
Komi,2015,healthcare,NA,NA,NA
Komi,2015,nonprofit,NA,NA,NA
Komi,2015,other,NA,NA,NA
Komi,2015,NA,NA,NA,NA
Komi,2016,archive,NA,NA,NA
Komi,2016,company,NA,NA,NA
Komi,2016,education,91,602,3
Komi,2016,facility,238,2370,3
Komi,2016,government,5,12,2
Komi,2016,healthcare,NA,NA,NA
Komi,2016,nonprofit,NA,NA,NA
Komi,2016,other,NA,NA,NA
Komi,2016,NA,NA,NA,NA
Komi,2017,archive,NA,NA,NA
Komi,2017,company,NA,NA,NA
Komi,2017,education,151,766,3
Komi,2017,facility,331,2850,3
Komi,2017,government,5,14,1
Komi,2017,healthcare,NA,NA,NA
Komi,2017,nonprofit,NA,NA,NA
Komi,2017,other,NA,NA,NA
Komi,2017,NA,NA,NA,NA
Komi,2018,archive,NA,NA,NA
Komi,2018,company,NA,NA,NA
Komi,2018,education,167,564,3
Komi,2018,facility,452,2881,3
Komi,2018,government,15,30,2
Komi,2018,healthcare,NA,NA,NA
Komi,2018,nonprofit,NA,NA,NA
Komi,2018,other,NA,NA,NA
Komi,2018,NA,NA,NA,NA
Komi,2019,archive,NA,NA,NA
Komi,2019,company,NA,NA,NA
Komi,2019,education,180,737,3
Komi,2019,facility,495,9074,3
Komi,2019,government,9,12,1
Komi,2019,healthcare,NA,NA,NA
Komi,2019,nonprofit,NA,NA,NA
Komi,2019,other,NA,NA,NA
Komi,2019,NA,NA,NA,NA
Komi,2020,archive,NA,NA,NA
Komi,2020,company,NA,NA,NA
Komi,2020,education,199,1114,3
Komi,2020,facility,437,5661,3
Komi,2020,government,13,4,2
Komi,2020,healthcare,NA,NA,NA
Komi,2020,nonprofit,NA,NA,NA
Komi,2020,other,NA,NA,NA
Komi,2020,NA,NA,NA,NA
Komi,2021,archive,NA,NA,NA
Komi,2021,company,NA,NA,NA
Komi,2021,education,246,705,3
Komi,2021,facility,497,3933,3
Komi,2021,government,9,7,2
Komi,2021,healthcare,NA,NA,NA
Komi,2021,nonprofit,NA,NA,NA
Komi,2021,other,NA,NA,NA
Komi,2021,NA,NA,NA,NA
Komi,2022,archive,NA,NA,NA
Komi,2022,company,NA,NA,NA
Komi,2022,education,293,786,4
Komi,2022,facility,430,3143,3
Komi,2022,government,12,35,2
Komi,2022,healthcare,NA,NA,NA
Komi,2022,nonprofit,NA,NA,NA
Komi,2022,other,NA,NA,NA
Komi,2022,NA,NA,NA,NA
Komi,2023,archive,NA,NA,NA
Komi,2023,company,NA,NA,NA
Komi,2023,education,189,286,3
Komi,2023,facility,524,1706,3
Komi,2023,government,4,6,1
Komi,2023,healthcare,NA,NA,NA
Komi,2023,nonprofit,NA,NA,NA
Komi,2023,other,NA,NA,NA
Komi,2023,NA,NA,NA,NA
Komi,2024,archive,NA,NA,NA
Komi,2024,company,NA,NA,NA
Komi,2024,education,178,281,3
Komi,2024,facility,425,859,3
Komi,2024,government,5,1,1
Komi,2024,healthcare,NA,NA,NA
Komi,2024,nonprofit,NA,NA,NA
Komi,2024,other,NA,NA,NA
Komi,2024,NA,NA,NA,NA
Komi,2025,archive,NA,NA,NA
Komi,2025,company,NA,NA,NA
Komi,2025,education,162,79,3
Komi,2025,facility,357,270,3
Komi,2025,government,5,5,1
Komi,2025,healthcare,NA,NA,NA
Komi,2025,nonprofit,NA,NA,NA
Komi,2025,other,NA,NA,NA
Komi,2025,NA,NA,NA,NA
Komi,2026,archive,NA,NA,NA
Komi,2026,company,NA,NA,NA
Komi,2026,education,157,5,3
Komi,2026,facility,257,29,3
Komi,2026,government,9,0,2
Komi,2026,healthcare,NA,NA,NA
Komi,2026,nonprofit,NA,NA,NA
Komi,2026,other,NA,NA,NA
Komi,2026,NA,NA,NA,NA
Komi,2027,archive,NA,NA,NA
Komi,2027,company,NA,NA,NA
Komi,2027,education,NA,NA,NA
Komi,2027,facility,NA,NA,NA
Komi,2027,government,NA,NA,NA
Komi,2027,healthcare,NA,NA,NA
Komi,2027,nonprofit,NA,NA,NA
Komi,2027,other,NA,NA,NA
Komi,2027,NA,NA,NA,NA
Komi,2029,archive,NA,NA,NA
Komi,2029,company,NA,NA,NA
Komi,2029,education,NA,NA,NA
Komi,2029,facility,NA,NA,NA
Komi,2029,government,NA,NA,NA
Komi,2029,healthcare,NA,NA,NA
Komi,2029,nonprofit,NA,NA,NA
Komi,2029,other,NA,NA,NA
Komi,2029,NA,NA,NA,NA
Komi,NA,archive,NA,NA,NA
Komi,NA,company,NA,NA,NA
Komi,NA,education,NA,NA,NA
Komi,NA,facility,NA,NA,NA
Komi,NA,government,NA,NA,NA
Komi,NA,healthcare,NA,NA,NA
Komi,NA,nonprofit,NA,NA,NA
Komi,NA,other,NA,NA,NA
Komi,NA,NA,NA,NA,NA
Kostroma,2010,archive,NA,NA,NA
Kostroma,2010,company,NA,NA,NA
Kostroma,2010,education,21,162,3
Kostroma,2010,facility,NA,NA,NA
Kostroma,2010,government,NA,NA,NA
Kostroma,2010,healthcare,NA,NA,NA
Kostroma,2010,nonprofit,NA,NA,NA
Kostroma,2010,other,NA,NA,NA
Kostroma,2010,NA,NA,NA,NA
Kostroma,2011,archive,NA,NA,NA
Kostroma,2011,company,NA,NA,NA
Kostroma,2011,education,25,211,3
Kostroma,2011,facility,NA,NA,NA
Kostroma,2011,government,NA,NA,NA
Kostroma,2011,healthcare,NA,NA,NA
Kostroma,2011,nonprofit,NA,NA,NA
Kostroma,2011,other,NA,NA,NA
Kostroma,2011,NA,NA,NA,NA
Kostroma,2012,archive,NA,NA,NA
Kostroma,2012,company,NA,NA,NA
Kostroma,2012,education,20,58,2
Kostroma,2012,facility,NA,NA,NA
Kostroma,2012,government,NA,NA,NA
Kostroma,2012,healthcare,NA,NA,NA
Kostroma,2012,nonprofit,NA,NA,NA
Kostroma,2012,other,1,26,1
Kostroma,2012,NA,NA,NA,NA
Kostroma,2013,archive,NA,NA,NA
Kostroma,2013,company,NA,NA,NA
Kostroma,2013,education,23,89,3
Kostroma,2013,facility,NA,NA,NA
Kostroma,2013,government,NA,NA,NA
Kostroma,2013,healthcare,NA,NA,NA
Kostroma,2013,nonprofit,NA,NA,NA
Kostroma,2013,other,NA,NA,NA
Kostroma,2013,NA,NA,NA,NA
Kostroma,2014,archive,NA,NA,NA
Kostroma,2014,company,NA,NA,NA
Kostroma,2014,education,40,173,3
Kostroma,2014,facility,NA,NA,NA
Kostroma,2014,government,NA,NA,NA
Kostroma,2014,healthcare,NA,NA,NA
Kostroma,2014,nonprofit,NA,NA,NA
Kostroma,2014,other,NA,NA,NA
Kostroma,2014,NA,NA,NA,NA
Kostroma,2015,archive,NA,NA,NA
Kostroma,2015,company,NA,NA,NA
Kostroma,2015,education,48,230,3
Kostroma,2015,facility,NA,NA,NA
Kostroma,2015,government,NA,NA,NA
Kostroma,2015,healthcare,NA,NA,NA
Kostroma,2015,nonprofit,NA,NA,NA
Kostroma,2015,other,NA,NA,NA
Kostroma,2015,NA,NA,NA,NA
Kostroma,2016,archive,NA,NA,NA
Kostroma,2016,company,NA,NA,NA
Kostroma,2016,education,94,674,3
Kostroma,2016,facility,2,1,1
Kostroma,2016,government,NA,NA,NA
Kostroma,2016,healthcare,NA,NA,NA
Kostroma,2016,nonprofit,NA,NA,NA
Kostroma,2016,other,1,0,1
Kostroma,2016,NA,NA,NA,NA
Kostroma,2017,archive,NA,NA,NA
Kostroma,2017,company,NA,NA,NA
Kostroma,2017,education,75,646,3
Kostroma,2017,facility,1,1,1
Kostroma,2017,government,NA,NA,NA
Kostroma,2017,healthcare,NA,NA,NA
Kostroma,2017,nonprofit,NA,NA,NA
Kostroma,2017,other,1,3,1
Kostroma,2017,NA,NA,NA,NA
Kostroma,2018,archive,NA,NA,NA
Kostroma,2018,company,NA,NA,NA
Kostroma,2018,education,73,209,3
Kostroma,2018,facility,NA,NA,NA
Kostroma,2018,government,NA,NA,NA
Kostroma,2018,healthcare,NA,NA,NA
Kostroma,2018,nonprofit,NA,NA,NA
Kostroma,2018,other,1,0,1
Kostroma,2018,NA,NA,NA,NA
Kostroma,2019,archive,NA,NA,NA
Kostroma,2019,company,NA,NA,NA
Kostroma,2019,education,179,409,3
Kostroma,2019,facility,1,0,1
Kostroma,2019,government,NA,NA,NA
Kostroma,2019,healthcare,NA,NA,NA
Kostroma,2019,nonprofit,NA,NA,NA
Kostroma,2019,other,NA,NA,NA
Kostroma,2019,NA,NA,NA,NA
Kostroma,2020,archive,NA,NA,NA
Kostroma,2020,company,NA,NA,NA
Kostroma,2020,education,227,720,3
Kostroma,2020,facility,3,2,1
Kostroma,2020,government,NA,NA,NA
Kostroma,2020,healthcare,NA,NA,NA
Kostroma,2020,nonprofit,NA,NA,NA
Kostroma,2020,other,2,4,1
Kostroma,2020,NA,NA,NA,NA
Kostroma,2021,archive,NA,NA,NA
Kostroma,2021,company,NA,NA,NA
Kostroma,2021,education,328,490,3
Kostroma,2021,facility,5,2,1
Kostroma,2021,government,NA,NA,NA
Kostroma,2021,healthcare,NA,NA,NA
Kostroma,2021,nonprofit,NA,NA,NA
Kostroma,2021,other,1,2,1
Kostroma,2021,NA,NA,NA,NA
Kostroma,2022,archive,NA,NA,NA
Kostroma,2022,company,NA,NA,NA
Kostroma,2022,education,279,433,3
Kostroma,2022,facility,4,6,1
Kostroma,2022,government,NA,NA,NA
Kostroma,2022,healthcare,NA,NA,NA
Kostroma,2022,nonprofit,NA,NA,NA
Kostroma,2022,other,3,2,1
Kostroma,2022,NA,NA,NA,NA
Kostroma,2023,archive,NA,NA,NA
Kostroma,2023,company,NA,NA,NA
Kostroma,2023,education,268,316,3
Kostroma,2023,facility,5,4,1
Kostroma,2023,government,NA,NA,NA
Kostroma,2023,healthcare,NA,NA,NA
Kostroma,2023,nonprofit,NA,NA,NA
Kostroma,2023,other,5,8,1
Kostroma,2023,NA,NA,NA,NA
Kostroma,2024,archive,NA,NA,NA
Kostroma,2024,company,NA,NA,NA
Kostroma,2024,education,182,113,3
Kostroma,2024,facility,4,1,1
Kostroma,2024,government,NA,NA,NA
Kostroma,2024,healthcare,NA,NA,NA
Kostroma,2024,nonprofit,NA,NA,NA
Kostroma,2024,other,12,8,1
Kostroma,2024,NA,NA,NA,NA
Kostroma,2025,archive,NA,NA,NA
Kostroma,2025,company,NA,NA,NA
Kostroma,2025,education,193,76,3
Kostroma,2025,facility,2,0,1
Kostroma,2025,government,NA,NA,NA
Kostroma,2025,healthcare,NA,NA,NA
Kostroma,2025,nonprofit,NA,NA,NA
Kostroma,2025,other,2,0,1
Kostroma,2025,NA,NA,NA,NA
Kostroma,2026,archive,NA,NA,NA
Kostroma,2026,company,NA,NA,NA
Kostroma,2026,education,136,6,3
Kostroma,2026,facility,NA,NA,NA
Kostroma,2026,government,NA,NA,NA
Kostroma,2026,healthcare,NA,NA,NA
Kostroma,2026,nonprofit,NA,NA,NA
Kostroma,2026,other,NA,NA,NA
Kostroma,2026,NA,NA,NA,NA
Kostroma,2027,archive,NA,NA,NA
Kostroma,2027,company,NA,NA,NA
Kostroma,2027,education,NA,NA,NA
Kostroma,2027,facility,NA,NA,NA
Kostroma,2027,government,NA,NA,NA
Kostroma,2027,healthcare,NA,NA,NA
Kostroma,2027,nonprofit,NA,NA,NA
Kostroma,2027,other,NA,NA,NA
Kostroma,2027,NA,NA,NA,NA
Kostroma,2029,archive,NA,NA,NA
Kostroma,2029,company,NA,NA,NA
Kostroma,2029,education,NA,NA,NA
Kostroma,2029,facility,NA,NA,NA
Kostroma,2029,government,NA,NA,NA
Kostroma,2029,healthcare,NA,NA,NA
Kostroma,2029,nonprofit,NA,NA,NA
Kostroma,2029,other,NA,NA,NA
Kostroma,2029,NA,NA,NA,NA
Kostroma,NA,archive,NA,NA,NA
Kostroma,NA,company,NA,NA,NA
Kostroma,NA,education,NA,NA,NA
Kostroma,NA,facility,NA,NA,NA
Kostroma,NA,government,NA,NA,NA
Kostroma,NA,healthcare,NA,NA,NA
Kostroma,NA,nonprofit,NA,NA,NA
Kostroma,NA,other,NA,NA,NA
Kostroma,NA,NA,NA,NA,NA
Krasnodar,2010,archive,NA,NA,NA
Krasnodar,2010,company,NA,NA,NA
Krasnodar,2010,education,195,1840,13
Krasnodar,2010,facility,30,318,8
Krasnodar,2010,government,NA,NA,NA
Krasnodar,2010,healthcare,3,6,1
Krasnodar,2010,nonprofit,NA,NA,NA
Krasnodar,2010,other,NA,NA,NA
Krasnodar,2010,NA,NA,NA,NA
Krasnodar,2011,archive,NA,NA,NA
Krasnodar,2011,company,NA,NA,NA
Krasnodar,2011,education,295,1850,15
Krasnodar,2011,facility,32,134,10
Krasnodar,2011,government,NA,NA,NA
Krasnodar,2011,healthcare,1,0,1
Krasnodar,2011,nonprofit,NA,NA,NA
Krasnodar,2011,other,NA,NA,NA
Krasnodar,2011,NA,NA,NA,NA
Krasnodar,2012,archive,NA,NA,NA
Krasnodar,2012,company,NA,NA,NA
Krasnodar,2012,education,327,1696,15
Krasnodar,2012,facility,27,236,8
Krasnodar,2012,government,NA,NA,NA
Krasnodar,2012,healthcare,1,2,1
Krasnodar,2012,nonprofit,NA,NA,NA
Krasnodar,2012,other,NA,NA,NA
Krasnodar,2012,NA,NA,NA,NA
Krasnodar,2013,archive,NA,NA,NA
Krasnodar,2013,company,NA,NA,NA
Krasnodar,2013,education,428,1702,16
Krasnodar,2013,facility,40,429,8
Krasnodar,2013,government,NA,NA,NA
Krasnodar,2013,healthcare,5,20,3
Krasnodar,2013,nonprofit,NA,NA,NA
Krasnodar,2013,other,NA,NA,NA
Krasnodar,2013,NA,NA,NA,NA
Krasnodar,2014,archive,NA,NA,NA
Krasnodar,2014,company,NA,NA,NA
Krasnodar,2014,education,562,2088,15
Krasnodar,2014,facility,63,237,9
Krasnodar,2014,government,NA,NA,NA
Krasnodar,2014,healthcare,7,19,2
Krasnodar,2014,nonprofit,NA,NA,NA
Krasnodar,2014,other,NA,NA,NA
Krasnodar,2014,NA,NA,NA,NA
Krasnodar,2015,archive,NA,NA,NA
Krasnodar,2015,company,NA,NA,NA
Krasnodar,2015,education,758,3551,21
Krasnodar,2015,facility,82,762,11
Krasnodar,2015,government,NA,NA,NA
Krasnodar,2015,healthcare,6,94,3
Krasnodar,2015,nonprofit,NA,NA,NA
Krasnodar,2015,other,NA,NA,NA
Krasnodar,2015,NA,NA,NA,NA
Krasnodar,2016,archive,NA,NA,NA
Krasnodar,2016,company,NA,NA,NA
Krasnodar,2016,education,1216,3922,18
Krasnodar,2016,facility,122,566,12
Krasnodar,2016,government,NA,NA,NA
Krasnodar,2016,healthcare,9,42,2
Krasnodar,2016,nonprofit,NA,NA,NA
Krasnodar,2016,other,NA,NA,NA
Krasnodar,2016,NA,NA,NA,NA
Krasnodar,2017,archive,NA,NA,NA
Krasnodar,2017,company,NA,NA,NA
Krasnodar,2017,education,1683,4029,18
Krasnodar,2017,facility,156,1204,9
Krasnodar,2017,government,NA,NA,NA
Krasnodar,2017,healthcare,9,21,3
Krasnodar,2017,nonprofit,NA,NA,NA
Krasnodar,2017,other,NA,NA,NA
Krasnodar,2017,NA,NA,NA,NA
Krasnodar,2018,archive,NA,NA,NA
Krasnodar,2018,company,NA,NA,NA
Krasnodar,2018,education,1839,5539,17
Krasnodar,2018,facility,314,1008,10
Krasnodar,2018,government,NA,NA,NA
Krasnodar,2018,healthcare,13,56,3
Krasnodar,2018,nonprofit,NA,NA,NA
Krasnodar,2018,other,NA,NA,NA
Krasnodar,2018,NA,NA,NA,NA
Krasnodar,2019,archive,NA,NA,NA
Krasnodar,2019,company,NA,NA,NA
Krasnodar,2019,education,2197,7833,17
Krasnodar,2019,facility,365,1895,10
Krasnodar,2019,government,NA,NA,NA
Krasnodar,2019,healthcare,17,31,3
Krasnodar,2019,nonprofit,NA,NA,NA
Krasnodar,2019,other,NA,NA,NA
Krasnodar,2019,NA,NA,NA,NA
Krasnodar,2020,archive,NA,NA,NA
Krasnodar,2020,company,NA,NA,NA
Krasnodar,2020,education,3424,9705,16
Krasnodar,2020,facility,424,1900,10
Krasnodar,2020,government,NA,NA,NA
Krasnodar,2020,healthcare,13,45,3
Krasnodar,2020,nonprofit,NA,NA,NA
Krasnodar,2020,other,NA,NA,NA
Krasnodar,2020,NA,NA,NA,NA
Krasnodar,2021,archive,NA,NA,NA
Krasnodar,2021,company,NA,NA,NA
Krasnodar,2021,education,4798,14309,19
Krasnodar,2021,facility,463,1152,10
Krasnodar,2021,government,NA,NA,NA
Krasnodar,2021,healthcare,16,82,3
Krasnodar,2021,nonprofit,NA,NA,NA
Krasnodar,2021,other,NA,NA,NA
Krasnodar,2021,NA,NA,NA,NA
Krasnodar,2022,archive,NA,NA,NA
Krasnodar,2022,company,NA,NA,NA
Krasnodar,2022,education,4138,15291,18
Krasnodar,2022,facility,311,715,10
Krasnodar,2022,government,NA,NA,NA
Krasnodar,2022,healthcare,25,55,3
Krasnodar,2022,nonprofit,NA,NA,NA
Krasnodar,2022,other,NA,NA,NA
Krasnodar,2022,NA,NA,NA,NA
Krasnodar,2023,archive,NA,NA,NA
Krasnodar,2023,company,NA,NA,NA
Krasnodar,2023,education,3474,7039,18
Krasnodar,2023,facility,287,507,9
Krasnodar,2023,government,NA,NA,NA
Krasnodar,2023,healthcare,13,25,3
Krasnodar,2023,nonprofit,2,2,1
Krasnodar,2023,other,NA,NA,NA
Krasnodar,2023,NA,NA,NA,NA
Krasnodar,2024,archive,NA,NA,NA
Krasnodar,2024,company,NA,NA,NA
Krasnodar,2024,education,3170,5919,19
Krasnodar,2024,facility,216,262,10
Krasnodar,2024,government,NA,NA,NA
Krasnodar,2024,healthcare,15,25,3
Krasnodar,2024,nonprofit,1,0,1
Krasnodar,2024,other,NA,NA,NA
Krasnodar,2024,NA,NA,NA,NA
Krasnodar,2025,archive,NA,NA,NA
Krasnodar,2025,company,NA,NA,NA
Krasnodar,2025,education,3897,3068,18
Krasnodar,2025,facility,217,87,10
Krasnodar,2025,government,NA,NA,NA
Krasnodar,2025,healthcare,32,97,3
Krasnodar,2025,nonprofit,NA,NA,NA
Krasnodar,2025,other,NA,NA,NA
Krasnodar,2025,NA,NA,NA,NA
Krasnodar,2026,archive,NA,NA,NA
Krasnodar,2026,company,NA,NA,NA
Krasnodar,2026,education,2802,281,18
Krasnodar,2026,facility,190,8,9
Krasnodar,2026,government,NA,NA,NA
Krasnodar,2026,healthcare,11,2,3
Krasnodar,2026,nonprofit,NA,NA,NA
Krasnodar,2026,other,NA,NA,NA
Krasnodar,2026,NA,NA,NA,NA
Krasnodar,2027,archive,NA,NA,NA
Krasnodar,2027,company,NA,NA,NA
Krasnodar,2027,education,NA,NA,NA
Krasnodar,2027,facility,NA,NA,NA
Krasnodar,2027,government,NA,NA,NA
Krasnodar,2027,healthcare,NA,NA,NA
Krasnodar,2027,nonprofit,NA,NA,NA
Krasnodar,2027,other,NA,NA,NA
Krasnodar,2027,NA,NA,NA,NA
Krasnodar,2029,archive,NA,NA,NA
Krasnodar,2029,company,NA,NA,NA
Krasnodar,2029,education,NA,NA,NA
Krasnodar,2029,facility,NA,NA,NA
Krasnodar,2029,government,NA,NA,NA
Krasnodar,2029,healthcare,NA,NA,NA
Krasnodar,2029,nonprofit,NA,NA,NA
Krasnodar,2029,other,NA,NA,NA
Krasnodar,2029,NA,NA,NA,NA
Krasnodar,NA,archive,NA,NA,NA
Krasnodar,NA,company,NA,NA,NA
Krasnodar,NA,education,NA,NA,NA
Krasnodar,NA,facility,NA,NA,NA
Krasnodar,NA,government,NA,NA,NA
Krasnodar,NA,healthcare,NA,NA,NA
Krasnodar,NA,nonprofit,NA,NA,NA
Krasnodar,NA,other,NA,NA,NA
Krasnodar,NA,NA,NA,NA,NA
Krasnoyarsk,2010,archive,NA,NA,NA
Krasnoyarsk,2010,company,2,0,1
Krasnoyarsk,2010,education,487,8019,11
Krasnoyarsk,2010,facility,437,7669,7
Krasnoyarsk,2010,government,NA,NA,NA
Krasnoyarsk,2010,healthcare,2,0,1
Krasnoyarsk,2010,nonprofit,NA,NA,NA
Krasnoyarsk,2010,other,NA,NA,NA
Krasnoyarsk,2010,NA,NA,NA,NA
Krasnoyarsk,2011,archive,1,46,1
Krasnoyarsk,2011,company,5,27,1
Krasnoyarsk,2011,education,738,4509,11
Krasnoyarsk,2011,facility,461,7764,9
Krasnoyarsk,2011,government,NA,NA,NA
Krasnoyarsk,2011,healthcare,3,0,1
Krasnoyarsk,2011,nonprofit,NA,NA,NA
Krasnoyarsk,2011,other,NA,NA,NA
Krasnoyarsk,2011,NA,NA,NA,NA
Krasnoyarsk,2012,archive,NA,NA,NA
Krasnoyarsk,2012,company,5,18,1
Krasnoyarsk,2012,education,727,5320,11
Krasnoyarsk,2012,facility,465,6141,9
Krasnoyarsk,2012,government,NA,NA,NA
Krasnoyarsk,2012,healthcare,4,16,1
Krasnoyarsk,2012,nonprofit,NA,NA,NA
Krasnoyarsk,2012,other,NA,NA,NA
Krasnoyarsk,2012,NA,NA,NA,NA
Krasnoyarsk,2013,archive,22,27,2
Krasnoyarsk,2013,company,8,27,1
Krasnoyarsk,2013,education,714,6701,9
Krasnoyarsk,2013,facility,493,9183,9
Krasnoyarsk,2013,government,NA,NA,NA
Krasnoyarsk,2013,healthcare,6,2,1
Krasnoyarsk,2013,nonprofit,NA,NA,NA
Krasnoyarsk,2013,other,NA,NA,NA
Krasnoyarsk,2013,NA,NA,NA,NA
Krasnoyarsk,2014,archive,2,17,1
Krasnoyarsk,2014,company,12,57,1
Krasnoyarsk,2014,education,978,7350,12
Krasnoyarsk,2014,facility,629,9592,8
Krasnoyarsk,2014,government,NA,NA,NA
Krasnoyarsk,2014,healthcare,24,48,1
Krasnoyarsk,2014,nonprofit,NA,NA,NA
Krasnoyarsk,2014,other,1,13,1
Krasnoyarsk,2014,NA,NA,NA,NA
Krasnoyarsk,2015,archive,5,59,1
Krasnoyarsk,2015,company,25,36,1
Krasnoyarsk,2015,education,1681,9840,11
Krasnoyarsk,2015,facility,836,11470,9
Krasnoyarsk,2015,government,NA,NA,NA
Krasnoyarsk,2015,healthcare,43,148,1
Krasnoyarsk,2015,nonprofit,NA,NA,NA
Krasnoyarsk,2015,other,2,46,1
Krasnoyarsk,2015,NA,NA,NA,NA
Krasnoyarsk,2016,archive,6,34,1
Krasnoyarsk,2016,company,23,103,1
Krasnoyarsk,2016,education,1830,13086,12
Krasnoyarsk,2016,facility,998,15107,9
Krasnoyarsk,2016,government,NA,NA,NA
Krasnoyarsk,2016,healthcare,42,80,1
Krasnoyarsk,2016,nonprofit,NA,NA,NA
Krasnoyarsk,2016,other,2,22,1
Krasnoyarsk,2016,NA,NA,NA,NA
Krasnoyarsk,2017,archive,14,56,1
Krasnoyarsk,2017,company,26,112,1
Krasnoyarsk,2017,education,1913,16214,12
Krasnoyarsk,2017,facility,1237,16779,10
Krasnoyarsk,2017,government,NA,NA,NA
Krasnoyarsk,2017,healthcare,37,593,1
Krasnoyarsk,2017,nonprofit,NA,NA,NA
Krasnoyarsk,2017,other,1,0,1
Krasnoyarsk,2017,NA,NA,NA,NA
Krasnoyarsk,2018,archive,16,149,2
Krasnoyarsk,2018,company,57,113,1
Krasnoyarsk,2018,education,2256,14327,13
Krasnoyarsk,2018,facility,1373,16924,9
Krasnoyarsk,2018,government,1,2,1
Krasnoyarsk,2018,healthcare,42,198,1
Krasnoyarsk,2018,nonprofit,NA,NA,NA
Krasnoyarsk,2018,other,9,455,1
Krasnoyarsk,2018,NA,NA,NA,NA
Krasnoyarsk,2019,archive,14,29,2
Krasnoyarsk,2019,company,49,93,1
Krasnoyarsk,2019,education,2820,18975,14
Krasnoyarsk,2019,facility,1515,16596,9
Krasnoyarsk,2019,government,NA,NA,NA
Krasnoyarsk,2019,healthcare,55,613,1
Krasnoyarsk,2019,nonprofit,NA,NA,NA
Krasnoyarsk,2019,other,8,201,1
Krasnoyarsk,2019,NA,NA,NA,NA
Krasnoyarsk,2020,archive,37,274,2
Krasnoyarsk,2020,company,63,146,1
Krasnoyarsk,2020,education,3437,18985,14
Krasnoyarsk,2020,facility,1631,20073,9
Krasnoyarsk,2020,government,3,0,1
Krasnoyarsk,2020,healthcare,60,264,1
Krasnoyarsk,2020,nonprofit,NA,NA,NA
Krasnoyarsk,2020,other,9,270,1
Krasnoyarsk,2020,NA,NA,NA,NA
Krasnoyarsk,2021,archive,12,291,2
Krasnoyarsk,2021,company,66,190,1
Krasnoyarsk,2021,education,3448,18162,14
Krasnoyarsk,2021,facility,1777,19682,9
Krasnoyarsk,2021,government,2,5,1
Krasnoyarsk,2021,healthcare,65,391,1
Krasnoyarsk,2021,nonprofit,NA,NA,NA
Krasnoyarsk,2021,other,1,104,1
Krasnoyarsk,2021,NA,NA,NA,NA
Krasnoyarsk,2022,archive,13,43,2
Krasnoyarsk,2022,company,49,68,1
Krasnoyarsk,2022,education,3034,12969,13
Krasnoyarsk,2022,facility,1647,13933,9
Krasnoyarsk,2022,government,3,11,1
Krasnoyarsk,2022,healthcare,69,152,1
Krasnoyarsk,2022,nonprofit,NA,NA,NA
Krasnoyarsk,2022,other,2,11,1
Krasnoyarsk,2022,NA,NA,NA,NA
Krasnoyarsk,2023,archive,4,6,2
Krasnoyarsk,2023,company,37,38,1
Krasnoyarsk,2023,education,2694,12586,12
Krasnoyarsk,2023,facility,1705,8361,9
Krasnoyarsk,2023,government,3,2,1
Krasnoyarsk,2023,healthcare,75,211,1
Krasnoyarsk,2023,nonprofit,NA,NA,NA
Krasnoyarsk,2023,other,NA,NA,NA
Krasnoyarsk,2023,NA,NA,NA,NA
Krasnoyarsk,2024,archive,8,7,2
Krasnoyarsk,2024,company,18,26,1
Krasnoyarsk,2024,education,2852,5719,12
Krasnoyarsk,2024,facility,1560,4539,9
Krasnoyarsk,2024,government,2,0,1
Krasnoyarsk,2024,healthcare,72,129,1
Krasnoyarsk,2024,nonprofit,NA,NA,NA
Krasnoyarsk,2024,other,NA,NA,NA
Krasnoyarsk,2024,NA,NA,NA,NA
Krasnoyarsk,2025,archive,5,0,2
Krasnoyarsk,2025,company,12,2,1
Krasnoyarsk,2025,education,2292,1855,11
Krasnoyarsk,2025,facility,1167,1733,8
Krasnoyarsk,2025,government,1,1,1
Krasnoyarsk,2025,healthcare,59,37,1
Krasnoyarsk,2025,nonprofit,NA,NA,NA
Krasnoyarsk,2025,other,NA,NA,NA
Krasnoyarsk,2025,NA,NA,NA,NA
Krasnoyarsk,2026,archive,6,1,1
Krasnoyarsk,2026,company,9,0,1
Krasnoyarsk,2026,education,1717,161,12
Krasnoyarsk,2026,facility,857,168,9
Krasnoyarsk,2026,government,3,0,1
Krasnoyarsk,2026,healthcare,63,5,1
Krasnoyarsk,2026,nonprofit,NA,NA,NA
Krasnoyarsk,2026,other,NA,NA,NA
Krasnoyarsk,2026,NA,NA,NA,NA
Krasnoyarsk,2027,archive,NA,NA,NA
Krasnoyarsk,2027,company,NA,NA,NA
Krasnoyarsk,2027,education,NA,NA,NA
Krasnoyarsk,2027,facility,NA,NA,NA
Krasnoyarsk,2027,government,NA,NA,NA
Krasnoyarsk,2027,healthcare,NA,NA,NA
Krasnoyarsk,2027,nonprofit,NA,NA,NA
Krasnoyarsk,2027,other,NA,NA,NA
Krasnoyarsk,2027,NA,NA,NA,NA
Krasnoyarsk,2029,archive,NA,NA,NA
Krasnoyarsk,2029,company,NA,NA,NA
Krasnoyarsk,2029,education,NA,NA,NA
Krasnoyarsk,2029,facility,NA,NA,NA
Krasnoyarsk,2029,government,NA,NA,NA
Krasnoyarsk,2029,healthcare,NA,NA,NA
Krasnoyarsk,2029,nonprofit,NA,NA,NA
Krasnoyarsk,2029,other,NA,NA,NA
Krasnoyarsk,2029,NA,NA,NA,NA
Krasnoyarsk,NA,archive,NA,NA,NA
Krasnoyarsk,NA,company,NA,NA,NA
Krasnoyarsk,NA,education,NA,NA,NA
Krasnoyarsk,NA,facility,NA,NA,NA
Krasnoyarsk,NA,government,NA,NA,NA
Krasnoyarsk,NA,healthcare,NA,NA,NA
Krasnoyarsk,NA,nonprofit,NA,NA,NA
Krasnoyarsk,NA,other,NA,NA,NA
Krasnoyarsk,NA,NA,NA,NA,NA
Kurgan,2010,archive,NA,NA,NA
Kurgan,2010,company,NA,NA,NA
Kurgan,2010,education,11,125,3
Kurgan,2010,facility,11,104,1
Kurgan,2010,government,NA,NA,NA
Kurgan,2010,healthcare,NA,NA,NA
Kurgan,2010,nonprofit,NA,NA,NA
Kurgan,2010,other,NA,NA,NA
Kurgan,2010,NA,NA,NA,NA
Kurgan,2011,archive,NA,NA,NA
Kurgan,2011,company,NA,NA,NA
Kurgan,2011,education,17,98,3
Kurgan,2011,facility,9,28,1
Kurgan,2011,government,NA,NA,NA
Kurgan,2011,healthcare,NA,NA,NA
Kurgan,2011,nonprofit,NA,NA,NA
Kurgan,2011,other,NA,NA,NA
Kurgan,2011,NA,NA,NA,NA
Kurgan,2012,archive,NA,NA,NA
Kurgan,2012,company,NA,NA,NA
Kurgan,2012,education,21,35,3
Kurgan,2012,facility,48,271,1
Kurgan,2012,government,NA,NA,NA
Kurgan,2012,healthcare,NA,NA,NA
Kurgan,2012,nonprofit,NA,NA,NA
Kurgan,2012,other,NA,NA,NA
Kurgan,2012,NA,NA,NA,NA
Kurgan,2013,archive,NA,NA,NA
Kurgan,2013,company,NA,NA,NA
Kurgan,2013,education,30,83,3
Kurgan,2013,facility,35,375,1
Kurgan,2013,government,NA,NA,NA
Kurgan,2013,healthcare,NA,NA,NA
Kurgan,2013,nonprofit,NA,NA,NA
Kurgan,2013,other,NA,NA,NA
Kurgan,2013,NA,NA,NA,NA
Kurgan,2014,archive,NA,NA,NA
Kurgan,2014,company,NA,NA,NA
Kurgan,2014,education,39,197,3
Kurgan,2014,facility,37,210,1
Kurgan,2014,government,NA,NA,NA
Kurgan,2014,healthcare,NA,NA,NA
Kurgan,2014,nonprofit,NA,NA,NA
Kurgan,2014,other,NA,NA,NA
Kurgan,2014,NA,NA,NA,NA
Kurgan,2015,archive,NA,NA,NA
Kurgan,2015,company,NA,NA,NA
Kurgan,2015,education,33,99,3
Kurgan,2015,facility,71,299,1
Kurgan,2015,government,NA,NA,NA
Kurgan,2015,healthcare,NA,NA,NA
Kurgan,2015,nonprofit,NA,NA,NA
Kurgan,2015,other,NA,NA,NA
Kurgan,2015,NA,NA,NA,NA
Kurgan,2016,archive,NA,NA,NA
Kurgan,2016,company,NA,NA,NA
Kurgan,2016,education,55,164,3
Kurgan,2016,facility,78,308,1
Kurgan,2016,government,NA,NA,NA
Kurgan,2016,healthcare,NA,NA,NA
Kurgan,2016,nonprofit,NA,NA,NA
Kurgan,2016,other,NA,NA,NA
Kurgan,2016,NA,NA,NA,NA
Kurgan,2017,archive,NA,NA,NA
Kurgan,2017,company,NA,NA,NA
Kurgan,2017,education,79,155,3
Kurgan,2017,facility,86,394,1
Kurgan,2017,government,NA,NA,NA
Kurgan,2017,healthcare,NA,NA,NA
Kurgan,2017,nonprofit,NA,NA,NA
Kurgan,2017,other,NA,NA,NA
Kurgan,2017,NA,NA,NA,NA
Kurgan,2018,archive,NA,NA,NA
Kurgan,2018,company,NA,NA,NA
Kurgan,2018,education,114,239,3
Kurgan,2018,facility,115,426,1
Kurgan,2018,government,NA,NA,NA
Kurgan,2018,healthcare,NA,NA,NA
Kurgan,2018,nonprofit,NA,NA,NA
Kurgan,2018,other,NA,NA,NA
Kurgan,2018,NA,NA,NA,NA
Kurgan,2019,archive,NA,NA,NA
Kurgan,2019,company,NA,NA,NA
Kurgan,2019,education,200,354,3
Kurgan,2019,facility,109,500,1
Kurgan,2019,government,NA,NA,NA
Kurgan,2019,healthcare,NA,NA,NA
Kurgan,2019,nonprofit,NA,NA,NA
Kurgan,2019,other,NA,NA,NA
Kurgan,2019,NA,NA,NA,NA
Kurgan,2020,archive,NA,NA,NA
Kurgan,2020,company,NA,NA,NA
Kurgan,2020,education,276,436,3
Kurgan,2020,facility,101,412,1
Kurgan,2020,government,NA,NA,NA
Kurgan,2020,healthcare,NA,NA,NA
Kurgan,2020,nonprofit,NA,NA,NA
Kurgan,2020,other,NA,NA,NA
Kurgan,2020,NA,NA,NA,NA
Kurgan,2021,archive,NA,NA,NA
Kurgan,2021,company,NA,NA,NA
Kurgan,2021,education,409,1230,3
Kurgan,2021,facility,80,324,1
Kurgan,2021,government,NA,NA,NA
Kurgan,2021,healthcare,NA,NA,NA
Kurgan,2021,nonprofit,NA,NA,NA
Kurgan,2021,other,NA,NA,NA
Kurgan,2021,NA,NA,NA,NA
Kurgan,2022,archive,NA,NA,NA
Kurgan,2022,company,NA,NA,NA
Kurgan,2022,education,443,652,3
Kurgan,2022,facility,92,189,1
Kurgan,2022,government,NA,NA,NA
Kurgan,2022,healthcare,NA,NA,NA
Kurgan,2022,nonprofit,NA,NA,NA
Kurgan,2022,other,NA,NA,NA
Kurgan,2022,NA,NA,NA,NA
Kurgan,2023,archive,NA,NA,NA
Kurgan,2023,company,NA,NA,NA
Kurgan,2023,education,409,113,3
Kurgan,2023,facility,78,135,1
Kurgan,2023,government,NA,NA,NA
Kurgan,2023,healthcare,NA,NA,NA
Kurgan,2023,nonprofit,NA,NA,NA
Kurgan,2023,other,NA,NA,NA
Kurgan,2023,NA,NA,NA,NA
Kurgan,2024,archive,NA,NA,NA
Kurgan,2024,company,NA,NA,NA
Kurgan,2024,education,264,81,3
Kurgan,2024,facility,67,85,1
Kurgan,2024,government,NA,NA,NA
Kurgan,2024,healthcare,NA,NA,NA
Kurgan,2024,nonprofit,NA,NA,NA
Kurgan,2024,other,NA,NA,NA
Kurgan,2024,NA,NA,NA,NA
Kurgan,2025,archive,NA,NA,NA
Kurgan,2025,company,NA,NA,NA
Kurgan,2025,education,398,32,3
Kurgan,2025,facility,54,25,1
Kurgan,2025,government,NA,NA,NA
Kurgan,2025,healthcare,NA,NA,NA
Kurgan,2025,nonprofit,NA,NA,NA
Kurgan,2025,other,NA,NA,NA
Kurgan,2025,NA,NA,NA,NA
Kurgan,2026,archive,NA,NA,NA
Kurgan,2026,company,NA,NA,NA
Kurgan,2026,education,268,6,3
Kurgan,2026,facility,158,5,1
Kurgan,2026,government,NA,NA,NA
Kurgan,2026,healthcare,NA,NA,NA
Kurgan,2026,nonprofit,NA,NA,NA
Kurgan,2026,other,NA,NA,NA
Kurgan,2026,NA,NA,NA,NA
Kurgan,2027,archive,NA,NA,NA
Kurgan,2027,company,NA,NA,NA
Kurgan,2027,education,NA,NA,NA
Kurgan,2027,facility,NA,NA,NA
Kurgan,2027,government,NA,NA,NA
Kurgan,2027,healthcare,NA,NA,NA
Kurgan,2027,nonprofit,NA,NA,NA
Kurgan,2027,other,NA,NA,NA
Kurgan,2027,NA,NA,NA,NA
Kurgan,2029,archive,NA,NA,NA
Kurgan,2029,company,NA,NA,NA
Kurgan,2029,education,NA,NA,NA
Kurgan,2029,facility,NA,NA,NA
Kurgan,2029,government,NA,NA,NA
Kurgan,2029,healthcare,NA,NA,NA
Kurgan,2029,nonprofit,NA,NA,NA
Kurgan,2029,other,NA,NA,NA
Kurgan,2029,NA,NA,NA,NA
Kurgan,NA,archive,NA,NA,NA
Kurgan,NA,company,NA,NA,NA
Kurgan,NA,education,NA,NA,NA
Kurgan,NA,facility,NA,NA,NA
Kurgan,NA,government,NA,NA,NA
Kurgan,NA,healthcare,NA,NA,NA
Kurgan,NA,nonprofit,NA,NA,NA
Kurgan,NA,other,NA,NA,NA
Kurgan,NA,NA,NA,NA,NA
Kursk,2010,archive,NA,NA,NA
Kursk,2010,company,NA,NA,NA
Kursk,2010,education,68,307,3
Kursk,2010,facility,5,63,3
Kursk,2010,government,NA,NA,NA
Kursk,2010,healthcare,1,0,1
Kursk,2010,nonprofit,NA,NA,NA
Kursk,2010,other,NA,NA,NA
Kursk,2010,NA,NA,NA,NA
Kursk,2011,archive,NA,NA,NA
Kursk,2011,company,NA,NA,NA
Kursk,2011,education,110,1347,3
Kursk,2011,facility,10,26,5
Kursk,2011,government,NA,NA,NA
Kursk,2011,healthcare,1,245,1
Kursk,2011,nonprofit,NA,NA,NA
Kursk,2011,other,NA,NA,NA
Kursk,2011,NA,NA,NA,NA
Kursk,2012,archive,NA,NA,NA
Kursk,2012,company,NA,NA,NA
Kursk,2012,education,134,1377,3
Kursk,2012,facility,3,7,3
Kursk,2012,government,NA,NA,NA
Kursk,2012,healthcare,2,19,1
Kursk,2012,nonprofit,NA,NA,NA
Kursk,2012,other,NA,NA,NA
Kursk,2012,NA,NA,NA,NA
Kursk,2013,archive,NA,NA,NA
Kursk,2013,company,NA,NA,NA
Kursk,2013,education,161,824,3
Kursk,2013,facility,10,18,3
Kursk,2013,government,NA,NA,NA
Kursk,2013,healthcare,1,0,1
Kursk,2013,nonprofit,NA,NA,NA
Kursk,2013,other,NA,NA,NA
Kursk,2013,NA,NA,NA,NA
Kursk,2014,archive,NA,NA,NA
Kursk,2014,company,NA,NA,NA
Kursk,2014,education,194,1416,3
Kursk,2014,facility,7,71,2
Kursk,2014,government,NA,NA,NA
Kursk,2014,healthcare,5,5,1
Kursk,2014,nonprofit,NA,NA,NA
Kursk,2014,other,NA,NA,NA
Kursk,2014,NA,NA,NA,NA
Kursk,2015,archive,NA,NA,NA
Kursk,2015,company,NA,NA,NA
Kursk,2015,education,354,1698,3
Kursk,2015,facility,14,62,5
Kursk,2015,government,NA,NA,NA
Kursk,2015,healthcare,9,39,1
Kursk,2015,nonprofit,NA,NA,NA
Kursk,2015,other,NA,NA,NA
Kursk,2015,NA,NA,NA,NA
Kursk,2016,archive,NA,NA,NA
Kursk,2016,company,NA,NA,NA
Kursk,2016,education,534,1282,5
Kursk,2016,facility,12,55,4
Kursk,2016,government,NA,NA,NA
Kursk,2016,healthcare,4,3,1
Kursk,2016,nonprofit,NA,NA,NA
Kursk,2016,other,NA,NA,NA
Kursk,2016,NA,NA,NA,NA
Kursk,2017,archive,NA,NA,NA
Kursk,2017,company,NA,NA,NA
Kursk,2017,education,593,2737,5
Kursk,2017,facility,24,88,5
Kursk,2017,government,NA,NA,NA
Kursk,2017,healthcare,15,27,1
Kursk,2017,nonprofit,NA,NA,NA
Kursk,2017,other,NA,NA,NA
Kursk,2017,NA,NA,NA,NA
Kursk,2018,archive,NA,NA,NA
Kursk,2018,company,NA,NA,NA
Kursk,2018,education,674,1798,5
Kursk,2018,facility,36,100,5
Kursk,2018,government,NA,NA,NA
Kursk,2018,healthcare,4,1,1
Kursk,2018,nonprofit,NA,NA,NA
Kursk,2018,other,NA,NA,NA
Kursk,2018,NA,NA,NA,NA
Kursk,2019,archive,NA,NA,NA
Kursk,2019,company,NA,NA,NA
Kursk,2019,education,957,2936,5
Kursk,2019,facility,64,130,5
Kursk,2019,government,NA,NA,NA
Kursk,2019,healthcare,11,30,1
Kursk,2019,nonprofit,NA,NA,NA
Kursk,2019,other,NA,NA,NA
Kursk,2019,NA,NA,NA,NA
Kursk,2020,archive,NA,NA,NA
Kursk,2020,company,NA,NA,NA
Kursk,2020,education,1174,3974,4
Kursk,2020,facility,102,276,4
Kursk,2020,government,NA,NA,NA
Kursk,2020,healthcare,10,9,1
Kursk,2020,nonprofit,NA,NA,NA
Kursk,2020,other,NA,NA,NA
Kursk,2020,NA,NA,NA,NA
Kursk,2021,archive,NA,NA,NA
Kursk,2021,company,NA,NA,NA
Kursk,2021,education,1292,4897,5
Kursk,2021,facility,193,322,5
Kursk,2021,government,NA,NA,NA
Kursk,2021,healthcare,14,105,1
Kursk,2021,nonprofit,NA,NA,NA
Kursk,2021,other,NA,NA,NA
Kursk,2021,NA,NA,NA,NA
Kursk,2022,archive,NA,NA,NA
Kursk,2022,company,NA,NA,NA
Kursk,2022,education,946,3553,5
Kursk,2022,facility,123,123,2
Kursk,2022,government,NA,NA,NA
Kursk,2022,healthcare,10,11,1
Kursk,2022,nonprofit,NA,NA,NA
Kursk,2022,other,NA,NA,NA
Kursk,2022,NA,NA,NA,NA
Kursk,2023,archive,NA,NA,NA
Kursk,2023,company,NA,NA,NA
Kursk,2023,education,897,2918,5
Kursk,2023,facility,103,148,3
Kursk,2023,government,NA,NA,NA
Kursk,2023,healthcare,9,10,1
Kursk,2023,nonprofit,NA,NA,NA
Kursk,2023,other,NA,NA,NA
Kursk,2023,NA,NA,NA,NA
Kursk,2024,archive,NA,NA,NA
Kursk,2024,company,NA,NA,NA
Kursk,2024,education,855,1110,4
Kursk,2024,facility,80,51,3
Kursk,2024,government,NA,NA,NA
Kursk,2024,healthcare,18,33,1
Kursk,2024,nonprofit,NA,NA,NA
Kursk,2024,other,NA,NA,NA
Kursk,2024,NA,NA,NA,NA
Kursk,2025,archive,NA,NA,NA
Kursk,2025,company,NA,NA,NA
Kursk,2025,education,752,637,5
Kursk,2025,facility,61,14,2
Kursk,2025,government,NA,NA,NA
Kursk,2025,healthcare,11,2,1
Kursk,2025,nonprofit,NA,NA,NA
Kursk,2025,other,NA,NA,NA
Kursk,2025,NA,NA,NA,NA
Kursk,2026,archive,NA,NA,NA
Kursk,2026,company,NA,NA,NA
Kursk,2026,education,557,81,5
Kursk,2026,facility,55,0,2
Kursk,2026,government,NA,NA,NA
Kursk,2026,healthcare,5,2,1
Kursk,2026,nonprofit,NA,NA,NA
Kursk,2026,other,NA,NA,NA
Kursk,2026,NA,NA,NA,NA
Kursk,2027,archive,NA,NA,NA
Kursk,2027,company,NA,NA,NA
Kursk,2027,education,NA,NA,NA
Kursk,2027,facility,NA,NA,NA
Kursk,2027,government,NA,NA,NA
Kursk,2027,healthcare,NA,NA,NA
Kursk,2027,nonprofit,NA,NA,NA
Kursk,2027,other,NA,NA,NA
Kursk,2027,NA,NA,NA,NA
Kursk,2029,archive,NA,NA,NA
Kursk,2029,company,NA,NA,NA
Kursk,2029,education,NA,NA,NA
Kursk,2029,facility,NA,NA,NA
Kursk,2029,government,NA,NA,NA
Kursk,2029,healthcare,NA,NA,NA
Kursk,2029,nonprofit,NA,NA,NA
Kursk,2029,other,NA,NA,NA
Kursk,2029,NA,NA,NA,NA
Kursk,NA,archive,NA,NA,NA
Kursk,NA,company,NA,NA,NA
Kursk,NA,education,NA,NA,NA
Kursk,NA,facility,NA,NA,NA
Kursk,NA,government,NA,NA,NA
Kursk,NA,healthcare,NA,NA,NA
Kursk,NA,nonprofit,NA,NA,NA
Kursk,NA,other,NA,NA,NA
Kursk,NA,NA,NA,NA,NA
Leningrad,2010,archive,NA,NA,NA
Leningrad,2010,company,NA,NA,NA
Leningrad,2010,education,NA,NA,NA
Leningrad,2010,facility,453,16394,3
Leningrad,2010,government,NA,NA,NA
Leningrad,2010,healthcare,NA,NA,NA
Leningrad,2010,nonprofit,NA,NA,NA
Leningrad,2010,other,NA,NA,NA
Leningrad,2010,NA,NA,NA,NA
Leningrad,2011,archive,NA,NA,NA
Leningrad,2011,company,NA,NA,NA
Leningrad,2011,education,NA,NA,NA
Leningrad,2011,facility,530,24370,3
Leningrad,2011,government,NA,NA,NA
Leningrad,2011,healthcare,NA,NA,NA
Leningrad,2011,nonprofit,NA,NA,NA
Leningrad,2011,other,NA,NA,NA
Leningrad,2011,NA,NA,NA,NA
Leningrad,2012,archive,NA,NA,NA
Leningrad,2012,company,NA,NA,NA
Leningrad,2012,education,NA,NA,NA
Leningrad,2012,facility,1677,27339,3
Leningrad,2012,government,NA,NA,NA
Leningrad,2012,healthcare,NA,NA,NA
Leningrad,2012,nonprofit,NA,NA,NA
Leningrad,2012,other,NA,NA,NA
Leningrad,2012,NA,NA,NA,NA
Leningrad,2013,archive,NA,NA,NA
Leningrad,2013,company,NA,NA,NA
Leningrad,2013,education,NA,NA,NA
Leningrad,2013,facility,2278,32344,3
Leningrad,2013,government,NA,NA,NA
Leningrad,2013,healthcare,NA,NA,NA
Leningrad,2013,nonprofit,NA,NA,NA
Leningrad,2013,other,NA,NA,NA
Leningrad,2013,NA,NA,NA,NA
Leningrad,2014,archive,NA,NA,NA
Leningrad,2014,company,NA,NA,NA
Leningrad,2014,education,NA,NA,NA
Leningrad,2014,facility,744,31252,3
Leningrad,2014,government,NA,NA,NA
Leningrad,2014,healthcare,NA,NA,NA
Leningrad,2014,nonprofit,NA,NA,NA
Leningrad,2014,other,NA,NA,NA
Leningrad,2014,NA,NA,NA,NA
Leningrad,2015,archive,NA,NA,NA
Leningrad,2015,company,NA,NA,NA
Leningrad,2015,education,NA,NA,NA
Leningrad,2015,facility,1758,32836,3
Leningrad,2015,government,NA,NA,NA
Leningrad,2015,healthcare,NA,NA,NA
Leningrad,2015,nonprofit,NA,NA,NA
Leningrad,2015,other,1,2,1
Leningrad,2015,NA,NA,NA,NA
Leningrad,2016,archive,NA,NA,NA
Leningrad,2016,company,NA,NA,NA
Leningrad,2016,education,NA,NA,NA
Leningrad,2016,facility,2264,25856,3
Leningrad,2016,government,NA,NA,NA
Leningrad,2016,healthcare,NA,NA,NA
Leningrad,2016,nonprofit,NA,NA,NA
Leningrad,2016,other,NA,NA,NA
Leningrad,2016,NA,NA,NA,NA
Leningrad,2017,archive,NA,NA,NA
Leningrad,2017,company,NA,NA,NA
Leningrad,2017,education,NA,NA,NA
Leningrad,2017,facility,807,27056,3
Leningrad,2017,government,NA,NA,NA
Leningrad,2017,healthcare,NA,NA,NA
Leningrad,2017,nonprofit,NA,NA,NA
Leningrad,2017,other,NA,NA,NA
Leningrad,2017,NA,NA,NA,NA
Leningrad,2018,archive,NA,NA,NA
Leningrad,2018,company,NA,NA,NA
Leningrad,2018,education,NA,NA,NA
Leningrad,2018,facility,792,30262,3
Leningrad,2018,government,NA,NA,NA
Leningrad,2018,healthcare,NA,NA,NA
Leningrad,2018,nonprofit,NA,NA,NA
Leningrad,2018,other,NA,NA,NA
Leningrad,2018,NA,NA,NA,NA
Leningrad,2019,archive,NA,NA,NA
Leningrad,2019,company,NA,NA,NA
Leningrad,2019,education,NA,NA,NA
Leningrad,2019,facility,729,23451,3
Leningrad,2019,government,NA,NA,NA
Leningrad,2019,healthcare,NA,NA,NA
Leningrad,2019,nonprofit,NA,NA,NA
Leningrad,2019,other,NA,NA,NA
Leningrad,2019,NA,NA,NA,NA
Leningrad,2020,archive,NA,NA,NA
Leningrad,2020,company,NA,NA,NA
Leningrad,2020,education,NA,NA,NA
Leningrad,2020,facility,711,23277,3
Leningrad,2020,government,NA,NA,NA
Leningrad,2020,healthcare,NA,NA,NA
Leningrad,2020,nonprofit,NA,NA,NA
Leningrad,2020,other,4,115,1
Leningrad,2020,NA,NA,NA,NA
Leningrad,2021,archive,NA,NA,NA
Leningrad,2021,company,NA,NA,NA
Leningrad,2021,education,NA,NA,NA
Leningrad,2021,facility,691,13502,3
Leningrad,2021,government,NA,NA,NA
Leningrad,2021,healthcare,NA,NA,NA
Leningrad,2021,nonprofit,NA,NA,NA
Leningrad,2021,other,1,104,1
Leningrad,2021,NA,NA,NA,NA
Leningrad,2022,archive,NA,NA,NA
Leningrad,2022,company,NA,NA,NA
Leningrad,2022,education,NA,NA,NA
Leningrad,2022,facility,585,14214,3
Leningrad,2022,government,NA,NA,NA
Leningrad,2022,healthcare,NA,NA,NA
Leningrad,2022,nonprofit,NA,NA,NA
Leningrad,2022,other,2,2,1
Leningrad,2022,NA,NA,NA,NA
Leningrad,2023,archive,NA,NA,NA
Leningrad,2023,company,NA,NA,NA
Leningrad,2023,education,NA,NA,NA
Leningrad,2023,facility,435,2097,3
Leningrad,2023,government,NA,NA,NA
Leningrad,2023,healthcare,NA,NA,NA
Leningrad,2023,nonprofit,NA,NA,NA
Leningrad,2023,other,11,5,1
Leningrad,2023,NA,NA,NA,NA
Leningrad,2024,archive,NA,NA,NA
Leningrad,2024,company,NA,NA,NA
Leningrad,2024,education,NA,NA,NA
Leningrad,2024,facility,428,1306,3
Leningrad,2024,government,NA,NA,NA
Leningrad,2024,healthcare,NA,NA,NA
Leningrad,2024,nonprofit,NA,NA,NA
Leningrad,2024,other,2,1,1
Leningrad,2024,NA,NA,NA,NA
Leningrad,2025,archive,NA,NA,NA
Leningrad,2025,company,NA,NA,NA
Leningrad,2025,education,NA,NA,NA
Leningrad,2025,facility,502,669,3
Leningrad,2025,government,NA,NA,NA
Leningrad,2025,healthcare,NA,NA,NA
Leningrad,2025,nonprofit,NA,NA,NA
Leningrad,2025,other,3,0,1
Leningrad,2025,NA,NA,NA,NA
Leningrad,2026,archive,NA,NA,NA
Leningrad,2026,company,NA,NA,NA
Leningrad,2026,education,NA,NA,NA
Leningrad,2026,facility,350,79,2
Leningrad,2026,government,NA,NA,NA
Leningrad,2026,healthcare,NA,NA,NA
Leningrad,2026,nonprofit,NA,NA,NA
Leningrad,2026,other,3,0,1
Leningrad,2026,NA,NA,NA,NA
Leningrad,2027,archive,NA,NA,NA
Leningrad,2027,company,NA,NA,NA
Leningrad,2027,education,NA,NA,NA
Leningrad,2027,facility,NA,NA,NA
Leningrad,2027,government,NA,NA,NA
Leningrad,2027,healthcare,NA,NA,NA
Leningrad,2027,nonprofit,NA,NA,NA
Leningrad,2027,other,NA,NA,NA
Leningrad,2027,NA,NA,NA,NA
Leningrad,2029,archive,NA,NA,NA
Leningrad,2029,company,NA,NA,NA
Leningrad,2029,education,NA,NA,NA
Leningrad,2029,facility,NA,NA,NA
Leningrad,2029,government,NA,NA,NA
Leningrad,2029,healthcare,NA,NA,NA
Leningrad,2029,nonprofit,NA,NA,NA
Leningrad,2029,other,NA,NA,NA
Leningrad,2029,NA,NA,NA,NA
Leningrad,NA,archive,NA,NA,NA
Leningrad,NA,company,NA,NA,NA
Leningrad,NA,education,NA,NA,NA
Leningrad,NA,facility,NA,NA,NA
Leningrad,NA,government,NA,NA,NA
Leningrad,NA,healthcare,NA,NA,NA
Leningrad,NA,nonprofit,NA,NA,NA
Leningrad,NA,other,NA,NA,NA
Leningrad,NA,NA,NA,NA,NA
Lipetsk,2010,archive,NA,NA,NA
Lipetsk,2010,company,NA,NA,NA
Lipetsk,2010,education,22,34,5
Lipetsk,2010,facility,NA,NA,NA
Lipetsk,2010,government,NA,NA,NA
Lipetsk,2010,healthcare,NA,NA,NA
Lipetsk,2010,nonprofit,NA,NA,NA
Lipetsk,2010,other,NA,NA,NA
Lipetsk,2010,NA,NA,NA,NA
Lipetsk,2011,archive,NA,NA,NA
Lipetsk,2011,company,NA,NA,NA
Lipetsk,2011,education,43,112,4
Lipetsk,2011,facility,NA,NA,NA
Lipetsk,2011,government,NA,NA,NA
Lipetsk,2011,healthcare,NA,NA,NA
Lipetsk,2011,nonprofit,NA,NA,NA
Lipetsk,2011,other,NA,NA,NA
Lipetsk,2011,NA,NA,NA,NA
Lipetsk,2012,archive,NA,NA,NA
Lipetsk,2012,company,NA,NA,NA
Lipetsk,2012,education,37,195,4
Lipetsk,2012,facility,NA,NA,NA
Lipetsk,2012,government,NA,NA,NA
Lipetsk,2012,healthcare,NA,NA,NA
Lipetsk,2012,nonprofit,NA,NA,NA
Lipetsk,2012,other,NA,NA,NA
Lipetsk,2012,NA,NA,NA,NA
Lipetsk,2013,archive,NA,NA,NA
Lipetsk,2013,company,NA,NA,NA
Lipetsk,2013,education,50,199,5
Lipetsk,2013,facility,NA,NA,NA
Lipetsk,2013,government,NA,NA,NA
Lipetsk,2013,healthcare,NA,NA,NA
Lipetsk,2013,nonprofit,NA,NA,NA
Lipetsk,2013,other,NA,NA,NA
Lipetsk,2013,NA,NA,NA,NA
Lipetsk,2014,archive,NA,NA,NA
Lipetsk,2014,company,NA,NA,NA
Lipetsk,2014,education,65,102,4
Lipetsk,2014,facility,NA,NA,NA
Lipetsk,2014,government,NA,NA,NA
Lipetsk,2014,healthcare,NA,NA,NA
Lipetsk,2014,nonprofit,NA,NA,NA
Lipetsk,2014,other,NA,NA,NA
Lipetsk,2014,NA,NA,NA,NA
Lipetsk,2015,archive,NA,NA,NA
Lipetsk,2015,company,NA,NA,NA
Lipetsk,2015,education,129,398,3
Lipetsk,2015,facility,NA,NA,NA
Lipetsk,2015,government,NA,NA,NA
Lipetsk,2015,healthcare,NA,NA,NA
Lipetsk,2015,nonprofit,NA,NA,NA
Lipetsk,2015,other,NA,NA,NA
Lipetsk,2015,NA,NA,NA,NA
Lipetsk,2016,archive,NA,NA,NA
Lipetsk,2016,company,NA,NA,NA
Lipetsk,2016,education,171,392,5
Lipetsk,2016,facility,NA,NA,NA
Lipetsk,2016,government,NA,NA,NA
Lipetsk,2016,healthcare,NA,NA,NA
Lipetsk,2016,nonprofit,NA,NA,NA
Lipetsk,2016,other,NA,NA,NA
Lipetsk,2016,NA,NA,NA,NA
Lipetsk,2017,archive,NA,NA,NA
Lipetsk,2017,company,NA,NA,NA
Lipetsk,2017,education,216,788,5
Lipetsk,2017,facility,NA,NA,NA
Lipetsk,2017,government,NA,NA,NA
Lipetsk,2017,healthcare,NA,NA,NA
Lipetsk,2017,nonprofit,NA,NA,NA
Lipetsk,2017,other,NA,NA,NA
Lipetsk,2017,NA,NA,NA,NA
Lipetsk,2018,archive,NA,NA,NA
Lipetsk,2018,company,NA,NA,NA
Lipetsk,2018,education,264,506,5
Lipetsk,2018,facility,NA,NA,NA
Lipetsk,2018,government,NA,NA,NA
Lipetsk,2018,healthcare,NA,NA,NA
Lipetsk,2018,nonprofit,NA,NA,NA
Lipetsk,2018,other,NA,NA,NA
Lipetsk,2018,NA,NA,NA,NA
Lipetsk,2019,archive,NA,NA,NA
Lipetsk,2019,company,NA,NA,NA
Lipetsk,2019,education,351,706,4
Lipetsk,2019,facility,NA,NA,NA
Lipetsk,2019,government,NA,NA,NA
Lipetsk,2019,healthcare,NA,NA,NA
Lipetsk,2019,nonprofit,NA,NA,NA
Lipetsk,2019,other,NA,NA,NA
Lipetsk,2019,NA,NA,NA,NA
Lipetsk,2020,archive,NA,NA,NA
Lipetsk,2020,company,NA,NA,NA
Lipetsk,2020,education,509,1017,4
Lipetsk,2020,facility,NA,NA,NA
Lipetsk,2020,government,NA,NA,NA
Lipetsk,2020,healthcare,NA,NA,NA
Lipetsk,2020,nonprofit,NA,NA,NA
Lipetsk,2020,other,NA,NA,NA
Lipetsk,2020,NA,NA,NA,NA
Lipetsk,2021,archive,NA,NA,NA
Lipetsk,2021,company,NA,NA,NA
Lipetsk,2021,education,673,1359,4
Lipetsk,2021,facility,NA,NA,NA
Lipetsk,2021,government,NA,NA,NA
Lipetsk,2021,healthcare,NA,NA,NA
Lipetsk,2021,nonprofit,NA,NA,NA
Lipetsk,2021,other,NA,NA,NA
Lipetsk,2021,NA,NA,NA,NA
Lipetsk,2022,archive,NA,NA,NA
Lipetsk,2022,company,NA,NA,NA
Lipetsk,2022,education,623,750,5
Lipetsk,2022,facility,NA,NA,NA
Lipetsk,2022,government,NA,NA,NA
Lipetsk,2022,healthcare,NA,NA,NA
Lipetsk,2022,nonprofit,NA,NA,NA
Lipetsk,2022,other,NA,NA,NA
Lipetsk,2022,NA,NA,NA,NA
Lipetsk,2023,archive,NA,NA,NA
Lipetsk,2023,company,NA,NA,NA
Lipetsk,2023,education,563,497,4
Lipetsk,2023,facility,NA,NA,NA
Lipetsk,2023,government,NA,NA,NA
Lipetsk,2023,healthcare,NA,NA,NA
Lipetsk,2023,nonprofit,NA,NA,NA
Lipetsk,2023,other,NA,NA,NA
Lipetsk,2023,NA,NA,NA,NA
Lipetsk,2024,archive,NA,NA,NA
Lipetsk,2024,company,NA,NA,NA
Lipetsk,2024,education,494,572,4
Lipetsk,2024,facility,NA,NA,NA
Lipetsk,2024,government,NA,NA,NA
Lipetsk,2024,healthcare,NA,NA,NA
Lipetsk,2024,nonprofit,NA,NA,NA
Lipetsk,2024,other,NA,NA,NA
Lipetsk,2024,NA,NA,NA,NA
Lipetsk,2025,archive,NA,NA,NA
Lipetsk,2025,company,NA,NA,NA
Lipetsk,2025,education,442,100,5
Lipetsk,2025,facility,NA,NA,NA
Lipetsk,2025,government,NA,NA,NA
Lipetsk,2025,healthcare,NA,NA,NA
Lipetsk,2025,nonprofit,NA,NA,NA
Lipetsk,2025,other,NA,NA,NA
Lipetsk,2025,NA,NA,NA,NA
Lipetsk,2026,archive,NA,NA,NA
Lipetsk,2026,company,NA,NA,NA
Lipetsk,2026,education,434,11,5
Lipetsk,2026,facility,NA,NA,NA
Lipetsk,2026,government,NA,NA,NA
Lipetsk,2026,healthcare,NA,NA,NA
Lipetsk,2026,nonprofit,NA,NA,NA
Lipetsk,2026,other,NA,NA,NA
Lipetsk,2026,NA,NA,NA,NA
Lipetsk,2027,archive,NA,NA,NA
Lipetsk,2027,company,NA,NA,NA
Lipetsk,2027,education,NA,NA,NA
Lipetsk,2027,facility,NA,NA,NA
Lipetsk,2027,government,NA,NA,NA
Lipetsk,2027,healthcare,NA,NA,NA
Lipetsk,2027,nonprofit,NA,NA,NA
Lipetsk,2027,other,NA,NA,NA
Lipetsk,2027,NA,NA,NA,NA
Lipetsk,2029,archive,NA,NA,NA
Lipetsk,2029,company,NA,NA,NA
Lipetsk,2029,education,NA,NA,NA
Lipetsk,2029,facility,NA,NA,NA
Lipetsk,2029,government,NA,NA,NA
Lipetsk,2029,healthcare,NA,NA,NA
Lipetsk,2029,nonprofit,NA,NA,NA
Lipetsk,2029,other,NA,NA,NA
Lipetsk,2029,NA,NA,NA,NA
Lipetsk,NA,archive,NA,NA,NA
Lipetsk,NA,company,NA,NA,NA
Lipetsk,NA,education,NA,NA,NA
Lipetsk,NA,facility,NA,NA,NA
Lipetsk,NA,government,NA,NA,NA
Lipetsk,NA,healthcare,NA,NA,NA
Lipetsk,NA,nonprofit,NA,NA,NA
Lipetsk,NA,other,NA,NA,NA
Lipetsk,NA,NA,NA,NA,NA
Maga Buryatdan,2010,archive,NA,NA,NA
Maga Buryatdan,2010,company,NA,NA,NA
Maga Buryatdan,2010,education,NA,NA,NA
Maga Buryatdan,2010,facility,60,1073,3
Maga Buryatdan,2010,government,NA,NA,NA
Maga Buryatdan,2010,healthcare,NA,NA,NA
Maga Buryatdan,2010,nonprofit,NA,NA,NA
Maga Buryatdan,2010,other,NA,NA,NA
Maga Buryatdan,2010,NA,NA,NA,NA
Maga Buryatdan,2011,archive,NA,NA,NA
Maga Buryatdan,2011,company,NA,NA,NA
Maga Buryatdan,2011,education,NA,NA,NA
Maga Buryatdan,2011,facility,79,1135,2
Maga Buryatdan,2011,government,NA,NA,NA
Maga Buryatdan,2011,healthcare,NA,NA,NA
Maga Buryatdan,2011,nonprofit,NA,NA,NA
Maga Buryatdan,2011,other,NA,NA,NA
Maga Buryatdan,2011,NA,NA,NA,NA
Maga Buryatdan,2012,archive,NA,NA,NA
Maga Buryatdan,2012,company,NA,NA,NA
Maga Buryatdan,2012,education,NA,NA,NA
Maga Buryatdan,2012,facility,56,995,2
Maga Buryatdan,2012,government,NA,NA,NA
Maga Buryatdan,2012,healthcare,NA,NA,NA
Maga Buryatdan,2012,nonprofit,NA,NA,NA
Maga Buryatdan,2012,other,NA,NA,NA
Maga Buryatdan,2012,NA,NA,NA,NA
Maga Buryatdan,2013,archive,NA,NA,NA
Maga Buryatdan,2013,company,NA,NA,NA
Maga Buryatdan,2013,education,NA,NA,NA
Maga Buryatdan,2013,facility,80,2271,3
Maga Buryatdan,2013,government,NA,NA,NA
Maga Buryatdan,2013,healthcare,NA,NA,NA
Maga Buryatdan,2013,nonprofit,NA,NA,NA
Maga Buryatdan,2013,other,NA,NA,NA
Maga Buryatdan,2013,NA,NA,NA,NA
Maga Buryatdan,2014,archive,NA,NA,NA
Maga Buryatdan,2014,company,NA,NA,NA
Maga Buryatdan,2014,education,NA,NA,NA
Maga Buryatdan,2014,facility,88,1352,3
Maga Buryatdan,2014,government,NA,NA,NA
Maga Buryatdan,2014,healthcare,NA,NA,NA
Maga Buryatdan,2014,nonprofit,NA,NA,NA
Maga Buryatdan,2014,other,NA,NA,NA
Maga Buryatdan,2014,NA,NA,NA,NA
Maga Buryatdan,2015,archive,NA,NA,NA
Maga Buryatdan,2015,company,NA,NA,NA
Maga Buryatdan,2015,education,NA,NA,NA
Maga Buryatdan,2015,facility,111,2731,3
Maga Buryatdan,2015,government,NA,NA,NA
Maga Buryatdan,2015,healthcare,NA,NA,NA
Maga Buryatdan,2015,nonprofit,NA,NA,NA
Maga Buryatdan,2015,other,NA,NA,NA
Maga Buryatdan,2015,NA,NA,NA,NA
Maga Buryatdan,2016,archive,NA,NA,NA
Maga Buryatdan,2016,company,NA,NA,NA
Maga Buryatdan,2016,education,NA,NA,NA
Maga Buryatdan,2016,facility,102,1659,3
Maga Buryatdan,2016,government,NA,NA,NA
Maga Buryatdan,2016,healthcare,NA,NA,NA
Maga Buryatdan,2016,nonprofit,NA,NA,NA
Maga Buryatdan,2016,other,NA,NA,NA
Maga Buryatdan,2016,NA,NA,NA,NA
Maga Buryatdan,2017,archive,NA,NA,NA
Maga Buryatdan,2017,company,NA,NA,NA
Maga Buryatdan,2017,education,NA,NA,NA
Maga Buryatdan,2017,facility,149,1445,3
Maga Buryatdan,2017,government,NA,NA,NA
Maga Buryatdan,2017,healthcare,NA,NA,NA
Maga Buryatdan,2017,nonprofit,NA,NA,NA
Maga Buryatdan,2017,other,NA,NA,NA
Maga Buryatdan,2017,NA,NA,NA,NA
Maga Buryatdan,2018,archive,NA,NA,NA
Maga Buryatdan,2018,company,NA,NA,NA
Maga Buryatdan,2018,education,NA,NA,NA
Maga Buryatdan,2018,facility,119,1579,3
Maga Buryatdan,2018,government,NA,NA,NA
Maga Buryatdan,2018,healthcare,NA,NA,NA
Maga Buryatdan,2018,nonprofit,NA,NA,NA
Maga Buryatdan,2018,other,NA,NA,NA
Maga Buryatdan,2018,NA,NA,NA,NA
Maga Buryatdan,2019,archive,NA,NA,NA
Maga Buryatdan,2019,company,NA,NA,NA
Maga Buryatdan,2019,education,NA,NA,NA
Maga Buryatdan,2019,facility,155,2405,3
Maga Buryatdan,2019,government,NA,NA,NA
Maga Buryatdan,2019,healthcare,NA,NA,NA
Maga Buryatdan,2019,nonprofit,NA,NA,NA
Maga Buryatdan,2019,other,NA,NA,NA
Maga Buryatdan,2019,NA,NA,NA,NA
Maga Buryatdan,2020,archive,NA,NA,NA
Maga Buryatdan,2020,company,NA,NA,NA
Maga Buryatdan,2020,education,NA,NA,NA
Maga Buryatdan,2020,facility,249,1317,3
Maga Buryatdan,2020,government,NA,NA,NA
Maga Buryatdan,2020,healthcare,NA,NA,NA
Maga Buryatdan,2020,nonprofit,NA,NA,NA
Maga Buryatdan,2020,other,NA,NA,NA
Maga Buryatdan,2020,NA,NA,NA,NA
Maga Buryatdan,2021,archive,NA,NA,NA
Maga Buryatdan,2021,company,NA,NA,NA
Maga Buryatdan,2021,education,NA,NA,NA
Maga Buryatdan,2021,facility,400,1956,3
Maga Buryatdan,2021,government,NA,NA,NA
Maga Buryatdan,2021,healthcare,NA,NA,NA
Maga Buryatdan,2021,nonprofit,NA,NA,NA
Maga Buryatdan,2021,other,NA,NA,NA
Maga Buryatdan,2021,NA,NA,NA,NA
Maga Buryatdan,2022,archive,NA,NA,NA
Maga Buryatdan,2022,company,NA,NA,NA
Maga Buryatdan,2022,education,NA,NA,NA
Maga Buryatdan,2022,facility,241,1036,3
Maga Buryatdan,2022,government,NA,NA,NA
Maga Buryatdan,2022,healthcare,NA,NA,NA
Maga Buryatdan,2022,nonprofit,NA,NA,NA
Maga Buryatdan,2022,other,NA,NA,NA
Maga Buryatdan,2022,NA,NA,NA,NA
Maga Buryatdan,2023,archive,NA,NA,NA
Maga Buryatdan,2023,company,NA,NA,NA
Maga Buryatdan,2023,education,NA,NA,NA
Maga Buryatdan,2023,facility,374,558,3
Maga Buryatdan,2023,government,NA,NA,NA
Maga Buryatdan,2023,healthcare,NA,NA,NA
Maga Buryatdan,2023,nonprofit,NA,NA,NA
Maga Buryatdan,2023,other,NA,NA,NA
Maga Buryatdan,2023,NA,NA,NA,NA
Maga Buryatdan,2024,archive,NA,NA,NA
Maga Buryatdan,2024,company,NA,NA,NA
Maga Buryatdan,2024,education,NA,NA,NA
Maga Buryatdan,2024,facility,553,304,3
Maga Buryatdan,2024,government,NA,NA,NA
Maga Buryatdan,2024,healthcare,NA,NA,NA
Maga Buryatdan,2024,nonprofit,NA,NA,NA
Maga Buryatdan,2024,other,NA,NA,NA
Maga Buryatdan,2024,NA,NA,NA,NA
Maga Buryatdan,2025,archive,NA,NA,NA
Maga Buryatdan,2025,company,NA,NA,NA
Maga Buryatdan,2025,education,NA,NA,NA
Maga Buryatdan,2025,facility,409,142,3
Maga Buryatdan,2025,government,NA,NA,NA
Maga Buryatdan,2025,healthcare,NA,NA,NA
Maga Buryatdan,2025,nonprofit,NA,NA,NA
Maga Buryatdan,2025,other,NA,NA,NA
Maga Buryatdan,2025,NA,NA,NA,NA
Maga Buryatdan,2026,archive,NA,NA,NA
Maga Buryatdan,2026,company,NA,NA,NA
Maga Buryatdan,2026,education,NA,NA,NA
Maga Buryatdan,2026,facility,415,20,3
Maga Buryatdan,2026,government,NA,NA,NA
Maga Buryatdan,2026,healthcare,NA,NA,NA
Maga Buryatdan,2026,nonprofit,NA,NA,NA
Maga Buryatdan,2026,other,NA,NA,NA
Maga Buryatdan,2026,NA,NA,NA,NA
Maga Buryatdan,2027,archive,NA,NA,NA
Maga Buryatdan,2027,company,NA,NA,NA
Maga Buryatdan,2027,education,NA,NA,NA
Maga Buryatdan,2027,facility,NA,NA,NA
Maga Buryatdan,2027,government,NA,NA,NA
Maga Buryatdan,2027,healthcare,NA,NA,NA
Maga Buryatdan,2027,nonprofit,NA,NA,NA
Maga Buryatdan,2027,other,NA,NA,NA
Maga Buryatdan,2027,NA,NA,NA,NA
Maga Buryatdan,2029,archive,NA,NA,NA
Maga Buryatdan,2029,company,NA,NA,NA
Maga Buryatdan,2029,education,NA,NA,NA
Maga Buryatdan,2029,facility,NA,NA,NA
Maga Buryatdan,2029,government,NA,NA,NA
Maga Buryatdan,2029,healthcare,NA,NA,NA
Maga Buryatdan,2029,nonprofit,NA,NA,NA
Maga Buryatdan,2029,other,NA,NA,NA
Maga Buryatdan,2029,NA,NA,NA,NA
Maga Buryatdan,NA,archive,NA,NA,NA
Maga Buryatdan,NA,company,NA,NA,NA
Maga Buryatdan,NA,education,NA,NA,NA
Maga Buryatdan,NA,facility,NA,NA,NA
Maga Buryatdan,NA,government,NA,NA,NA
Maga Buryatdan,NA,healthcare,NA,NA,NA
Maga Buryatdan,NA,nonprofit,NA,NA,NA
Maga Buryatdan,NA,other,NA,NA,NA
Maga Buryatdan,NA,NA,NA,NA,NA
Mariy-El,2010,archive,NA,NA,NA
Mariy-El,2010,company,NA,NA,NA
Mariy-El,2010,education,42,331,2
Mariy-El,2010,facility,NA,NA,NA
Mariy-El,2010,government,NA,NA,NA
Mariy-El,2010,healthcare,NA,NA,NA
Mariy-El,2010,nonprofit,NA,NA,NA
Mariy-El,2010,other,1,10,1
Mariy-El,2010,NA,NA,NA,NA
Mariy-El,2011,archive,NA,NA,NA
Mariy-El,2011,company,NA,NA,NA
Mariy-El,2011,education,37,186,2
Mariy-El,2011,facility,NA,NA,NA
Mariy-El,2011,government,NA,NA,NA
Mariy-El,2011,healthcare,NA,NA,NA
Mariy-El,2011,nonprofit,NA,NA,NA
Mariy-El,2011,other,NA,NA,NA
Mariy-El,2011,NA,NA,NA,NA
Mariy-El,2012,archive,NA,NA,NA
Mariy-El,2012,company,NA,NA,NA
Mariy-El,2012,education,56,291,2
Mariy-El,2012,facility,NA,NA,NA
Mariy-El,2012,government,NA,NA,NA
Mariy-El,2012,healthcare,NA,NA,NA
Mariy-El,2012,nonprofit,NA,NA,NA
Mariy-El,2012,other,NA,NA,NA
Mariy-El,2012,NA,NA,NA,NA
Mariy-El,2013,archive,NA,NA,NA
Mariy-El,2013,company,NA,NA,NA
Mariy-El,2013,education,57,246,2
Mariy-El,2013,facility,NA,NA,NA
Mariy-El,2013,government,NA,NA,NA
Mariy-El,2013,healthcare,NA,NA,NA
Mariy-El,2013,nonprofit,NA,NA,NA
Mariy-El,2013,other,NA,NA,NA
Mariy-El,2013,NA,NA,NA,NA
Mariy-El,2014,archive,NA,NA,NA
Mariy-El,2014,company,NA,NA,NA
Mariy-El,2014,education,109,412,2
Mariy-El,2014,facility,NA,NA,NA
Mariy-El,2014,government,NA,NA,NA
Mariy-El,2014,healthcare,NA,NA,NA
Mariy-El,2014,nonprofit,NA,NA,NA
Mariy-El,2014,other,3,1,2
Mariy-El,2014,NA,NA,NA,NA
Mariy-El,2015,archive,NA,NA,NA
Mariy-El,2015,company,NA,NA,NA
Mariy-El,2015,education,227,653,2
Mariy-El,2015,facility,NA,NA,NA
Mariy-El,2015,government,NA,NA,NA
Mariy-El,2015,healthcare,NA,NA,NA
Mariy-El,2015,nonprofit,NA,NA,NA
Mariy-El,2015,other,8,7,2
Mariy-El,2015,NA,NA,NA,NA
Mariy-El,2016,archive,NA,NA,NA
Mariy-El,2016,company,NA,NA,NA
Mariy-El,2016,education,158,589,2
Mariy-El,2016,facility,NA,NA,NA
Mariy-El,2016,government,NA,NA,NA
Mariy-El,2016,healthcare,NA,NA,NA
Mariy-El,2016,nonprofit,NA,NA,NA
Mariy-El,2016,other,4,0,2
Mariy-El,2016,NA,NA,NA,NA
Mariy-El,2017,archive,NA,NA,NA
Mariy-El,2017,company,NA,NA,NA
Mariy-El,2017,education,211,1016,2
Mariy-El,2017,facility,NA,NA,NA
Mariy-El,2017,government,NA,NA,NA
Mariy-El,2017,healthcare,NA,NA,NA
Mariy-El,2017,nonprofit,NA,NA,NA
Mariy-El,2017,other,4,9,1
Mariy-El,2017,NA,NA,NA,NA
Mariy-El,2018,archive,NA,NA,NA
Mariy-El,2018,company,NA,NA,NA
Mariy-El,2018,education,231,1007,2
Mariy-El,2018,facility,NA,NA,NA
Mariy-El,2018,government,NA,NA,NA
Mariy-El,2018,healthcare,NA,NA,NA
Mariy-El,2018,nonprofit,NA,NA,NA
Mariy-El,2018,other,9,4,2
Mariy-El,2018,NA,NA,NA,NA
Mariy-El,2019,archive,NA,NA,NA
Mariy-El,2019,company,NA,NA,NA
Mariy-El,2019,education,354,1581,2
Mariy-El,2019,facility,NA,NA,NA
Mariy-El,2019,government,NA,NA,NA
Mariy-El,2019,healthcare,NA,NA,NA
Mariy-El,2019,nonprofit,NA,NA,NA
Mariy-El,2019,other,6,7,2
Mariy-El,2019,NA,NA,NA,NA
Mariy-El,2020,archive,NA,NA,NA
Mariy-El,2020,company,NA,NA,NA
Mariy-El,2020,education,439,1631,2
Mariy-El,2020,facility,NA,NA,NA
Mariy-El,2020,government,NA,NA,NA
Mariy-El,2020,healthcare,NA,NA,NA
Mariy-El,2020,nonprofit,NA,NA,NA
Mariy-El,2020,other,13,122,2
Mariy-El,2020,NA,NA,NA,NA
Mariy-El,2021,archive,NA,NA,NA
Mariy-El,2021,company,NA,NA,NA
Mariy-El,2021,education,462,1328,2
Mariy-El,2021,facility,NA,NA,NA
Mariy-El,2021,government,NA,NA,NA
Mariy-El,2021,healthcare,NA,NA,NA
Mariy-El,2021,nonprofit,NA,NA,NA
Mariy-El,2021,other,9,104,2
Mariy-El,2021,NA,NA,NA,NA
Mariy-El,2022,archive,NA,NA,NA
Mariy-El,2022,company,NA,NA,NA
Mariy-El,2022,education,408,965,2
Mariy-El,2022,facility,NA,NA,NA
Mariy-El,2022,government,NA,NA,NA
Mariy-El,2022,healthcare,NA,NA,NA
Mariy-El,2022,nonprofit,NA,NA,NA
Mariy-El,2022,other,7,10,2
Mariy-El,2022,NA,NA,NA,NA
Mariy-El,2023,archive,NA,NA,NA
Mariy-El,2023,company,NA,NA,NA
Mariy-El,2023,education,355,481,2
Mariy-El,2023,facility,NA,NA,NA
Mariy-El,2023,government,NA,NA,NA
Mariy-El,2023,healthcare,NA,NA,NA
Mariy-El,2023,nonprofit,NA,NA,NA
Mariy-El,2023,other,6,7,1
Mariy-El,2023,NA,NA,NA,NA
Mariy-El,2024,archive,NA,NA,NA
Mariy-El,2024,company,NA,NA,NA
Mariy-El,2024,education,342,497,2
Mariy-El,2024,facility,NA,NA,NA
Mariy-El,2024,government,NA,NA,NA
Mariy-El,2024,healthcare,NA,NA,NA
Mariy-El,2024,nonprofit,NA,NA,NA
Mariy-El,2024,other,2,0,1
Mariy-El,2024,NA,NA,NA,NA
Mariy-El,2025,archive,NA,NA,NA
Mariy-El,2025,company,NA,NA,NA
Mariy-El,2025,education,351,162,2
Mariy-El,2025,facility,NA,NA,NA
Mariy-El,2025,government,NA,NA,NA
Mariy-El,2025,healthcare,NA,NA,NA
Mariy-El,2025,nonprofit,NA,NA,NA
Mariy-El,2025,other,4,0,2
Mariy-El,2025,NA,NA,NA,NA
Mariy-El,2026,archive,NA,NA,NA
Mariy-El,2026,company,NA,NA,NA
Mariy-El,2026,education,237,4,2
Mariy-El,2026,facility,NA,NA,NA
Mariy-El,2026,government,NA,NA,NA
Mariy-El,2026,healthcare,NA,NA,NA
Mariy-El,2026,nonprofit,NA,NA,NA
Mariy-El,2026,other,1,0,1
Mariy-El,2026,NA,NA,NA,NA
Mariy-El,2027,archive,NA,NA,NA
Mariy-El,2027,company,NA,NA,NA
Mariy-El,2027,education,NA,NA,NA
Mariy-El,2027,facility,NA,NA,NA
Mariy-El,2027,government,NA,NA,NA
Mariy-El,2027,healthcare,NA,NA,NA
Mariy-El,2027,nonprofit,NA,NA,NA
Mariy-El,2027,other,NA,NA,NA
Mariy-El,2027,NA,NA,NA,NA
Mariy-El,2029,archive,NA,NA,NA
Mariy-El,2029,company,NA,NA,NA
Mariy-El,2029,education,NA,NA,NA
Mariy-El,2029,facility,NA,NA,NA
Mariy-El,2029,government,NA,NA,NA
Mariy-El,2029,healthcare,NA,NA,NA
Mariy-El,2029,nonprofit,NA,NA,NA
Mariy-El,2029,other,NA,NA,NA
Mariy-El,2029,NA,NA,NA,NA
Mariy-El,NA,archive,NA,NA,NA
Mariy-El,NA,company,NA,NA,NA
Mariy-El,NA,education,NA,NA,NA
Mariy-El,NA,facility,NA,NA,NA
Mariy-El,NA,government,NA,NA,NA
Mariy-El,NA,healthcare,NA,NA,NA
Mariy-El,NA,nonprofit,NA,NA,NA
Mariy-El,NA,other,NA,NA,NA
Mariy-El,NA,NA,NA,NA,NA
Mordovia,2010,archive,NA,NA,NA
Mordovia,2010,company,NA,NA,NA
Mordovia,2010,education,68,231,2
Mordovia,2010,facility,NA,NA,NA
Mordovia,2010,government,NA,NA,NA
Mordovia,2010,healthcare,NA,NA,NA
Mordovia,2010,nonprofit,NA,NA,NA
Mordovia,2010,other,NA,NA,NA
Mordovia,2010,NA,NA,NA,NA
Mordovia,2011,archive,NA,NA,NA
Mordovia,2011,company,NA,NA,NA
Mordovia,2011,education,81,269,2
Mordovia,2011,facility,NA,NA,NA
Mordovia,2011,government,NA,NA,NA
Mordovia,2011,healthcare,NA,NA,NA
Mordovia,2011,nonprofit,NA,NA,NA
Mordovia,2011,other,NA,NA,NA
Mordovia,2011,NA,NA,NA,NA
Mordovia,2012,archive,NA,NA,NA
Mordovia,2012,company,NA,NA,NA
Mordovia,2012,education,99,399,2
Mordovia,2012,facility,NA,NA,NA
Mordovia,2012,government,NA,NA,NA
Mordovia,2012,healthcare,NA,NA,NA
Mordovia,2012,nonprofit,NA,NA,NA
Mordovia,2012,other,NA,NA,NA
Mordovia,2012,NA,NA,NA,NA
Mordovia,2013,archive,NA,NA,NA
Mordovia,2013,company,NA,NA,NA
Mordovia,2013,education,107,367,2
Mordovia,2013,facility,NA,NA,NA
Mordovia,2013,government,NA,NA,NA
Mordovia,2013,healthcare,NA,NA,NA
Mordovia,2013,nonprofit,NA,NA,NA
Mordovia,2013,other,NA,NA,NA
Mordovia,2013,NA,NA,NA,NA
Mordovia,2014,archive,NA,NA,NA
Mordovia,2014,company,NA,NA,NA
Mordovia,2014,education,172,1386,2
Mordovia,2014,facility,NA,NA,NA
Mordovia,2014,government,NA,NA,NA
Mordovia,2014,healthcare,NA,NA,NA
Mordovia,2014,nonprofit,NA,NA,NA
Mordovia,2014,other,NA,NA,NA
Mordovia,2014,NA,NA,NA,NA
Mordovia,2015,archive,NA,NA,NA
Mordovia,2015,company,NA,NA,NA
Mordovia,2015,education,261,1166,2
Mordovia,2015,facility,NA,NA,NA
Mordovia,2015,government,NA,NA,NA
Mordovia,2015,healthcare,NA,NA,NA
Mordovia,2015,nonprofit,NA,NA,NA
Mordovia,2015,other,NA,NA,NA
Mordovia,2015,NA,NA,NA,NA
Mordovia,2016,archive,NA,NA,NA
Mordovia,2016,company,NA,NA,NA
Mordovia,2016,education,311,2015,2
Mordovia,2016,facility,NA,NA,NA
Mordovia,2016,government,NA,NA,NA
Mordovia,2016,healthcare,NA,NA,NA
Mordovia,2016,nonprofit,NA,NA,NA
Mordovia,2016,other,NA,NA,NA
Mordovia,2016,NA,NA,NA,NA
Mordovia,2017,archive,NA,NA,NA
Mordovia,2017,company,NA,NA,NA
Mordovia,2017,education,373,2194,2
Mordovia,2017,facility,NA,NA,NA
Mordovia,2017,government,NA,NA,NA
Mordovia,2017,healthcare,NA,NA,NA
Mordovia,2017,nonprofit,NA,NA,NA
Mordovia,2017,other,NA,NA,NA
Mordovia,2017,NA,NA,NA,NA
Mordovia,2018,archive,NA,NA,NA
Mordovia,2018,company,NA,NA,NA
Mordovia,2018,education,623,2256,2
Mordovia,2018,facility,NA,NA,NA
Mordovia,2018,government,NA,NA,NA
Mordovia,2018,healthcare,NA,NA,NA
Mordovia,2018,nonprofit,NA,NA,NA
Mordovia,2018,other,NA,NA,NA
Mordovia,2018,NA,NA,NA,NA
Mordovia,2019,archive,NA,NA,NA
Mordovia,2019,company,NA,NA,NA
Mordovia,2019,education,679,1917,2
Mordovia,2019,facility,NA,NA,NA
Mordovia,2019,government,NA,NA,NA
Mordovia,2019,healthcare,NA,NA,NA
Mordovia,2019,nonprofit,NA,NA,NA
Mordovia,2019,other,NA,NA,NA
Mordovia,2019,NA,NA,NA,NA
Mordovia,2020,archive,NA,NA,NA
Mordovia,2020,company,NA,NA,NA
Mordovia,2020,education,941,2418,2
Mordovia,2020,facility,NA,NA,NA
Mordovia,2020,government,NA,NA,NA
Mordovia,2020,healthcare,NA,NA,NA
Mordovia,2020,nonprofit,NA,NA,NA
Mordovia,2020,other,NA,NA,NA
Mordovia,2020,NA,NA,NA,NA
Mordovia,2021,archive,NA,NA,NA
Mordovia,2021,company,NA,NA,NA
Mordovia,2021,education,1091,2791,2
Mordovia,2021,facility,NA,NA,NA
Mordovia,2021,government,NA,NA,NA
Mordovia,2021,healthcare,NA,NA,NA
Mordovia,2021,nonprofit,NA,NA,NA
Mordovia,2021,other,NA,NA,NA
Mordovia,2021,NA,NA,NA,NA
Mordovia,2022,archive,NA,NA,NA
Mordovia,2022,company,NA,NA,NA
Mordovia,2022,education,944,1993,2
Mordovia,2022,facility,NA,NA,NA
Mordovia,2022,government,NA,NA,NA
Mordovia,2022,healthcare,NA,NA,NA
Mordovia,2022,nonprofit,NA,NA,NA
Mordovia,2022,other,NA,NA,NA
Mordovia,2022,NA,NA,NA,NA
Mordovia,2023,archive,NA,NA,NA
Mordovia,2023,company,NA,NA,NA
Mordovia,2023,education,926,2348,2
Mordovia,2023,facility,NA,NA,NA
Mordovia,2023,government,NA,NA,NA
Mordovia,2023,healthcare,NA,NA,NA
Mordovia,2023,nonprofit,NA,NA,NA
Mordovia,2023,other,NA,NA,NA
Mordovia,2023,NA,NA,NA,NA
Mordovia,2024,archive,NA,NA,NA
Mordovia,2024,company,NA,NA,NA
Mordovia,2024,education,889,1064,2
Mordovia,2024,facility,NA,NA,NA
Mordovia,2024,government,NA,NA,NA
Mordovia,2024,healthcare,NA,NA,NA
Mordovia,2024,nonprofit,NA,NA,NA
Mordovia,2024,other,NA,NA,NA
Mordovia,2024,NA,NA,NA,NA
Mordovia,2025,archive,NA,NA,NA
Mordovia,2025,company,NA,NA,NA
Mordovia,2025,education,813,533,2
Mordovia,2025,facility,NA,NA,NA
Mordovia,2025,government,NA,NA,NA
Mordovia,2025,healthcare,NA,NA,NA
Mordovia,2025,nonprofit,NA,NA,NA
Mordovia,2025,other,NA,NA,NA
Mordovia,2025,NA,NA,NA,NA
Mordovia,2026,archive,NA,NA,NA
Mordovia,2026,company,NA,NA,NA
Mordovia,2026,education,549,44,2
Mordovia,2026,facility,NA,NA,NA
Mordovia,2026,government,NA,NA,NA
Mordovia,2026,healthcare,NA,NA,NA
Mordovia,2026,nonprofit,NA,NA,NA
Mordovia,2026,other,NA,NA,NA
Mordovia,2026,NA,NA,NA,NA
Mordovia,2027,archive,NA,NA,NA
Mordovia,2027,company,NA,NA,NA
Mordovia,2027,education,NA,NA,NA
Mordovia,2027,facility,NA,NA,NA
Mordovia,2027,government,NA,NA,NA
Mordovia,2027,healthcare,NA,NA,NA
Mordovia,2027,nonprofit,NA,NA,NA
Mordovia,2027,other,NA,NA,NA
Mordovia,2027,NA,NA,NA,NA
Mordovia,2029,archive,NA,NA,NA
Mordovia,2029,company,NA,NA,NA
Mordovia,2029,education,NA,NA,NA
Mordovia,2029,facility,NA,NA,NA
Mordovia,2029,government,NA,NA,NA
Mordovia,2029,healthcare,NA,NA,NA
Mordovia,2029,nonprofit,NA,NA,NA
Mordovia,2029,other,NA,NA,NA
Mordovia,2029,NA,NA,NA,NA
Mordovia,NA,archive,NA,NA,NA
Mordovia,NA,company,NA,NA,NA
Mordovia,NA,education,NA,NA,NA
Mordovia,NA,facility,NA,NA,NA
Mordovia,NA,government,NA,NA,NA
Mordovia,NA,healthcare,NA,NA,NA
Mordovia,NA,nonprofit,NA,NA,NA
Mordovia,NA,other,NA,NA,NA
Mordovia,NA,NA,NA,NA,NA
Moscow City,2010,archive,87,146,7
Moscow City,2010,company,290,3186,39
Moscow City,2010,education,14465,163500,116
Moscow City,2010,facility,13562,255903,230
Moscow City,2010,government,17536,258921,33
Moscow City,2010,healthcare,570,10293,22
Moscow City,2010,nonprofit,41,258,9
Moscow City,2010,other,21,83,10
Moscow City,2010,NA,NA,NA,NA
Moscow City,2011,archive,94,248,7
Moscow City,2011,company,306,5353,40
Moscow City,2011,education,17111,183796,110
Moscow City,2011,facility,14269,262155,241
Moscow City,2011,government,17306,259351,34
Moscow City,2011,healthcare,632,8408,26
Moscow City,2011,nonprofit,48,138,10
Moscow City,2011,other,29,169,11
Moscow City,2011,NA,NA,NA,NA
Moscow City,2012,archive,110,57,8
Moscow City,2012,company,348,4311,45
Moscow City,2012,education,20577,264644,123
Moscow City,2012,facility,14172,283627,238
Moscow City,2012,government,16446,268337,38
Moscow City,2012,healthcare,565,10694,26
Moscow City,2012,nonprofit,126,736,8
Moscow City,2012,other,32,145,10
Moscow City,2012,NA,NA,NA,NA
Moscow City,2013,archive,95,106,6
Moscow City,2013,company,409,4770,44
Moscow City,2013,education,22994,233941,127
Moscow City,2013,facility,15886,332922,246
Moscow City,2013,government,19783,280343,40
Moscow City,2013,healthcare,700,10274,27
Moscow City,2013,nonprofit,411,838,11
Moscow City,2013,other,40,297,8
Moscow City,2013,NA,NA,NA,NA
Moscow City,2014,archive,101,239,8
Moscow City,2014,company,472,5734,48
Moscow City,2014,education,27201,286561,137
Moscow City,2014,facility,18241,348557,253
Moscow City,2014,government,20881,324225,46
Moscow City,2014,healthcare,862,12073,29
Moscow City,2014,nonprofit,329,1656,9
Moscow City,2014,other,64,700,15
Moscow City,2014,NA,NA,NA,NA
Moscow City,2015,archive,98,301,9
Moscow City,2015,company,638,6113,49
Moscow City,2015,education,34443,337716,142
Moscow City,2015,facility,22500,397486,255
Moscow City,2015,government,24030,319580,47
Moscow City,2015,healthcare,2061,13511,28
Moscow City,2015,nonprofit,497,3266,9
Moscow City,2015,other,61,183,12
Moscow City,2015,NA,NA,NA,NA
Moscow City,2016,archive,150,280,9
Moscow City,2016,company,803,8781,54
Moscow City,2016,education,39744,405217,145
Moscow City,2016,facility,26345,442917,261
Moscow City,2016,government,27029,371763,48
Moscow City,2016,healthcare,1971,19445,31
Moscow City,2016,nonprofit,423,3382,10
Moscow City,2016,other,85,402,15
Moscow City,2016,NA,NA,NA,NA
Moscow City,2017,archive,162,411,9
Moscow City,2017,company,947,11316,56
Moscow City,2017,education,42619,438156,150
Moscow City,2017,facility,30659,418342,272
Moscow City,2017,government,28564,309266,48
Moscow City,2017,healthcare,2189,16731,29
Moscow City,2017,nonprofit,436,4138,12
Moscow City,2017,other,93,848,17
Moscow City,2017,NA,NA,NA,NA
Moscow City,2018,archive,178,413,9
Moscow City,2018,company,1008,15217,56
Moscow City,2018,education,48390,463857,141
Moscow City,2018,facility,37215,441493,267
Moscow City,2018,government,34744,319222,51
Moscow City,2018,healthcare,2213,19878,30
Moscow City,2018,nonprofit,404,2308,11
Moscow City,2018,other,163,1173,16
Moscow City,2018,NA,NA,NA,NA
Moscow City,2019,archive,188,512,9
Moscow City,2019,company,1214,26915,55
Moscow City,2019,education,56409,526537,148
Moscow City,2019,facility,41454,462063,272
Moscow City,2019,government,39351,360572,49
Moscow City,2019,healthcare,2457,21682,30
Moscow City,2019,nonprofit,368,1952,15
Moscow City,2019,other,160,5639,17
Moscow City,2019,NA,NA,NA,NA
Moscow City,2020,archive,196,294,9
Moscow City,2020,company,1227,53595,58
Moscow City,2020,education,69935,649593,148
Moscow City,2020,facility,46197,481915,272
Moscow City,2020,government,43196,388084,51
Moscow City,2020,healthcare,2692,22370,30
Moscow City,2020,nonprofit,454,4182,14
Moscow City,2020,other,196,2045,17
Moscow City,2020,NA,NA,NA,NA
Moscow City,2021,archive,230,406,9
Moscow City,2021,company,1134,6813,55
Moscow City,2021,education,76570,535656,149
Moscow City,2021,facility,45351,414528,267
Moscow City,2021,government,46409,320427,51
Moscow City,2021,healthcare,2948,24803,30
Moscow City,2021,nonprofit,529,2990,13
Moscow City,2021,other,198,1218,16
Moscow City,2021,NA,NA,NA,NA
Moscow City,2022,archive,159,292,8
Moscow City,2022,company,860,7041,54
Moscow City,2022,education,66796,361853,148
Moscow City,2022,facility,42572,289420,265
Moscow City,2022,government,44205,233733,49
Moscow City,2022,healthcare,2717,16145,30
Moscow City,2022,nonprofit,514,4384,15
Moscow City,2022,other,195,943,17
Moscow City,2022,NA,NA,NA,NA
Moscow City,2023,archive,206,350,8
Moscow City,2023,company,782,2253,47
Moscow City,2023,education,65871,229341,154
Moscow City,2023,facility,45538,177228,256
Moscow City,2023,government,46350,153675,49
Moscow City,2023,healthcare,3010,10842,31
Moscow City,2023,nonprofit,573,2719,10
Moscow City,2023,other,162,535,14
Moscow City,2023,NA,NA,NA,NA
Moscow City,2024,archive,210,310,8
Moscow City,2024,company,715,1130,52
Moscow City,2024,education,63237,135467,148
Moscow City,2024,facility,42915,99925,256
Moscow City,2024,government,40908,83001,46
Moscow City,2024,healthcare,3205,6489,31
Moscow City,2024,nonprofit,828,2961,8
Moscow City,2024,other,258,439,17
Moscow City,2024,NA,NA,NA,NA
Moscow City,2025,archive,152,120,8
Moscow City,2025,company,720,538,46
Moscow City,2025,education,62095,66735,149
Moscow City,2025,facility,35963,43684,259
Moscow City,2025,government,35438,35808,48
Moscow City,2025,healthcare,2979,4022,30
Moscow City,2025,nonprofit,951,1420,9
Moscow City,2025,other,166,145,14
Moscow City,2025,NA,NA,NA,NA
Moscow City,2026,archive,130,28,6
Moscow City,2026,company,577,119,43
Moscow City,2026,education,49339,6953,142
Moscow City,2026,facility,24906,4011,244
Moscow City,2026,government,24768,3886,48
Moscow City,2026,healthcare,2348,347,31
Moscow City,2026,nonprofit,727,175,12
Moscow City,2026,other,124,54,14
Moscow City,2026,NA,NA,NA,NA
Moscow City,2027,archive,NA,NA,NA
Moscow City,2027,company,NA,NA,NA
Moscow City,2027,education,NA,NA,NA
Moscow City,2027,facility,NA,NA,NA
Moscow City,2027,government,3,0,2
Moscow City,2027,healthcare,NA,NA,NA
Moscow City,2027,nonprofit,NA,NA,NA
Moscow City,2027,other,1,0,1
Moscow City,2027,NA,NA,NA,NA
Moscow City,2029,archive,NA,NA,NA
Moscow City,2029,company,NA,NA,NA
Moscow City,2029,education,NA,NA,NA
Moscow City,2029,facility,NA,NA,NA
Moscow City,2029,government,NA,NA,NA
Moscow City,2029,healthcare,NA,NA,NA
Moscow City,2029,nonprofit,NA,NA,NA
Moscow City,2029,other,NA,NA,NA
Moscow City,2029,NA,NA,NA,NA
Moscow City,NA,archive,NA,NA,NA
Moscow City,NA,company,NA,NA,NA
Moscow City,NA,education,NA,NA,NA
Moscow City,NA,facility,NA,NA,NA
Moscow City,NA,government,NA,NA,NA
Moscow City,NA,healthcare,NA,NA,NA
Moscow City,NA,nonprofit,NA,NA,NA
Moscow City,NA,other,NA,NA,NA
Moscow City,NA,NA,NA,NA,NA
Moskva,2010,archive,NA,NA,NA
Moskva,2010,company,28,278,5
Moskva,2010,education,710,8938,18
Moskva,2010,facility,3908,93225,46
Moskva,2010,government,13,54,2
Moskva,2010,healthcare,6,482,1
Moskva,2010,nonprofit,22,107,1
Moskva,2010,other,2,98,1
Moskva,2010,NA,NA,NA,NA
Moskva,2011,archive,NA,NA,NA
Moskva,2011,company,40,625,6
Moskva,2011,education,692,13028,18
Moskva,2011,facility,3612,97084,45
Moskva,2011,government,6,10,2
Moskva,2011,healthcare,4,1,1
Moskva,2011,nonprofit,29,479,2
Moskva,2011,other,1,0,1
Moskva,2011,NA,NA,NA,NA
Moskva,2012,archive,NA,NA,NA
Moskva,2012,company,48,330,7
Moskva,2012,education,885,15268,18
Moskva,2012,facility,4086,132479,48
Moskva,2012,government,5,8,2
Moskva,2012,healthcare,9,196,2
Moskva,2012,nonprofit,27,203,2
Moskva,2012,other,NA,NA,NA
Moskva,2012,NA,NA,NA,NA
Moskva,2013,archive,NA,NA,NA
Moskva,2013,company,57,372,5
Moskva,2013,education,1265,30444,18
Moskva,2013,facility,6682,115652,44
Moskva,2013,government,11,23,2
Moskva,2013,healthcare,7,101,2
Moskva,2013,nonprofit,28,101,2
Moskva,2013,other,NA,NA,NA
Moskva,2013,NA,NA,NA,NA
Moskva,2014,archive,NA,NA,NA
Moskva,2014,company,107,707,8
Moskva,2014,education,1769,53257,19
Moskva,2014,facility,4304,109996,47
Moskva,2014,government,27,50,2
Moskva,2014,healthcare,28,3030,2
Moskva,2014,nonprofit,35,234,2
Moskva,2014,other,5,266,1
Moskva,2014,NA,NA,NA,NA
Moskva,2015,archive,NA,NA,NA
Moskva,2015,company,102,750,8
Moskva,2015,education,2299,59449,22
Moskva,2015,facility,5136,116775,44
Moskva,2015,government,52,183,2
Moskva,2015,healthcare,33,1928,2
Moskva,2015,nonprofit,48,308,2
Moskva,2015,other,3,156,1
Moskva,2015,NA,NA,NA,NA
Moskva,2016,archive,NA,NA,NA
Moskva,2016,company,104,840,8
Moskva,2016,education,2844,66404,22
Moskva,2016,facility,5989,115801,52
Moskva,2016,government,54,112,2
Moskva,2016,healthcare,37,1356,2
Moskva,2016,nonprofit,56,588,2
Moskva,2016,other,NA,NA,NA
Moskva,2016,NA,NA,NA,NA
Moskva,2017,archive,1,12,1
Moskva,2017,company,102,610,7
Moskva,2017,education,3703,92675,21
Moskva,2017,facility,5886,106938,51
Moskva,2017,government,74,274,2
Moskva,2017,healthcare,40,1721,2
Moskva,2017,nonprofit,59,1010,2
Moskva,2017,other,1,3,1
Moskva,2017,NA,NA,NA,NA
Moskva,2018,archive,2,0,1
Moskva,2018,company,99,834,7
Moskva,2018,education,4373,98793,22
Moskva,2018,facility,6438,120560,52
Moskva,2018,government,115,691,2
Moskva,2018,healthcare,39,4558,2
Moskva,2018,nonprofit,79,764,2
Moskva,2018,other,4,35,1
Moskva,2018,NA,NA,NA,NA
Moskva,2019,archive,NA,NA,NA
Moskva,2019,company,128,294,7
Moskva,2019,education,5343,99248,22
Moskva,2019,facility,6449,108072,51
Moskva,2019,government,124,607,2
Moskva,2019,healthcare,53,3338,2
Moskva,2019,nonprofit,129,2066,2
Moskva,2019,other,7,15,1
Moskva,2019,NA,NA,NA,NA
Moskva,2020,archive,1,0,1
Moskva,2020,company,167,638,8
Moskva,2020,education,6107,116634,22
Moskva,2020,facility,6385,100552,54
Moskva,2020,government,140,477,2
Moskva,2020,healthcare,54,1916,2
Moskva,2020,nonprofit,242,5819,2
Moskva,2020,other,1,0,1
Moskva,2020,NA,NA,NA,NA
Moskva,2021,archive,1,0,1
Moskva,2021,company,145,399,8
Moskva,2021,education,6601,81255,21
Moskva,2021,facility,6573,80144,52
Moskva,2021,government,165,570,2
Moskva,2021,healthcare,47,1691,2
Moskva,2021,nonprofit,256,4617,2
Moskva,2021,other,2,51,1
Moskva,2021,NA,NA,NA,NA
Moskva,2022,archive,NA,NA,NA
Moskva,2022,company,113,477,7
Moskva,2022,education,5424,54207,23
Moskva,2022,facility,5409,54454,52
Moskva,2022,government,188,407,2
Moskva,2022,healthcare,57,666,2
Moskva,2022,nonprofit,203,2616,2
Moskva,2022,other,1,0,1
Moskva,2022,NA,NA,NA,NA
Moskva,2023,archive,NA,NA,NA
Moskva,2023,company,88,196,6
Moskva,2023,education,5495,30070,19
Moskva,2023,facility,5779,26049,50
Moskva,2023,government,231,261,2
Moskva,2023,healthcare,51,1579,2
Moskva,2023,nonprofit,220,1051,2
Moskva,2023,other,NA,NA,NA
Moskva,2023,NA,NA,NA,NA
Moskva,2024,archive,4,0,1
Moskva,2024,company,68,144,9
Moskva,2024,education,5018,15287,21
Moskva,2024,facility,5739,15381,49
Moskva,2024,government,346,236,2
Moskva,2024,healthcare,85,904,2
Moskva,2024,nonprofit,220,478,2
Moskva,2024,other,1,65,1
Moskva,2024,NA,NA,NA,NA
Moskva,2025,archive,1,1,1
Moskva,2025,company,73,80,9
Moskva,2025,education,4629,6981,19
Moskva,2025,facility,4465,6815,48
Moskva,2025,government,313,100,2
Moskva,2025,healthcare,104,318,2
Moskva,2025,nonprofit,202,226,2
Moskva,2025,other,NA,NA,NA
Moskva,2025,NA,NA,NA,NA
Moskva,2026,archive,NA,NA,NA
Moskva,2026,company,45,7,6
Moskva,2026,education,3823,770,17
Moskva,2026,facility,3188,732,48
Moskva,2026,government,116,10,2
Moskva,2026,healthcare,86,6,2
Moskva,2026,nonprofit,127,11,2
Moskva,2026,other,1,0,1
Moskva,2026,NA,NA,NA,NA
Moskva,2027,archive,NA,NA,NA
Moskva,2027,company,NA,NA,NA
Moskva,2027,education,1,0,1
Moskva,2027,facility,2,0,1
Moskva,2027,government,NA,NA,NA
Moskva,2027,healthcare,NA,NA,NA
Moskva,2027,nonprofit,NA,NA,NA
Moskva,2027,other,NA,NA,NA
Moskva,2027,NA,NA,NA,NA
Moskva,2029,archive,NA,NA,NA
Moskva,2029,company,NA,NA,NA
Moskva,2029,education,NA,NA,NA
Moskva,2029,facility,NA,NA,NA
Moskva,2029,government,NA,NA,NA
Moskva,2029,healthcare,NA,NA,NA
Moskva,2029,nonprofit,NA,NA,NA
Moskva,2029,other,NA,NA,NA
Moskva,2029,NA,NA,NA,NA
Moskva,NA,archive,NA,NA,NA
Moskva,NA,company,NA,NA,NA
Moskva,NA,education,NA,NA,NA
Moskva,NA,facility,NA,NA,NA
Moskva,NA,government,NA,NA,NA
Moskva,NA,healthcare,NA,NA,NA
Moskva,NA,nonprofit,NA,NA,NA
Moskva,NA,other,NA,NA,NA
Moskva,NA,NA,NA,NA,NA
Murmansk,2010,archive,NA,NA,NA
Murmansk,2010,company,NA,NA,NA
Murmansk,2010,education,52,181,2
Murmansk,2010,facility,285,3522,4
Murmansk,2010,government,NA,NA,NA
Murmansk,2010,healthcare,8,706,2
Murmansk,2010,nonprofit,NA,NA,NA
Murmansk,2010,other,NA,NA,NA
Murmansk,2010,NA,NA,NA,NA
Murmansk,2011,archive,NA,NA,NA
Murmansk,2011,company,NA,NA,NA
Murmansk,2011,education,62,148,3
Murmansk,2011,facility,299,2973,4
Murmansk,2011,government,NA,NA,NA
Murmansk,2011,healthcare,6,0,2
Murmansk,2011,nonprofit,NA,NA,NA
Murmansk,2011,other,NA,NA,NA
Murmansk,2011,NA,NA,NA,NA
Murmansk,2012,archive,NA,NA,NA
Murmansk,2012,company,NA,NA,NA
Murmansk,2012,education,79,147,2
Murmansk,2012,facility,306,3582,4
Murmansk,2012,government,NA,NA,NA
Murmansk,2012,healthcare,9,7,2
Murmansk,2012,nonprofit,NA,NA,NA
Murmansk,2012,other,NA,NA,NA
Murmansk,2012,NA,NA,NA,NA
Murmansk,2013,archive,NA,NA,NA
Murmansk,2013,company,NA,NA,NA
Murmansk,2013,education,22,118,2
Murmansk,2013,facility,293,5139,4
Murmansk,2013,government,NA,NA,NA
Murmansk,2013,healthcare,11,44,2
Murmansk,2013,nonprofit,NA,NA,NA
Murmansk,2013,other,NA,NA,NA
Murmansk,2013,NA,NA,NA,NA
Murmansk,2014,archive,NA,NA,NA
Murmansk,2014,company,NA,NA,NA
Murmansk,2014,education,37,185,2
Murmansk,2014,facility,314,3536,4
Murmansk,2014,government,NA,NA,NA
Murmansk,2014,healthcare,9,152,2
Murmansk,2014,nonprofit,NA,NA,NA
Murmansk,2014,other,NA,NA,NA
Murmansk,2014,NA,NA,NA,NA
Murmansk,2015,archive,NA,NA,NA
Murmansk,2015,company,NA,NA,NA
Murmansk,2015,education,71,462,3
Murmansk,2015,facility,337,5473,4
Murmansk,2015,government,NA,NA,NA
Murmansk,2015,healthcare,10,15,2
Murmansk,2015,nonprofit,NA,NA,NA
Murmansk,2015,other,NA,NA,NA
Murmansk,2015,NA,NA,NA,NA
Murmansk,2016,archive,NA,NA,NA
Murmansk,2016,company,NA,NA,NA
Murmansk,2016,education,76,362,3
Murmansk,2016,facility,350,3134,4
Murmansk,2016,government,NA,NA,NA
Murmansk,2016,healthcare,19,43,2
Murmansk,2016,nonprofit,NA,NA,NA
Murmansk,2016,other,NA,NA,NA
Murmansk,2016,NA,NA,NA,NA
Murmansk,2017,archive,NA,NA,NA
Murmansk,2017,company,NA,NA,NA
Murmansk,2017,education,103,353,2
Murmansk,2017,facility,504,3928,4
Murmansk,2017,government,NA,NA,NA
Murmansk,2017,healthcare,18,85,2
Murmansk,2017,nonprofit,NA,NA,NA
Murmansk,2017,other,NA,NA,NA
Murmansk,2017,NA,NA,NA,NA
Murmansk,2018,archive,NA,NA,NA
Murmansk,2018,company,NA,NA,NA
Murmansk,2018,education,175,756,2
Murmansk,2018,facility,822,5085,4
Murmansk,2018,government,NA,NA,NA
Murmansk,2018,healthcare,31,496,2
Murmansk,2018,nonprofit,NA,NA,NA
Murmansk,2018,other,NA,NA,NA
Murmansk,2018,NA,NA,NA,NA
Murmansk,2019,archive,NA,NA,NA
Murmansk,2019,company,NA,NA,NA
Murmansk,2019,education,260,1099,2
Murmansk,2019,facility,861,5895,4
Murmansk,2019,government,NA,NA,NA
Murmansk,2019,healthcare,30,209,2
Murmansk,2019,nonprofit,NA,NA,NA
Murmansk,2019,other,NA,NA,NA
Murmansk,2019,NA,NA,NA,NA
Murmansk,2020,archive,NA,NA,NA
Murmansk,2020,company,NA,NA,NA
Murmansk,2020,education,271,1189,2
Murmansk,2020,facility,854,7040,4
Murmansk,2020,government,NA,NA,NA
Murmansk,2020,healthcare,33,150,2
Murmansk,2020,nonprofit,NA,NA,NA
Murmansk,2020,other,NA,NA,NA
Murmansk,2020,NA,NA,NA,NA
Murmansk,2021,archive,NA,NA,NA
Murmansk,2021,company,NA,NA,NA
Murmansk,2021,education,222,735,2
Murmansk,2021,facility,897,5769,4
Murmansk,2021,government,NA,NA,NA
Murmansk,2021,healthcare,31,172,2
Murmansk,2021,nonprofit,NA,NA,NA
Murmansk,2021,other,NA,NA,NA
Murmansk,2021,NA,NA,NA,NA
Murmansk,2022,archive,NA,NA,NA
Murmansk,2022,company,NA,NA,NA
Murmansk,2022,education,205,665,2
Murmansk,2022,facility,792,4604,4
Murmansk,2022,government,NA,NA,NA
Murmansk,2022,healthcare,39,85,2
Murmansk,2022,nonprofit,NA,NA,NA
Murmansk,2022,other,NA,NA,NA
Murmansk,2022,NA,NA,NA,NA
Murmansk,2023,archive,NA,NA,NA
Murmansk,2023,company,NA,NA,NA
Murmansk,2023,education,200,839,2
Murmansk,2023,facility,920,2929,4
Murmansk,2023,government,NA,NA,NA
Murmansk,2023,healthcare,20,52,2
Murmansk,2023,nonprofit,NA,NA,NA
Murmansk,2023,other,NA,NA,NA
Murmansk,2023,NA,NA,NA,NA
Murmansk,2024,archive,NA,NA,NA
Murmansk,2024,company,NA,NA,NA
Murmansk,2024,education,208,294,2
Murmansk,2024,facility,730,1464,4
Murmansk,2024,government,NA,NA,NA
Murmansk,2024,healthcare,30,46,2
Murmansk,2024,nonprofit,NA,NA,NA
Murmansk,2024,other,NA,NA,NA
Murmansk,2024,NA,NA,NA,NA
Murmansk,2025,archive,NA,NA,NA
Murmansk,2025,company,NA,NA,NA
Murmansk,2025,education,160,92,3
Murmansk,2025,facility,633,636,4
Murmansk,2025,government,NA,NA,NA
Murmansk,2025,healthcare,18,32,2
Murmansk,2025,nonprofit,NA,NA,NA
Murmansk,2025,other,NA,NA,NA
Murmansk,2025,NA,NA,NA,NA
Murmansk,2026,archive,NA,NA,NA
Murmansk,2026,company,NA,NA,NA
Murmansk,2026,education,179,12,3
Murmansk,2026,facility,393,75,4
Murmansk,2026,government,NA,NA,NA
Murmansk,2026,healthcare,16,3,2
Murmansk,2026,nonprofit,NA,NA,NA
Murmansk,2026,other,NA,NA,NA
Murmansk,2026,NA,NA,NA,NA
Murmansk,2027,archive,NA,NA,NA
Murmansk,2027,company,NA,NA,NA
Murmansk,2027,education,NA,NA,NA
Murmansk,2027,facility,NA,NA,NA
Murmansk,2027,government,NA,NA,NA
Murmansk,2027,healthcare,NA,NA,NA
Murmansk,2027,nonprofit,NA,NA,NA
Murmansk,2027,other,NA,NA,NA
Murmansk,2027,NA,NA,NA,NA
Murmansk,2029,archive,NA,NA,NA
Murmansk,2029,company,NA,NA,NA
Murmansk,2029,education,NA,NA,NA
Murmansk,2029,facility,NA,NA,NA
Murmansk,2029,government,NA,NA,NA
Murmansk,2029,healthcare,NA,NA,NA
Murmansk,2029,nonprofit,NA,NA,NA
Murmansk,2029,other,NA,NA,NA
Murmansk,2029,NA,NA,NA,NA
Murmansk,NA,archive,NA,NA,NA
Murmansk,NA,company,NA,NA,NA
Murmansk,NA,education,NA,NA,NA
Murmansk,NA,facility,NA,NA,NA
Murmansk,NA,government,NA,NA,NA
Murmansk,NA,healthcare,NA,NA,NA
Murmansk,NA,nonprofit,NA,NA,NA
Murmansk,NA,other,NA,NA,NA
Murmansk,NA,NA,NA,NA,NA
Nizhegorod,2010,archive,NA,NA,NA
Nizhegorod,2010,company,5,1,3
Nizhegorod,2010,education,351,2735,6
Nizhegorod,2010,facility,737,12318,8
Nizhegorod,2010,government,NA,NA,NA
Nizhegorod,2010,healthcare,11,35,3
Nizhegorod,2010,nonprofit,NA,NA,NA
Nizhegorod,2010,other,3,0,1
Nizhegorod,2010,NA,NA,NA,NA
Nizhegorod,2011,archive,1,1,1
Nizhegorod,2011,company,15,38,3
Nizhegorod,2011,education,385,3123,10
Nizhegorod,2011,facility,720,11437,8
Nizhegorod,2011,government,NA,NA,NA
Nizhegorod,2011,healthcare,7,1046,3
Nizhegorod,2011,nonprofit,NA,NA,NA
Nizhegorod,2011,other,14,0,1
Nizhegorod,2011,NA,NA,NA,NA
Nizhegorod,2012,archive,1,2,1
Nizhegorod,2012,company,5,24,3
Nizhegorod,2012,education,424,4267,12
Nizhegorod,2012,facility,712,11631,9
Nizhegorod,2012,government,NA,NA,NA
Nizhegorod,2012,healthcare,15,145,4
Nizhegorod,2012,nonprofit,NA,NA,NA
Nizhegorod,2012,other,9,13,1
Nizhegorod,2012,NA,NA,NA,NA
Nizhegorod,2013,archive,NA,NA,NA
Nizhegorod,2013,company,4,11,3
Nizhegorod,2013,education,667,6315,10
Nizhegorod,2013,facility,772,10999,12
Nizhegorod,2013,government,NA,NA,NA
Nizhegorod,2013,healthcare,17,356,3
Nizhegorod,2013,nonprofit,NA,NA,NA
Nizhegorod,2013,other,8,5,1
Nizhegorod,2013,NA,NA,NA,NA
Nizhegorod,2014,archive,NA,NA,NA
Nizhegorod,2014,company,33,26,3
Nizhegorod,2014,education,954,9501,10
Nizhegorod,2014,facility,787,13623,10
Nizhegorod,2014,government,NA,NA,NA
Nizhegorod,2014,healthcare,31,1720,4
Nizhegorod,2014,nonprofit,NA,NA,NA
Nizhegorod,2014,other,7,0,1
Nizhegorod,2014,NA,NA,NA,NA
Nizhegorod,2015,archive,1,0,1
Nizhegorod,2015,company,75,35,3
Nizhegorod,2015,education,1306,11279,11
Nizhegorod,2015,facility,927,18766,12
Nizhegorod,2015,government,NA,NA,NA
Nizhegorod,2015,healthcare,51,727,4
Nizhegorod,2015,nonprofit,NA,NA,NA
Nizhegorod,2015,other,16,26,1
Nizhegorod,2015,NA,NA,NA,NA
Nizhegorod,2016,archive,1,24,1
Nizhegorod,2016,company,126,37,3
Nizhegorod,2016,education,1575,12044,11
Nizhegorod,2016,facility,1126,41495,10
Nizhegorod,2016,government,NA,NA,NA
Nizhegorod,2016,healthcare,41,210,4
Nizhegorod,2016,nonprofit,NA,NA,NA
Nizhegorod,2016,other,15,9,1
Nizhegorod,2016,NA,NA,NA,NA
Nizhegorod,2017,archive,1,4,1
Nizhegorod,2017,company,96,39,3
Nizhegorod,2017,education,2179,11279,11
Nizhegorod,2017,facility,1332,44934,11
Nizhegorod,2017,government,NA,NA,NA
Nizhegorod,2017,healthcare,75,276,4
Nizhegorod,2017,nonprofit,NA,NA,NA
Nizhegorod,2017,other,21,27,1
Nizhegorod,2017,NA,NA,NA,NA
Nizhegorod,2018,archive,4,0,1
Nizhegorod,2018,company,111,148,3
Nizhegorod,2018,education,2255,16127,11
Nizhegorod,2018,facility,1325,19126,11
Nizhegorod,2018,government,NA,NA,NA
Nizhegorod,2018,healthcare,63,472,4
Nizhegorod,2018,nonprofit,NA,NA,NA
Nizhegorod,2018,other,35,49,1
Nizhegorod,2018,NA,NA,NA,NA
Nizhegorod,2019,archive,3,16,1
Nizhegorod,2019,company,136,53,2
Nizhegorod,2019,education,3003,26429,11
Nizhegorod,2019,facility,1344,22421,12
Nizhegorod,2019,government,NA,NA,NA
Nizhegorod,2019,healthcare,108,2134,4
Nizhegorod,2019,nonprofit,NA,NA,NA
Nizhegorod,2019,other,39,108,1
Nizhegorod,2019,NA,NA,NA,NA
Nizhegorod,2020,archive,12,121,1
Nizhegorod,2020,company,71,20,3
Nizhegorod,2020,education,3816,23363,12
Nizhegorod,2020,facility,1464,18384,11
Nizhegorod,2020,government,NA,NA,NA
Nizhegorod,2020,healthcare,117,1756,4
Nizhegorod,2020,nonprofit,NA,NA,NA
Nizhegorod,2020,other,50,91,1
Nizhegorod,2020,NA,NA,NA,NA
Nizhegorod,2021,archive,4,110,1
Nizhegorod,2021,company,46,9,3
Nizhegorod,2021,education,3904,20746,11
Nizhegorod,2021,facility,1445,16306,10
Nizhegorod,2021,government,NA,NA,NA
Nizhegorod,2021,healthcare,115,515,4
Nizhegorod,2021,nonprofit,NA,NA,NA
Nizhegorod,2021,other,43,108,1
Nizhegorod,2021,NA,NA,NA,NA
Nizhegorod,2022,archive,4,8,1
Nizhegorod,2022,company,199,15,3
Nizhegorod,2022,education,3249,12160,11
Nizhegorod,2022,facility,1304,7562,10
Nizhegorod,2022,government,NA,NA,NA
Nizhegorod,2022,healthcare,121,546,4
Nizhegorod,2022,nonprofit,NA,NA,NA
Nizhegorod,2022,other,56,99,1
Nizhegorod,2022,NA,NA,NA,NA
Nizhegorod,2023,archive,2,0,1
Nizhegorod,2023,company,707,1,3
Nizhegorod,2023,education,3271,10874,11
Nizhegorod,2023,facility,1356,6063,11
Nizhegorod,2023,government,NA,NA,NA
Nizhegorod,2023,healthcare,133,508,4
Nizhegorod,2023,nonprofit,NA,NA,NA
Nizhegorod,2023,other,37,30,1
Nizhegorod,2023,NA,NA,NA,NA
Nizhegorod,2024,archive,1,0,1
Nizhegorod,2024,company,803,3,3
Nizhegorod,2024,education,2936,7162,11
Nizhegorod,2024,facility,1150,2544,10
Nizhegorod,2024,government,NA,NA,NA
Nizhegorod,2024,healthcare,115,264,4
Nizhegorod,2024,nonprofit,NA,NA,NA
Nizhegorod,2024,other,12,10,1
Nizhegorod,2024,NA,NA,NA,NA
Nizhegorod,2025,archive,2,0,1
Nizhegorod,2025,company,885,3,3
Nizhegorod,2025,education,2749,1843,11
Nizhegorod,2025,facility,828,1472,10
Nizhegorod,2025,government,NA,NA,NA
Nizhegorod,2025,healthcare,121,140,4
Nizhegorod,2025,nonprofit,NA,NA,NA
Nizhegorod,2025,other,5,3,1
Nizhegorod,2025,NA,NA,NA,NA
Nizhegorod,2026,archive,1,0,1
Nizhegorod,2026,company,281,0,3
Nizhegorod,2026,education,2101,203,11
Nizhegorod,2026,facility,525,110,10
Nizhegorod,2026,government,NA,NA,NA
Nizhegorod,2026,healthcare,113,26,4
Nizhegorod,2026,nonprofit,NA,NA,NA
Nizhegorod,2026,other,3,0,1
Nizhegorod,2026,NA,NA,NA,NA
Nizhegorod,2027,archive,NA,NA,NA
Nizhegorod,2027,company,NA,NA,NA
Nizhegorod,2027,education,NA,NA,NA
Nizhegorod,2027,facility,NA,NA,NA
Nizhegorod,2027,government,NA,NA,NA
Nizhegorod,2027,healthcare,NA,NA,NA
Nizhegorod,2027,nonprofit,NA,NA,NA
Nizhegorod,2027,other,NA,NA,NA
Nizhegorod,2027,NA,NA,NA,NA
Nizhegorod,2029,archive,NA,NA,NA
Nizhegorod,2029,company,NA,NA,NA
Nizhegorod,2029,education,NA,NA,NA
Nizhegorod,2029,facility,NA,NA,NA
Nizhegorod,2029,government,NA,NA,NA
Nizhegorod,2029,healthcare,NA,NA,NA
Nizhegorod,2029,nonprofit,NA,NA,NA
Nizhegorod,2029,other,NA,NA,NA
Nizhegorod,2029,NA,NA,NA,NA
Nizhegorod,NA,archive,NA,NA,NA
Nizhegorod,NA,company,NA,NA,NA
Nizhegorod,NA,education,NA,NA,NA
Nizhegorod,NA,facility,NA,NA,NA
Nizhegorod,NA,government,NA,NA,NA
Nizhegorod,NA,healthcare,NA,NA,NA
Nizhegorod,NA,nonprofit,NA,NA,NA
Nizhegorod,NA,other,NA,NA,NA
Nizhegorod,NA,NA,NA,NA,NA
North Ossetia,2010,archive,NA,NA,NA
North Ossetia,2010,company,NA,NA,NA
North Ossetia,2010,education,49,220,4
North Ossetia,2010,facility,NA,NA,NA
North Ossetia,2010,government,8,27,1
North Ossetia,2010,healthcare,NA,NA,NA
North Ossetia,2010,nonprofit,NA,NA,NA
North Ossetia,2010,other,NA,NA,NA
North Ossetia,2010,NA,NA,NA,NA
North Ossetia,2011,archive,NA,NA,NA
North Ossetia,2011,company,NA,NA,NA
North Ossetia,2011,education,31,99,4
North Ossetia,2011,facility,NA,NA,NA
North Ossetia,2011,government,5,23,1
North Ossetia,2011,healthcare,NA,NA,NA
North Ossetia,2011,nonprofit,NA,NA,NA
North Ossetia,2011,other,NA,NA,NA
North Ossetia,2011,NA,NA,NA,NA
North Ossetia,2012,archive,NA,NA,NA
North Ossetia,2012,company,NA,NA,NA
North Ossetia,2012,education,74,143,4
North Ossetia,2012,facility,NA,NA,NA
North Ossetia,2012,government,13,44,1
North Ossetia,2012,healthcare,NA,NA,NA
North Ossetia,2012,nonprofit,NA,NA,NA
North Ossetia,2012,other,NA,NA,NA
North Ossetia,2012,NA,NA,NA,NA
North Ossetia,2013,archive,NA,NA,NA
North Ossetia,2013,company,NA,NA,NA
North Ossetia,2013,education,43,160,5
North Ossetia,2013,facility,NA,NA,NA
North Ossetia,2013,government,20,93,1
North Ossetia,2013,healthcare,NA,NA,NA
North Ossetia,2013,nonprofit,NA,NA,NA
North Ossetia,2013,other,NA,NA,NA
North Ossetia,2013,NA,NA,NA,NA
North Ossetia,2014,archive,NA,NA,NA
North Ossetia,2014,company,NA,NA,NA
North Ossetia,2014,education,101,782,4
North Ossetia,2014,facility,NA,NA,NA
North Ossetia,2014,government,26,183,1
North Ossetia,2014,healthcare,NA,NA,NA
North Ossetia,2014,nonprofit,NA,NA,NA
North Ossetia,2014,other,NA,NA,NA
North Ossetia,2014,NA,NA,NA,NA
North Ossetia,2015,archive,NA,NA,NA
North Ossetia,2015,company,NA,NA,NA
North Ossetia,2015,education,153,373,5
North Ossetia,2015,facility,1,2,1
North Ossetia,2015,government,31,235,1
North Ossetia,2015,healthcare,NA,NA,NA
North Ossetia,2015,nonprofit,NA,NA,NA
North Ossetia,2015,other,NA,NA,NA
North Ossetia,2015,NA,NA,NA,NA
North Ossetia,2016,archive,NA,NA,NA
North Ossetia,2016,company,NA,NA,NA
North Ossetia,2016,education,197,677,5
North Ossetia,2016,facility,3,1,1
North Ossetia,2016,government,53,253,1
North Ossetia,2016,healthcare,NA,NA,NA
North Ossetia,2016,nonprofit,NA,NA,NA
North Ossetia,2016,other,NA,NA,NA
North Ossetia,2016,NA,NA,NA,NA
North Ossetia,2017,archive,NA,NA,NA
North Ossetia,2017,company,NA,NA,NA
North Ossetia,2017,education,173,449,5
North Ossetia,2017,facility,3,0,1
North Ossetia,2017,government,51,259,1
North Ossetia,2017,healthcare,NA,NA,NA
North Ossetia,2017,nonprofit,NA,NA,NA
North Ossetia,2017,other,NA,NA,NA
North Ossetia,2017,NA,NA,NA,NA
North Ossetia,2018,archive,NA,NA,NA
North Ossetia,2018,company,NA,NA,NA
North Ossetia,2018,education,219,591,5
North Ossetia,2018,facility,12,4,1
North Ossetia,2018,government,90,319,1
North Ossetia,2018,healthcare,NA,NA,NA
North Ossetia,2018,nonprofit,NA,NA,NA
North Ossetia,2018,other,NA,NA,NA
North Ossetia,2018,NA,NA,NA,NA
North Ossetia,2019,archive,NA,NA,NA
North Ossetia,2019,company,NA,NA,NA
North Ossetia,2019,education,309,939,5
North Ossetia,2019,facility,15,34,1
North Ossetia,2019,government,138,433,1
North Ossetia,2019,healthcare,NA,NA,NA
North Ossetia,2019,nonprofit,NA,NA,NA
North Ossetia,2019,other,NA,NA,NA
North Ossetia,2019,NA,NA,NA,NA
North Ossetia,2020,archive,NA,NA,NA
North Ossetia,2020,company,NA,NA,NA
North Ossetia,2020,education,543,1154,5
North Ossetia,2020,facility,18,62,1
North Ossetia,2020,government,168,545,1
North Ossetia,2020,healthcare,NA,NA,NA
North Ossetia,2020,nonprofit,NA,NA,NA
North Ossetia,2020,other,NA,NA,NA
North Ossetia,2020,NA,NA,NA,NA
North Ossetia,2021,archive,NA,NA,NA
North Ossetia,2021,company,NA,NA,NA
North Ossetia,2021,education,641,1388,5
North Ossetia,2021,facility,30,21,1
North Ossetia,2021,government,200,396,1
North Ossetia,2021,healthcare,NA,NA,NA
North Ossetia,2021,nonprofit,NA,NA,NA
North Ossetia,2021,other,NA,NA,NA
North Ossetia,2021,NA,NA,NA,NA
North Ossetia,2022,archive,NA,NA,NA
North Ossetia,2022,company,NA,NA,NA
North Ossetia,2022,education,591,1567,5
North Ossetia,2022,facility,40,17,1
North Ossetia,2022,government,205,412,1
North Ossetia,2022,healthcare,NA,NA,NA
North Ossetia,2022,nonprofit,NA,NA,NA
North Ossetia,2022,other,NA,NA,NA
North Ossetia,2022,NA,NA,NA,NA
North Ossetia,2023,archive,NA,NA,NA
North Ossetia,2023,company,NA,NA,NA
North Ossetia,2023,education,507,1352,5
North Ossetia,2023,facility,33,17,1
North Ossetia,2023,government,193,291,1
North Ossetia,2023,healthcare,NA,NA,NA
North Ossetia,2023,nonprofit,NA,NA,NA
North Ossetia,2023,other,NA,NA,NA
North Ossetia,2023,NA,NA,NA,NA
North Ossetia,2024,archive,NA,NA,NA
North Ossetia,2024,company,NA,NA,NA
North Ossetia,2024,education,454,378,5
North Ossetia,2024,facility,23,12,1
North Ossetia,2024,government,209,187,1
North Ossetia,2024,healthcare,NA,NA,NA
North Ossetia,2024,nonprofit,NA,NA,NA
North Ossetia,2024,other,NA,NA,NA
North Ossetia,2024,NA,NA,NA,NA
North Ossetia,2025,archive,NA,NA,NA
North Ossetia,2025,company,NA,NA,NA
North Ossetia,2025,education,395,155,5
North Ossetia,2025,facility,18,5,1
North Ossetia,2025,government,220,58,1
North Ossetia,2025,healthcare,NA,NA,NA
North Ossetia,2025,nonprofit,NA,NA,NA
North Ossetia,2025,other,NA,NA,NA
North Ossetia,2025,NA,NA,NA,NA
North Ossetia,2026,archive,NA,NA,NA
North Ossetia,2026,company,NA,NA,NA
North Ossetia,2026,education,463,16,5
North Ossetia,2026,facility,24,0,1
North Ossetia,2026,government,144,7,1
North Ossetia,2026,healthcare,NA,NA,NA
North Ossetia,2026,nonprofit,NA,NA,NA
North Ossetia,2026,other,NA,NA,NA
North Ossetia,2026,NA,NA,NA,NA
North Ossetia,2027,archive,NA,NA,NA
North Ossetia,2027,company,NA,NA,NA
North Ossetia,2027,education,NA,NA,NA
North Ossetia,2027,facility,NA,NA,NA
North Ossetia,2027,government,NA,NA,NA
North Ossetia,2027,healthcare,NA,NA,NA
North Ossetia,2027,nonprofit,NA,NA,NA
North Ossetia,2027,other,NA,NA,NA
North Ossetia,2027,NA,NA,NA,NA
North Ossetia,2029,archive,NA,NA,NA
North Ossetia,2029,company,NA,NA,NA
North Ossetia,2029,education,NA,NA,NA
North Ossetia,2029,facility,NA,NA,NA
North Ossetia,2029,government,NA,NA,NA
North Ossetia,2029,healthcare,NA,NA,NA
North Ossetia,2029,nonprofit,NA,NA,NA
North Ossetia,2029,other,NA,NA,NA
North Ossetia,2029,NA,NA,NA,NA
North Ossetia,NA,archive,NA,NA,NA
North Ossetia,NA,company,NA,NA,NA
North Ossetia,NA,education,NA,NA,NA
North Ossetia,NA,facility,NA,NA,NA
North Ossetia,NA,government,NA,NA,NA
North Ossetia,NA,healthcare,NA,NA,NA
North Ossetia,NA,nonprofit,NA,NA,NA
North Ossetia,NA,other,NA,NA,NA
North Ossetia,NA,NA,NA,NA,NA
Novgorod,2010,archive,NA,NA,NA
Novgorod,2010,company,NA,NA,NA
Novgorod,2010,education,44,463,1
Novgorod,2010,facility,3,2,1
Novgorod,2010,government,NA,NA,NA
Novgorod,2010,healthcare,NA,NA,NA
Novgorod,2010,nonprofit,NA,NA,NA
Novgorod,2010,other,NA,NA,NA
Novgorod,2010,NA,NA,NA,NA
Novgorod,2011,archive,NA,NA,NA
Novgorod,2011,company,NA,NA,NA
Novgorod,2011,education,35,313,1
Novgorod,2011,facility,4,1,1
Novgorod,2011,government,NA,NA,NA
Novgorod,2011,healthcare,NA,NA,NA
Novgorod,2011,nonprofit,NA,NA,NA
Novgorod,2011,other,NA,NA,NA
Novgorod,2011,NA,NA,NA,NA
Novgorod,2012,archive,NA,NA,NA
Novgorod,2012,company,NA,NA,NA
Novgorod,2012,education,38,479,1
Novgorod,2012,facility,1,0,1
Novgorod,2012,government,NA,NA,NA
Novgorod,2012,healthcare,NA,NA,NA
Novgorod,2012,nonprofit,NA,NA,NA
Novgorod,2012,other,NA,NA,NA
Novgorod,2012,NA,NA,NA,NA
Novgorod,2013,archive,NA,NA,NA
Novgorod,2013,company,NA,NA,NA
Novgorod,2013,education,35,159,1
Novgorod,2013,facility,NA,NA,NA
Novgorod,2013,government,NA,NA,NA
Novgorod,2013,healthcare,NA,NA,NA
Novgorod,2013,nonprofit,NA,NA,NA
Novgorod,2013,other,NA,NA,NA
Novgorod,2013,NA,NA,NA,NA
Novgorod,2014,archive,NA,NA,NA
Novgorod,2014,company,NA,NA,NA
Novgorod,2014,education,70,367,1
Novgorod,2014,facility,NA,NA,NA
Novgorod,2014,government,NA,NA,NA
Novgorod,2014,healthcare,NA,NA,NA
Novgorod,2014,nonprofit,NA,NA,NA
Novgorod,2014,other,NA,NA,NA
Novgorod,2014,NA,NA,NA,NA
Novgorod,2015,archive,NA,NA,NA
Novgorod,2015,company,NA,NA,NA
Novgorod,2015,education,90,451,1
Novgorod,2015,facility,1,0,1
Novgorod,2015,government,NA,NA,NA
Novgorod,2015,healthcare,NA,NA,NA
Novgorod,2015,nonprofit,NA,NA,NA
Novgorod,2015,other,NA,NA,NA
Novgorod,2015,NA,NA,NA,NA
Novgorod,2016,archive,NA,NA,NA
Novgorod,2016,company,NA,NA,NA
Novgorod,2016,education,116,460,1
Novgorod,2016,facility,NA,NA,NA
Novgorod,2016,government,NA,NA,NA
Novgorod,2016,healthcare,NA,NA,NA
Novgorod,2016,nonprofit,NA,NA,NA
Novgorod,2016,other,NA,NA,NA
Novgorod,2016,NA,NA,NA,NA
Novgorod,2017,archive,NA,NA,NA
Novgorod,2017,company,NA,NA,NA
Novgorod,2017,education,120,592,1
Novgorod,2017,facility,NA,NA,NA
Novgorod,2017,government,NA,NA,NA
Novgorod,2017,healthcare,NA,NA,NA
Novgorod,2017,nonprofit,NA,NA,NA
Novgorod,2017,other,NA,NA,NA
Novgorod,2017,NA,NA,NA,NA
Novgorod,2018,archive,NA,NA,NA
Novgorod,2018,company,NA,NA,NA
Novgorod,2018,education,167,515,1
Novgorod,2018,facility,NA,NA,NA
Novgorod,2018,government,NA,NA,NA
Novgorod,2018,healthcare,NA,NA,NA
Novgorod,2018,nonprofit,NA,NA,NA
Novgorod,2018,other,NA,NA,NA
Novgorod,2018,NA,NA,NA,NA
Novgorod,2019,archive,NA,NA,NA
Novgorod,2019,company,NA,NA,NA
Novgorod,2019,education,252,578,1
Novgorod,2019,facility,NA,NA,NA
Novgorod,2019,government,NA,NA,NA
Novgorod,2019,healthcare,NA,NA,NA
Novgorod,2019,nonprofit,NA,NA,NA
Novgorod,2019,other,NA,NA,NA
Novgorod,2019,NA,NA,NA,NA
Novgorod,2020,archive,NA,NA,NA
Novgorod,2020,company,NA,NA,NA
Novgorod,2020,education,372,1043,1
Novgorod,2020,facility,NA,NA,NA
Novgorod,2020,government,NA,NA,NA
Novgorod,2020,healthcare,NA,NA,NA
Novgorod,2020,nonprofit,NA,NA,NA
Novgorod,2020,other,NA,NA,NA
Novgorod,2020,NA,NA,NA,NA
Novgorod,2021,archive,NA,NA,NA
Novgorod,2021,company,NA,NA,NA
Novgorod,2021,education,493,933,1
Novgorod,2021,facility,NA,NA,NA
Novgorod,2021,government,NA,NA,NA
Novgorod,2021,healthcare,NA,NA,NA
Novgorod,2021,nonprofit,NA,NA,NA
Novgorod,2021,other,NA,NA,NA
Novgorod,2021,NA,NA,NA,NA
Novgorod,2022,archive,NA,NA,NA
Novgorod,2022,company,NA,NA,NA
Novgorod,2022,education,277,507,1
Novgorod,2022,facility,NA,NA,NA
Novgorod,2022,government,NA,NA,NA
Novgorod,2022,healthcare,NA,NA,NA
Novgorod,2022,nonprofit,NA,NA,NA
Novgorod,2022,other,NA,NA,NA
Novgorod,2022,NA,NA,NA,NA
Novgorod,2023,archive,NA,NA,NA
Novgorod,2023,company,NA,NA,NA
Novgorod,2023,education,325,693,1
Novgorod,2023,facility,NA,NA,NA
Novgorod,2023,government,NA,NA,NA
Novgorod,2023,healthcare,NA,NA,NA
Novgorod,2023,nonprofit,NA,NA,NA
Novgorod,2023,other,NA,NA,NA
Novgorod,2023,NA,NA,NA,NA
Novgorod,2024,archive,NA,NA,NA
Novgorod,2024,company,NA,NA,NA
Novgorod,2024,education,284,258,1
Novgorod,2024,facility,NA,NA,NA
Novgorod,2024,government,NA,NA,NA
Novgorod,2024,healthcare,NA,NA,NA
Novgorod,2024,nonprofit,NA,NA,NA
Novgorod,2024,other,NA,NA,NA
Novgorod,2024,NA,NA,NA,NA
Novgorod,2025,archive,NA,NA,NA
Novgorod,2025,company,NA,NA,NA
Novgorod,2025,education,308,219,1
Novgorod,2025,facility,NA,NA,NA
Novgorod,2025,government,NA,NA,NA
Novgorod,2025,healthcare,NA,NA,NA
Novgorod,2025,nonprofit,NA,NA,NA
Novgorod,2025,other,NA,NA,NA
Novgorod,2025,NA,NA,NA,NA
Novgorod,2026,archive,NA,NA,NA
Novgorod,2026,company,NA,NA,NA
Novgorod,2026,education,255,28,1
Novgorod,2026,facility,NA,NA,NA
Novgorod,2026,government,NA,NA,NA
Novgorod,2026,healthcare,NA,NA,NA
Novgorod,2026,nonprofit,NA,NA,NA
Novgorod,2026,other,NA,NA,NA
Novgorod,2026,NA,NA,NA,NA
Novgorod,2027,archive,NA,NA,NA
Novgorod,2027,company,NA,NA,NA
Novgorod,2027,education,NA,NA,NA
Novgorod,2027,facility,NA,NA,NA
Novgorod,2027,government,NA,NA,NA
Novgorod,2027,healthcare,NA,NA,NA
Novgorod,2027,nonprofit,NA,NA,NA
Novgorod,2027,other,NA,NA,NA
Novgorod,2027,NA,NA,NA,NA
Novgorod,2029,archive,NA,NA,NA
Novgorod,2029,company,NA,NA,NA
Novgorod,2029,education,NA,NA,NA
Novgorod,2029,facility,NA,NA,NA
Novgorod,2029,government,NA,NA,NA
Novgorod,2029,healthcare,NA,NA,NA
Novgorod,2029,nonprofit,NA,NA,NA
Novgorod,2029,other,NA,NA,NA
Novgorod,2029,NA,NA,NA,NA
Novgorod,NA,archive,NA,NA,NA
Novgorod,NA,company,NA,NA,NA
Novgorod,NA,education,NA,NA,NA
Novgorod,NA,facility,NA,NA,NA
Novgorod,NA,government,NA,NA,NA
Novgorod,NA,healthcare,NA,NA,NA
Novgorod,NA,nonprofit,NA,NA,NA
Novgorod,NA,other,NA,NA,NA
Novgorod,NA,NA,NA,NA,NA
Novosibirsk,2010,archive,5,0,1
Novosibirsk,2010,company,7,64,3
Novosibirsk,2010,education,1122,15760,16
Novosibirsk,2010,facility,3824,72400,43
Novosibirsk,2010,government,2296,36823,1
Novosibirsk,2010,healthcare,8,10,3
Novosibirsk,2010,nonprofit,NA,NA,NA
Novosibirsk,2010,other,19,22,1
Novosibirsk,2010,NA,NA,NA,NA
Novosibirsk,2011,archive,3,2,1
Novosibirsk,2011,company,7,232,3
Novosibirsk,2011,education,1252,17734,15
Novosibirsk,2011,facility,3978,75121,42
Novosibirsk,2011,government,2467,40914,1
Novosibirsk,2011,healthcare,17,118,3
Novosibirsk,2011,nonprofit,NA,NA,NA
Novosibirsk,2011,other,16,19,1
Novosibirsk,2011,NA,NA,NA,NA
Novosibirsk,2012,archive,19,1,1
Novosibirsk,2012,company,8,113,3
Novosibirsk,2012,education,1526,40539,16
Novosibirsk,2012,facility,4160,99180,44
Novosibirsk,2012,government,2722,51414,1
Novosibirsk,2012,healthcare,18,104,3
Novosibirsk,2012,nonprofit,NA,NA,NA
Novosibirsk,2012,other,19,298,1
Novosibirsk,2012,NA,NA,NA,NA
Novosibirsk,2013,archive,2,0,1
Novosibirsk,2013,company,9,44,1
Novosibirsk,2013,education,1698,36819,17
Novosibirsk,2013,facility,4481,100151,43
Novosibirsk,2013,government,2944,58904,1
Novosibirsk,2013,healthcare,27,237,4
Novosibirsk,2013,nonprofit,NA,NA,NA
Novosibirsk,2013,other,13,29,1
Novosibirsk,2013,NA,NA,NA,NA
Novosibirsk,2014,archive,7,7,1
Novosibirsk,2014,company,16,70,3
Novosibirsk,2014,education,2847,52595,17
Novosibirsk,2014,facility,5121,97458,45
Novosibirsk,2014,government,3414,62671,1
Novosibirsk,2014,healthcare,48,227,3
Novosibirsk,2014,nonprofit,NA,NA,NA
Novosibirsk,2014,other,21,85,1
Novosibirsk,2014,NA,NA,NA,NA
Novosibirsk,2015,archive,21,33,1
Novosibirsk,2015,company,11,29,3
Novosibirsk,2015,education,3483,57898,19
Novosibirsk,2015,facility,6059,108680,46
Novosibirsk,2015,government,3910,72132,1
Novosibirsk,2015,healthcare,79,278,4
Novosibirsk,2015,nonprofit,NA,NA,NA
Novosibirsk,2015,other,16,635,1
Novosibirsk,2015,NA,NA,NA,NA
Novosibirsk,2016,archive,44,98,1
Novosibirsk,2016,company,11,11,3
Novosibirsk,2016,education,4666,66090,18
Novosibirsk,2016,facility,7372,122277,45
Novosibirsk,2016,government,4273,74272,1
Novosibirsk,2016,healthcare,108,570,5
Novosibirsk,2016,nonprofit,NA,NA,NA
Novosibirsk,2016,other,8,26,1
Novosibirsk,2016,NA,NA,NA,NA
Novosibirsk,2017,archive,48,144,1
Novosibirsk,2017,company,10,49,2
Novosibirsk,2017,education,4901,62762,19
Novosibirsk,2017,facility,7607,109181,47
Novosibirsk,2017,government,4428,69839,1
Novosibirsk,2017,healthcare,117,572,4
Novosibirsk,2017,nonprofit,NA,NA,NA
Novosibirsk,2017,other,17,49,1
Novosibirsk,2017,NA,NA,NA,NA
Novosibirsk,2018,archive,48,238,1
Novosibirsk,2018,company,12,100,4
Novosibirsk,2018,education,5610,73295,18
Novosibirsk,2018,facility,8357,114380,46
Novosibirsk,2018,government,5149,74463,1
Novosibirsk,2018,healthcare,122,720,4
Novosibirsk,2018,nonprofit,NA,NA,NA
Novosibirsk,2018,other,23,25,1
Novosibirsk,2018,NA,NA,NA,NA
Novosibirsk,2019,archive,65,303,1
Novosibirsk,2019,company,13,1,4
Novosibirsk,2019,education,6279,64299,18
Novosibirsk,2019,facility,9615,106342,46
Novosibirsk,2019,government,6375,69519,1
Novosibirsk,2019,healthcare,105,606,4
Novosibirsk,2019,nonprofit,NA,NA,NA
Novosibirsk,2019,other,34,75,1
Novosibirsk,2019,NA,NA,NA,NA
Novosibirsk,2020,archive,99,350,1
Novosibirsk,2020,company,22,20,4
Novosibirsk,2020,education,6588,59384,18
Novosibirsk,2020,facility,9377,100497,48
Novosibirsk,2020,government,6741,68472,1
Novosibirsk,2020,healthcare,151,966,5
Novosibirsk,2020,nonprofit,NA,NA,NA
Novosibirsk,2020,other,38,70,1
Novosibirsk,2020,NA,NA,NA,NA
Novosibirsk,2021,archive,94,185,1
Novosibirsk,2021,company,24,31,4
Novosibirsk,2021,education,6699,38870,16
Novosibirsk,2021,facility,10131,86880,47
Novosibirsk,2021,government,7154,53769,1
Novosibirsk,2021,healthcare,165,495,5
Novosibirsk,2021,nonprofit,NA,NA,NA
Novosibirsk,2021,other,46,31,1
Novosibirsk,2021,NA,NA,NA,NA
Novosibirsk,2022,archive,99,205,1
Novosibirsk,2022,company,17,137,4
Novosibirsk,2022,education,5837,32185,16
Novosibirsk,2022,facility,8802,60828,46
Novosibirsk,2022,government,6585,46033,1
Novosibirsk,2022,healthcare,188,748,4
Novosibirsk,2022,nonprofit,NA,NA,NA
Novosibirsk,2022,other,19,39,1
Novosibirsk,2022,NA,NA,NA,NA
Novosibirsk,2023,archive,93,216,1
Novosibirsk,2023,company,8,11,2
Novosibirsk,2023,education,5592,16383,16
Novosibirsk,2023,facility,9287,39402,45
Novosibirsk,2023,government,7036,27774,1
Novosibirsk,2023,healthcare,162,560,4
Novosibirsk,2023,nonprofit,NA,NA,NA
Novosibirsk,2023,other,9,13,1
Novosibirsk,2023,NA,NA,NA,NA
Novosibirsk,2024,archive,114,130,1
Novosibirsk,2024,company,7,15,3
Novosibirsk,2024,education,5158,10228,15
Novosibirsk,2024,facility,8356,20056,45
Novosibirsk,2024,government,6219,14981,1
Novosibirsk,2024,healthcare,160,531,4
Novosibirsk,2024,nonprofit,NA,NA,NA
Novosibirsk,2024,other,18,7,1
Novosibirsk,2024,NA,NA,NA,NA
Novosibirsk,2025,archive,89,43,1
Novosibirsk,2025,company,7,8,3
Novosibirsk,2025,education,4718,3639,16
Novosibirsk,2025,facility,7624,8439,44
Novosibirsk,2025,government,5612,5830,1
Novosibirsk,2025,healthcare,179,304,3
Novosibirsk,2025,nonprofit,NA,NA,NA
Novosibirsk,2025,other,19,5,1
Novosibirsk,2025,NA,NA,NA,NA
Novosibirsk,2026,archive,70,4,1
Novosibirsk,2026,company,7,5,2
Novosibirsk,2026,education,3137,428,15
Novosibirsk,2026,facility,4867,857,42
Novosibirsk,2026,government,3553,675,1
Novosibirsk,2026,healthcare,117,17,4
Novosibirsk,2026,nonprofit,NA,NA,NA
Novosibirsk,2026,other,7,1,1
Novosibirsk,2026,NA,NA,NA,NA
Novosibirsk,2027,archive,NA,NA,NA
Novosibirsk,2027,company,NA,NA,NA
Novosibirsk,2027,education,NA,NA,NA
Novosibirsk,2027,facility,NA,NA,NA
Novosibirsk,2027,government,NA,NA,NA
Novosibirsk,2027,healthcare,NA,NA,NA
Novosibirsk,2027,nonprofit,NA,NA,NA
Novosibirsk,2027,other,NA,NA,NA
Novosibirsk,2027,NA,NA,NA,NA
Novosibirsk,2029,archive,NA,NA,NA
Novosibirsk,2029,company,NA,NA,NA
Novosibirsk,2029,education,NA,NA,NA
Novosibirsk,2029,facility,NA,NA,NA
Novosibirsk,2029,government,NA,NA,NA
Novosibirsk,2029,healthcare,NA,NA,NA
Novosibirsk,2029,nonprofit,NA,NA,NA
Novosibirsk,2029,other,NA,NA,NA
Novosibirsk,2029,NA,NA,NA,NA
Novosibirsk,NA,archive,NA,NA,NA
Novosibirsk,NA,company,NA,NA,NA
Novosibirsk,NA,education,NA,NA,NA
Novosibirsk,NA,facility,NA,NA,NA
Novosibirsk,NA,government,NA,NA,NA
Novosibirsk,NA,healthcare,NA,NA,NA
Novosibirsk,NA,nonprofit,NA,NA,NA
Novosibirsk,NA,other,NA,NA,NA
Novosibirsk,NA,NA,NA,NA,NA
Omsk,2010,archive,NA,NA,NA
Omsk,2010,company,NA,NA,NA
Omsk,2010,education,122,798,10
Omsk,2010,facility,35,444,2
Omsk,2010,government,NA,NA,NA
Omsk,2010,healthcare,22,20,1
Omsk,2010,nonprofit,NA,NA,NA
Omsk,2010,other,NA,NA,NA
Omsk,2010,NA,NA,NA,NA
Omsk,2011,archive,NA,NA,NA
Omsk,2011,company,1,0,1
Omsk,2011,education,218,643,10
Omsk,2011,facility,19,247,2
Omsk,2011,government,NA,NA,NA
Omsk,2011,healthcare,32,150,1
Omsk,2011,nonprofit,NA,NA,NA
Omsk,2011,other,NA,NA,NA
Omsk,2011,NA,NA,NA,NA
Omsk,2012,archive,NA,NA,NA
Omsk,2012,company,2,23,1
Omsk,2012,education,276,1018,10
Omsk,2012,facility,33,452,3
Omsk,2012,government,NA,NA,NA
Omsk,2012,healthcare,50,49,1
Omsk,2012,nonprofit,NA,NA,NA
Omsk,2012,other,NA,NA,NA
Omsk,2012,NA,NA,NA,NA
Omsk,2013,archive,NA,NA,NA
Omsk,2013,company,NA,NA,NA
Omsk,2013,education,280,1060,10
Omsk,2013,facility,39,444,2
Omsk,2013,government,NA,NA,NA
Omsk,2013,healthcare,39,420,3
Omsk,2013,nonprofit,NA,NA,NA
Omsk,2013,other,NA,NA,NA
Omsk,2013,NA,NA,NA,NA
Omsk,2014,archive,NA,NA,NA
Omsk,2014,company,1,1,1
Omsk,2014,education,476,1964,11
Omsk,2014,facility,73,794,3
Omsk,2014,government,NA,NA,NA
Omsk,2014,healthcare,64,132,3
Omsk,2014,nonprofit,NA,NA,NA
Omsk,2014,other,NA,NA,NA
Omsk,2014,NA,NA,NA,NA
Omsk,2015,archive,NA,NA,NA
Omsk,2015,company,6,31,2
Omsk,2015,education,604,2458,11
Omsk,2015,facility,81,1003,2
Omsk,2015,government,NA,NA,NA
Omsk,2015,healthcare,157,1206,3
Omsk,2015,nonprofit,NA,NA,NA
Omsk,2015,other,NA,NA,NA
Omsk,2015,NA,NA,NA,NA
Omsk,2016,archive,NA,NA,NA
Omsk,2016,company,10,35,2
Omsk,2016,education,843,3320,11
Omsk,2016,facility,90,1003,3
Omsk,2016,government,NA,NA,NA
Omsk,2016,healthcare,157,643,3
Omsk,2016,nonprofit,NA,NA,NA
Omsk,2016,other,NA,NA,NA
Omsk,2016,NA,NA,NA,NA
Omsk,2017,archive,NA,NA,NA
Omsk,2017,company,8,12,1
Omsk,2017,education,1534,3499,11
Omsk,2017,facility,120,869,2
Omsk,2017,government,NA,NA,NA
Omsk,2017,healthcare,169,970,3
Omsk,2017,nonprofit,NA,NA,NA
Omsk,2017,other,NA,NA,NA
Omsk,2017,NA,NA,NA,NA
Omsk,2018,archive,NA,NA,NA
Omsk,2018,company,5,17,2
Omsk,2018,education,1691,3984,11
Omsk,2018,facility,104,732,3
Omsk,2018,government,NA,NA,NA
Omsk,2018,healthcare,171,1244,3
Omsk,2018,nonprofit,NA,NA,NA
Omsk,2018,other,NA,NA,NA
Omsk,2018,NA,NA,NA,NA
Omsk,2019,archive,NA,NA,NA
Omsk,2019,company,3,2,1
Omsk,2019,education,1776,4424,11
Omsk,2019,facility,77,456,2
Omsk,2019,government,NA,NA,NA
Omsk,2019,healthcare,229,1237,3
Omsk,2019,nonprofit,NA,NA,NA
Omsk,2019,other,NA,NA,NA
Omsk,2019,NA,NA,NA,NA
Omsk,2020,archive,NA,NA,NA
Omsk,2020,company,1,0,1
Omsk,2020,education,2094,4252,11
Omsk,2020,facility,49,140,2
Omsk,2020,government,NA,NA,NA
Omsk,2020,healthcare,281,1490,3
Omsk,2020,nonprofit,NA,NA,NA
Omsk,2020,other,NA,NA,NA
Omsk,2020,NA,NA,NA,NA
Omsk,2021,archive,NA,NA,NA
Omsk,2021,company,NA,NA,NA
Omsk,2021,education,2167,3403,11
Omsk,2021,facility,23,116,2
Omsk,2021,government,NA,NA,NA
Omsk,2021,healthcare,281,1588,3
Omsk,2021,nonprofit,NA,NA,NA
Omsk,2021,other,NA,NA,NA
Omsk,2021,NA,NA,NA,NA
Omsk,2022,archive,NA,NA,NA
Omsk,2022,company,NA,NA,NA
Omsk,2022,education,1632,2447,11
Omsk,2022,facility,23,180,1
Omsk,2022,government,NA,NA,NA
Omsk,2022,healthcare,257,3088,3
Omsk,2022,nonprofit,NA,NA,NA
Omsk,2022,other,NA,NA,NA
Omsk,2022,NA,NA,NA,NA
Omsk,2023,archive,NA,NA,NA
Omsk,2023,company,NA,NA,NA
Omsk,2023,education,1509,1773,11
Omsk,2023,facility,24,110,3
Omsk,2023,government,NA,NA,NA
Omsk,2023,healthcare,324,890,3
Omsk,2023,nonprofit,NA,NA,NA
Omsk,2023,other,NA,NA,NA
Omsk,2023,NA,NA,NA,NA
Omsk,2024,archive,NA,NA,NA
Omsk,2024,company,NA,NA,NA
Omsk,2024,education,1429,1369,11
Omsk,2024,facility,16,24,2
Omsk,2024,government,NA,NA,NA
Omsk,2024,healthcare,342,350,3
Omsk,2024,nonprofit,NA,NA,NA
Omsk,2024,other,NA,NA,NA
Omsk,2024,NA,NA,NA,NA
Omsk,2025,archive,NA,NA,NA
Omsk,2025,company,2,1,1
Omsk,2025,education,1390,409,11
Omsk,2025,facility,17,26,2
Omsk,2025,government,NA,NA,NA
Omsk,2025,healthcare,252,227,3
Omsk,2025,nonprofit,NA,NA,NA
Omsk,2025,other,NA,NA,NA
Omsk,2025,NA,NA,NA,NA
Omsk,2026,archive,NA,NA,NA
Omsk,2026,company,NA,NA,NA
Omsk,2026,education,939,49,11
Omsk,2026,facility,9,0,2
Omsk,2026,government,NA,NA,NA
Omsk,2026,healthcare,222,28,3
Omsk,2026,nonprofit,NA,NA,NA
Omsk,2026,other,NA,NA,NA
Omsk,2026,NA,NA,NA,NA
Omsk,2027,archive,NA,NA,NA
Omsk,2027,company,NA,NA,NA
Omsk,2027,education,NA,NA,NA
Omsk,2027,facility,NA,NA,NA
Omsk,2027,government,NA,NA,NA
Omsk,2027,healthcare,NA,NA,NA
Omsk,2027,nonprofit,NA,NA,NA
Omsk,2027,other,NA,NA,NA
Omsk,2027,NA,NA,NA,NA
Omsk,2029,archive,NA,NA,NA
Omsk,2029,company,NA,NA,NA
Omsk,2029,education,NA,NA,NA
Omsk,2029,facility,NA,NA,NA
Omsk,2029,government,NA,NA,NA
Omsk,2029,healthcare,NA,NA,NA
Omsk,2029,nonprofit,NA,NA,NA
Omsk,2029,other,NA,NA,NA
Omsk,2029,NA,NA,NA,NA
Omsk,NA,archive,NA,NA,NA
Omsk,NA,company,NA,NA,NA
Omsk,NA,education,NA,NA,NA
Omsk,NA,facility,NA,NA,NA
Omsk,NA,government,NA,NA,NA
Omsk,NA,healthcare,NA,NA,NA
Omsk,NA,nonprofit,NA,NA,NA
Omsk,NA,other,NA,NA,NA
Omsk,NA,NA,NA,NA,NA
Orel,2010,archive,NA,NA,NA
Orel,2010,company,NA,NA,NA
Orel,2010,education,22,17,6
Orel,2010,facility,6,67,2
Orel,2010,government,NA,NA,NA
Orel,2010,healthcare,NA,NA,NA
Orel,2010,nonprofit,NA,NA,NA
Orel,2010,other,NA,NA,NA
Orel,2010,NA,NA,NA,NA
Orel,2011,archive,NA,NA,NA
Orel,2011,company,NA,NA,NA
Orel,2011,education,32,104,6
Orel,2011,facility,8,13,2
Orel,2011,government,NA,NA,NA
Orel,2011,healthcare,NA,NA,NA
Orel,2011,nonprofit,NA,NA,NA
Orel,2011,other,NA,NA,NA
Orel,2011,NA,NA,NA,NA
Orel,2012,archive,NA,NA,NA
Orel,2012,company,NA,NA,NA
Orel,2012,education,49,150,6
Orel,2012,facility,7,15,2
Orel,2012,government,NA,NA,NA
Orel,2012,healthcare,NA,NA,NA
Orel,2012,nonprofit,NA,NA,NA
Orel,2012,other,NA,NA,NA
Orel,2012,NA,NA,NA,NA
Orel,2013,archive,NA,NA,NA
Orel,2013,company,NA,NA,NA
Orel,2013,education,30,83,5
Orel,2013,facility,15,109,2
Orel,2013,government,NA,NA,NA
Orel,2013,healthcare,NA,NA,NA
Orel,2013,nonprofit,NA,NA,NA
Orel,2013,other,NA,NA,NA
Orel,2013,NA,NA,NA,NA
Orel,2014,archive,NA,NA,NA
Orel,2014,company,NA,NA,NA
Orel,2014,education,50,242,7
Orel,2014,facility,12,170,2
Orel,2014,government,NA,NA,NA
Orel,2014,healthcare,NA,NA,NA
Orel,2014,nonprofit,NA,NA,NA
Orel,2014,other,NA,NA,NA
Orel,2014,NA,NA,NA,NA
Orel,2015,archive,NA,NA,NA
Orel,2015,company,NA,NA,NA
Orel,2015,education,75,294,7
Orel,2015,facility,14,54,2
Orel,2015,government,NA,NA,NA
Orel,2015,healthcare,NA,NA,NA
Orel,2015,nonprofit,NA,NA,NA
Orel,2015,other,NA,NA,NA
Orel,2015,NA,NA,NA,NA
Orel,2016,archive,NA,NA,NA
Orel,2016,company,NA,NA,NA
Orel,2016,education,135,506,7
Orel,2016,facility,22,226,2
Orel,2016,government,NA,NA,NA
Orel,2016,healthcare,NA,NA,NA
Orel,2016,nonprofit,NA,NA,NA
Orel,2016,other,NA,NA,NA
Orel,2016,NA,NA,NA,NA
Orel,2017,archive,1,1,1
Orel,2017,company,NA,NA,NA
Orel,2017,education,279,1007,7
Orel,2017,facility,31,52,2
Orel,2017,government,NA,NA,NA
Orel,2017,healthcare,NA,NA,NA
Orel,2017,nonprofit,NA,NA,NA
Orel,2017,other,NA,NA,NA
Orel,2017,NA,NA,NA,NA
Orel,2018,archive,6,5,1
Orel,2018,company,NA,NA,NA
Orel,2018,education,339,1309,7
Orel,2018,facility,71,90,2
Orel,2018,government,NA,NA,NA
Orel,2018,healthcare,NA,NA,NA
Orel,2018,nonprofit,NA,NA,NA
Orel,2018,other,NA,NA,NA
Orel,2018,NA,NA,NA,NA
Orel,2019,archive,2,0,1
Orel,2019,company,NA,NA,NA
Orel,2019,education,490,2967,7
Orel,2019,facility,54,96,2
Orel,2019,government,NA,NA,NA
Orel,2019,healthcare,NA,NA,NA
Orel,2019,nonprofit,NA,NA,NA
Orel,2019,other,NA,NA,NA
Orel,2019,NA,NA,NA,NA
Orel,2020,archive,8,118,1
Orel,2020,company,NA,NA,NA
Orel,2020,education,676,3184,7
Orel,2020,facility,75,316,2
Orel,2020,government,NA,NA,NA
Orel,2020,healthcare,NA,NA,NA
Orel,2020,nonprofit,NA,NA,NA
Orel,2020,other,NA,NA,NA
Orel,2020,NA,NA,NA,NA
Orel,2021,archive,1,104,1
Orel,2021,company,NA,NA,NA
Orel,2021,education,890,1512,7
Orel,2021,facility,88,248,2
Orel,2021,government,NA,NA,NA
Orel,2021,healthcare,1,5,1
Orel,2021,nonprofit,NA,NA,NA
Orel,2021,other,NA,NA,NA
Orel,2021,NA,NA,NA,NA
Orel,2022,archive,1,0,1
Orel,2022,company,NA,NA,NA
Orel,2022,education,620,1536,7
Orel,2022,facility,73,415,2
Orel,2022,government,NA,NA,NA
Orel,2022,healthcare,NA,NA,NA
Orel,2022,nonprofit,NA,NA,NA
Orel,2022,other,NA,NA,NA
Orel,2022,NA,NA,NA,NA
Orel,2023,archive,2,0,1
Orel,2023,company,NA,NA,NA
Orel,2023,education,419,865,7
Orel,2023,facility,51,144,2
Orel,2023,government,NA,NA,NA
Orel,2023,healthcare,NA,NA,NA
Orel,2023,nonprofit,NA,NA,NA
Orel,2023,other,NA,NA,NA
Orel,2023,NA,NA,NA,NA
Orel,2024,archive,NA,NA,NA
Orel,2024,company,NA,NA,NA
Orel,2024,education,366,379,7
Orel,2024,facility,55,40,2
Orel,2024,government,NA,NA,NA
Orel,2024,healthcare,NA,NA,NA
Orel,2024,nonprofit,NA,NA,NA
Orel,2024,other,NA,NA,NA
Orel,2024,NA,NA,NA,NA
Orel,2025,archive,NA,NA,NA
Orel,2025,company,NA,NA,NA
Orel,2025,education,418,142,6
Orel,2025,facility,46,23,2
Orel,2025,government,NA,NA,NA
Orel,2025,healthcare,1,1,1
Orel,2025,nonprofit,NA,NA,NA
Orel,2025,other,NA,NA,NA
Orel,2025,NA,NA,NA,NA
Orel,2026,archive,NA,NA,NA
Orel,2026,company,NA,NA,NA
Orel,2026,education,397,15,6
Orel,2026,facility,33,1,2
Orel,2026,government,NA,NA,NA
Orel,2026,healthcare,1,0,1
Orel,2026,nonprofit,NA,NA,NA
Orel,2026,other,NA,NA,NA
Orel,2026,NA,NA,NA,NA
Orel,2027,archive,NA,NA,NA
Orel,2027,company,NA,NA,NA
Orel,2027,education,NA,NA,NA
Orel,2027,facility,NA,NA,NA
Orel,2027,government,NA,NA,NA
Orel,2027,healthcare,NA,NA,NA
Orel,2027,nonprofit,NA,NA,NA
Orel,2027,other,NA,NA,NA
Orel,2027,NA,NA,NA,NA
Orel,2029,archive,NA,NA,NA
Orel,2029,company,NA,NA,NA
Orel,2029,education,NA,NA,NA
Orel,2029,facility,NA,NA,NA
Orel,2029,government,NA,NA,NA
Orel,2029,healthcare,NA,NA,NA
Orel,2029,nonprofit,NA,NA,NA
Orel,2029,other,NA,NA,NA
Orel,2029,NA,NA,NA,NA
Orel,NA,archive,NA,NA,NA
Orel,NA,company,NA,NA,NA
Orel,NA,education,NA,NA,NA
Orel,NA,facility,NA,NA,NA
Orel,NA,government,NA,NA,NA
Orel,NA,healthcare,NA,NA,NA
Orel,NA,nonprofit,NA,NA,NA
Orel,NA,other,NA,NA,NA
Orel,NA,NA,NA,NA,NA
Orenburg,2010,archive,NA,NA,NA
Orenburg,2010,company,NA,NA,NA
Orenburg,2010,education,45,185,3
Orenburg,2010,facility,12,89,3
Orenburg,2010,government,NA,NA,NA
Orenburg,2010,healthcare,13,4,3
Orenburg,2010,nonprofit,10,153,1
Orenburg,2010,other,NA,NA,NA
Orenburg,2010,NA,NA,NA,NA
Orenburg,2011,archive,NA,NA,NA
Orenburg,2011,company,1,0,1
Orenburg,2011,education,66,176,3
Orenburg,2011,facility,14,107,3
Orenburg,2011,government,NA,NA,NA
Orenburg,2011,healthcare,21,37,3
Orenburg,2011,nonprofit,6,33,1
Orenburg,2011,other,NA,NA,NA
Orenburg,2011,NA,NA,NA,NA
Orenburg,2012,archive,NA,NA,NA
Orenburg,2012,company,2,0,1
Orenburg,2012,education,70,281,3
Orenburg,2012,facility,17,107,3
Orenburg,2012,government,NA,NA,NA
Orenburg,2012,healthcare,39,69,3
Orenburg,2012,nonprofit,21,75,1
Orenburg,2012,other,NA,NA,NA
Orenburg,2012,NA,NA,NA,NA
Orenburg,2013,archive,NA,NA,NA
Orenburg,2013,company,1,0,1
Orenburg,2013,education,94,258,3
Orenburg,2013,facility,19,175,3
Orenburg,2013,government,NA,NA,NA
Orenburg,2013,healthcare,35,76,3
Orenburg,2013,nonprofit,20,164,1
Orenburg,2013,other,NA,NA,NA
Orenburg,2013,NA,NA,NA,NA
Orenburg,2014,archive,NA,NA,NA
Orenburg,2014,company,NA,NA,NA
Orenburg,2014,education,126,563,3
Orenburg,2014,facility,37,363,3
Orenburg,2014,government,NA,NA,NA
Orenburg,2014,healthcare,75,874,3
Orenburg,2014,nonprofit,26,309,1
Orenburg,2014,other,NA,NA,NA
Orenburg,2014,NA,NA,NA,NA
Orenburg,2015,archive,NA,NA,NA
Orenburg,2015,company,2,0,1
Orenburg,2015,education,186,1197,3
Orenburg,2015,facility,71,804,3
Orenburg,2015,government,NA,NA,NA
Orenburg,2015,healthcare,91,712,3
Orenburg,2015,nonprofit,22,196,1
Orenburg,2015,other,NA,NA,NA
Orenburg,2015,NA,NA,NA,NA
Orenburg,2016,archive,NA,NA,NA
Orenburg,2016,company,NA,NA,NA
Orenburg,2016,education,227,1329,3
Orenburg,2016,facility,139,1762,3
Orenburg,2016,government,NA,NA,NA
Orenburg,2016,healthcare,107,898,3
Orenburg,2016,nonprofit,29,1142,1
Orenburg,2016,other,NA,NA,NA
Orenburg,2016,NA,NA,NA,NA
Orenburg,2017,archive,NA,NA,NA
Orenburg,2017,company,NA,NA,NA
Orenburg,2017,education,296,2433,3
Orenburg,2017,facility,214,1156,3
Orenburg,2017,government,NA,NA,NA
Orenburg,2017,healthcare,126,1649,3
Orenburg,2017,nonprofit,34,321,1
Orenburg,2017,other,NA,NA,NA
Orenburg,2017,NA,NA,NA,NA
Orenburg,2018,archive,NA,NA,NA
Orenburg,2018,company,NA,NA,NA
Orenburg,2018,education,510,2654,4
Orenburg,2018,facility,236,1960,3
Orenburg,2018,government,NA,NA,NA
Orenburg,2018,healthcare,92,486,3
Orenburg,2018,nonprofit,50,204,1
Orenburg,2018,other,NA,NA,NA
Orenburg,2018,NA,NA,NA,NA
Orenburg,2019,archive,NA,NA,NA
Orenburg,2019,company,NA,NA,NA
Orenburg,2019,education,817,2892,4
Orenburg,2019,facility,288,2571,3
Orenburg,2019,government,NA,NA,NA
Orenburg,2019,healthcare,117,496,3
Orenburg,2019,nonprofit,59,394,1
Orenburg,2019,other,NA,NA,NA
Orenburg,2019,NA,NA,NA,NA
Orenburg,2020,archive,NA,NA,NA
Orenburg,2020,company,1,0,1
Orenburg,2020,education,852,3717,4
Orenburg,2020,facility,278,3174,3
Orenburg,2020,government,NA,NA,NA
Orenburg,2020,healthcare,112,270,3
Orenburg,2020,nonprofit,88,1056,1
Orenburg,2020,other,NA,NA,NA
Orenburg,2020,NA,NA,NA,NA
Orenburg,2021,archive,NA,NA,NA
Orenburg,2021,company,5,14,1
Orenburg,2021,education,993,2914,4
Orenburg,2021,facility,326,1867,3
Orenburg,2021,government,NA,NA,NA
Orenburg,2021,healthcare,135,353,3
Orenburg,2021,nonprofit,67,229,1
Orenburg,2021,other,NA,NA,NA
Orenburg,2021,NA,NA,NA,NA
Orenburg,2022,archive,NA,NA,NA
Orenburg,2022,company,NA,NA,NA
Orenburg,2022,education,796,1670,4
Orenburg,2022,facility,234,699,3
Orenburg,2022,government,NA,NA,NA
Orenburg,2022,healthcare,113,554,3
Orenburg,2022,nonprofit,72,259,1
Orenburg,2022,other,NA,NA,NA
Orenburg,2022,NA,NA,NA,NA
Orenburg,2023,archive,NA,NA,NA
Orenburg,2023,company,NA,NA,NA
Orenburg,2023,education,721,1263,4
Orenburg,2023,facility,280,631,3
Orenburg,2023,government,NA,NA,NA
Orenburg,2023,healthcare,110,336,3
Orenburg,2023,nonprofit,88,193,1
Orenburg,2023,other,NA,NA,NA
Orenburg,2023,NA,NA,NA,NA
Orenburg,2024,archive,NA,NA,NA
Orenburg,2024,company,NA,NA,NA
Orenburg,2024,education,865,972,4
Orenburg,2024,facility,265,209,3
Orenburg,2024,government,NA,NA,NA
Orenburg,2024,healthcare,143,241,3
Orenburg,2024,nonprofit,92,119,1
Orenburg,2024,other,NA,NA,NA
Orenburg,2024,NA,NA,NA,NA
Orenburg,2025,archive,NA,NA,NA
Orenburg,2025,company,1,0,1
Orenburg,2025,education,641,367,4
Orenburg,2025,facility,144,92,3
Orenburg,2025,government,NA,NA,NA
Orenburg,2025,healthcare,142,88,3
Orenburg,2025,nonprofit,53,51,1
Orenburg,2025,other,NA,NA,NA
Orenburg,2025,NA,NA,NA,NA
Orenburg,2026,archive,NA,NA,NA
Orenburg,2026,company,NA,NA,NA
Orenburg,2026,education,457,41,4
Orenburg,2026,facility,104,7,3
Orenburg,2026,government,NA,NA,NA
Orenburg,2026,healthcare,109,8,3
Orenburg,2026,nonprofit,44,3,1
Orenburg,2026,other,NA,NA,NA
Orenburg,2026,NA,NA,NA,NA
Orenburg,2027,archive,NA,NA,NA
Orenburg,2027,company,NA,NA,NA
Orenburg,2027,education,NA,NA,NA
Orenburg,2027,facility,NA,NA,NA
Orenburg,2027,government,NA,NA,NA
Orenburg,2027,healthcare,NA,NA,NA
Orenburg,2027,nonprofit,NA,NA,NA
Orenburg,2027,other,NA,NA,NA
Orenburg,2027,NA,NA,NA,NA
Orenburg,2029,archive,NA,NA,NA
Orenburg,2029,company,NA,NA,NA
Orenburg,2029,education,NA,NA,NA
Orenburg,2029,facility,NA,NA,NA
Orenburg,2029,government,NA,NA,NA
Orenburg,2029,healthcare,NA,NA,NA
Orenburg,2029,nonprofit,NA,NA,NA
Orenburg,2029,other,NA,NA,NA
Orenburg,2029,NA,NA,NA,NA
Orenburg,NA,archive,NA,NA,NA
Orenburg,NA,company,NA,NA,NA
Orenburg,NA,education,NA,NA,NA
Orenburg,NA,facility,NA,NA,NA
Orenburg,NA,government,NA,NA,NA
Orenburg,NA,healthcare,NA,NA,NA
Orenburg,NA,nonprofit,NA,NA,NA
Orenburg,NA,other,NA,NA,NA
Orenburg,NA,NA,NA,NA,NA
Penza,2010,archive,1,2,1
Penza,2010,company,1,0,1
Penza,2010,education,51,245,4
Penza,2010,facility,NA,NA,NA
Penza,2010,government,NA,NA,NA
Penza,2010,healthcare,NA,NA,NA
Penza,2010,nonprofit,NA,NA,NA
Penza,2010,other,NA,NA,NA
Penza,2010,NA,NA,NA,NA
Penza,2011,archive,NA,NA,NA
Penza,2011,company,2,2,1
Penza,2011,education,82,429,5
Penza,2011,facility,NA,NA,NA
Penza,2011,government,NA,NA,NA
Penza,2011,healthcare,NA,NA,NA
Penza,2011,nonprofit,NA,NA,NA
Penza,2011,other,NA,NA,NA
Penza,2011,NA,NA,NA,NA
Penza,2012,archive,3,22,1
Penza,2012,company,6,6,1
Penza,2012,education,96,499,5
Penza,2012,facility,NA,NA,NA
Penza,2012,government,NA,NA,NA
Penza,2012,healthcare,3,33,1
Penza,2012,nonprofit,NA,NA,NA
Penza,2012,other,NA,NA,NA
Penza,2012,NA,NA,NA,NA
Penza,2013,archive,NA,NA,NA
Penza,2013,company,1,2,1
Penza,2013,education,134,544,5
Penza,2013,facility,NA,NA,NA
Penza,2013,government,1,1,1
Penza,2013,healthcare,2,0,1
Penza,2013,nonprofit,NA,NA,NA
Penza,2013,other,NA,NA,NA
Penza,2013,NA,NA,NA,NA
Penza,2014,archive,1,5,1
Penza,2014,company,6,16,1
Penza,2014,education,218,870,5
Penza,2014,facility,NA,NA,NA
Penza,2014,government,3,3,1
Penza,2014,healthcare,2,0,1
Penza,2014,nonprofit,NA,NA,NA
Penza,2014,other,NA,NA,NA
Penza,2014,NA,NA,NA,NA
Penza,2015,archive,NA,NA,NA
Penza,2015,company,4,4,1
Penza,2015,education,350,1359,5
Penza,2015,facility,NA,NA,NA
Penza,2015,government,4,2,1
Penza,2015,healthcare,14,15,1
Penza,2015,nonprofit,NA,NA,NA
Penza,2015,other,NA,NA,NA
Penza,2015,NA,NA,NA,NA
Penza,2016,archive,2,19,1
Penza,2016,company,6,37,1
Penza,2016,education,446,2019,5
Penza,2016,facility,NA,NA,NA
Penza,2016,government,14,51,1
Penza,2016,healthcare,14,52,1
Penza,2016,nonprofit,NA,NA,NA
Penza,2016,other,NA,NA,NA
Penza,2016,NA,NA,NA,NA
Penza,2017,archive,6,9,1
Penza,2017,company,7,28,1
Penza,2017,education,528,2227,4
Penza,2017,facility,NA,NA,NA
Penza,2017,government,26,27,1
Penza,2017,healthcare,15,15,1
Penza,2017,nonprofit,NA,NA,NA
Penza,2017,other,NA,NA,NA
Penza,2017,NA,NA,NA,NA
Penza,2018,archive,13,41,1
Penza,2018,company,3,0,1
Penza,2018,education,653,2250,5
Penza,2018,facility,NA,NA,NA
Penza,2018,government,15,20,1
Penza,2018,healthcare,29,51,1
Penza,2018,nonprofit,NA,NA,NA
Penza,2018,other,NA,NA,NA
Penza,2018,NA,NA,NA,NA
Penza,2019,archive,12,35,1
Penza,2019,company,8,16,1
Penza,2019,education,883,2486,5
Penza,2019,facility,NA,NA,NA
Penza,2019,government,27,67,1
Penza,2019,healthcare,53,120,1
Penza,2019,nonprofit,NA,NA,NA
Penza,2019,other,NA,NA,NA
Penza,2019,NA,NA,NA,NA
Penza,2020,archive,16,162,1
Penza,2020,company,5,4,1
Penza,2020,education,1344,3885,5
Penza,2020,facility,NA,NA,NA
Penza,2020,government,31,11,1
Penza,2020,healthcare,47,210,1
Penza,2020,nonprofit,NA,NA,NA
Penza,2020,other,NA,NA,NA
Penza,2020,NA,NA,NA,NA
Penza,2021,archive,45,120,1
Penza,2021,company,7,3,1
Penza,2021,education,1505,2153,5
Penza,2021,facility,NA,NA,NA
Penza,2021,government,52,47,1
Penza,2021,healthcare,56,154,1
Penza,2021,nonprofit,NA,NA,NA
Penza,2021,other,NA,NA,NA
Penza,2021,NA,NA,NA,NA
Penza,2022,archive,42,21,1
Penza,2022,company,12,6,1
Penza,2022,education,1317,1693,5
Penza,2022,facility,NA,NA,NA
Penza,2022,government,26,22,1
Penza,2022,healthcare,44,68,1
Penza,2022,nonprofit,NA,NA,NA
Penza,2022,other,NA,NA,NA
Penza,2022,NA,NA,NA,NA
Penza,2023,archive,8,172,1
Penza,2023,company,1,1,1
Penza,2023,education,900,1137,5
Penza,2023,facility,NA,NA,NA
Penza,2023,government,15,3,1
Penza,2023,healthcare,94,129,1
Penza,2023,nonprofit,NA,NA,NA
Penza,2023,other,NA,NA,NA
Penza,2023,NA,NA,NA,NA
Penza,2024,archive,12,39,1
Penza,2024,company,2,4,1
Penza,2024,education,888,548,5
Penza,2024,facility,NA,NA,NA
Penza,2024,government,9,1,1
Penza,2024,healthcare,91,104,1
Penza,2024,nonprofit,NA,NA,NA
Penza,2024,other,NA,NA,NA
Penza,2024,NA,NA,NA,NA
Penza,2025,archive,16,1,1
Penza,2025,company,5,0,1
Penza,2025,education,1142,255,5
Penza,2025,facility,NA,NA,NA
Penza,2025,government,27,6,1
Penza,2025,healthcare,86,31,1
Penza,2025,nonprofit,NA,NA,NA
Penza,2025,other,NA,NA,NA
Penza,2025,NA,NA,NA,NA
Penza,2026,archive,12,0,1
Penza,2026,company,6,0,1
Penza,2026,education,647,13,4
Penza,2026,facility,NA,NA,NA
Penza,2026,government,12,0,1
Penza,2026,healthcare,75,2,1
Penza,2026,nonprofit,NA,NA,NA
Penza,2026,other,NA,NA,NA
Penza,2026,NA,NA,NA,NA
Penza,2027,archive,NA,NA,NA
Penza,2027,company,NA,NA,NA
Penza,2027,education,NA,NA,NA
Penza,2027,facility,NA,NA,NA
Penza,2027,government,NA,NA,NA
Penza,2027,healthcare,NA,NA,NA
Penza,2027,nonprofit,NA,NA,NA
Penza,2027,other,NA,NA,NA
Penza,2027,NA,NA,NA,NA
Penza,2029,archive,NA,NA,NA
Penza,2029,company,NA,NA,NA
Penza,2029,education,NA,NA,NA
Penza,2029,facility,NA,NA,NA
Penza,2029,government,NA,NA,NA
Penza,2029,healthcare,NA,NA,NA
Penza,2029,nonprofit,NA,NA,NA
Penza,2029,other,NA,NA,NA
Penza,2029,NA,NA,NA,NA
Penza,NA,archive,NA,NA,NA
Penza,NA,company,NA,NA,NA
Penza,NA,education,NA,NA,NA
Penza,NA,facility,NA,NA,NA
Penza,NA,government,NA,NA,NA
Penza,NA,healthcare,NA,NA,NA
Penza,NA,nonprofit,NA,NA,NA
Penza,NA,other,NA,NA,NA
Penza,NA,NA,NA,NA,NA
Perm',2010,archive,NA,NA,NA
Perm',2010,company,4,15,1
Perm',2010,education,278,1099,6
Perm',2010,facility,181,1731,5
Perm',2010,government,3,3,1
Perm',2010,healthcare,6,694,1
Perm',2010,nonprofit,NA,NA,NA
Perm',2010,other,NA,NA,NA
Perm',2010,NA,NA,NA,NA
Perm',2011,archive,NA,NA,NA
Perm',2011,company,1,1,1
Perm',2011,education,264,972,8
Perm',2011,facility,152,2181,5
Perm',2011,government,1,1,1
Perm',2011,healthcare,1,1,1
Perm',2011,nonprofit,NA,NA,NA
Perm',2011,other,NA,NA,NA
Perm',2011,NA,NA,NA,NA
Perm',2012,archive,NA,NA,NA
Perm',2012,company,2,0,1
Perm',2012,education,294,1570,7
Perm',2012,facility,177,1426,6
Perm',2012,government,NA,NA,NA
Perm',2012,healthcare,3,0,1
Perm',2012,nonprofit,NA,NA,NA
Perm',2012,other,NA,NA,NA
Perm',2012,NA,NA,NA,NA
Perm',2013,archive,NA,NA,NA
Perm',2013,company,NA,NA,NA
Perm',2013,education,386,1679,9
Perm',2013,facility,222,2257,6
Perm',2013,government,1,0,1
Perm',2013,healthcare,4,14,1
Perm',2013,nonprofit,NA,NA,NA
Perm',2013,other,NA,NA,NA
Perm',2013,NA,NA,NA,NA
Perm',2014,archive,NA,NA,NA
Perm',2014,company,5,18,1
Perm',2014,education,510,2233,10
Perm',2014,facility,262,2866,6
Perm',2014,government,NA,NA,NA
Perm',2014,healthcare,11,25,1
Perm',2014,nonprofit,NA,NA,NA
Perm',2014,other,NA,NA,NA
Perm',2014,NA,NA,NA,NA
Perm',2015,archive,1,0,1
Perm',2015,company,7,8,1
Perm',2015,education,637,2931,10
Perm',2015,facility,274,3140,6
Perm',2015,government,NA,NA,NA
Perm',2015,healthcare,15,24,1
Perm',2015,nonprofit,NA,NA,NA
Perm',2015,other,NA,NA,NA
Perm',2015,NA,NA,NA,NA
Perm',2016,archive,NA,NA,NA
Perm',2016,company,10,19,1
Perm',2016,education,843,2930,11
Perm',2016,facility,324,2906,7
Perm',2016,government,NA,NA,NA
Perm',2016,healthcare,21,46,1
Perm',2016,nonprofit,NA,NA,NA
Perm',2016,other,NA,NA,NA
Perm',2016,NA,NA,NA,NA
Perm',2017,archive,3,4,1
Perm',2017,company,9,12,1
Perm',2017,education,953,3365,10
Perm',2017,facility,400,2608,7
Perm',2017,government,2,2,1
Perm',2017,healthcare,9,21,1
Perm',2017,nonprofit,NA,NA,NA
Perm',2017,other,NA,NA,NA
Perm',2017,NA,NA,NA,NA
Perm',2018,archive,6,63,1
Perm',2018,company,7,26,1
Perm',2018,education,1255,4375,10
Perm',2018,facility,548,3237,8
Perm',2018,government,3,0,1
Perm',2018,healthcare,4,4,1
Perm',2018,nonprofit,NA,NA,NA
Perm',2018,other,NA,NA,NA
Perm',2018,NA,NA,NA,NA
Perm',2019,archive,3,0,1
Perm',2019,company,5,6,1
Perm',2019,education,1462,5297,10
Perm',2019,facility,722,3748,7
Perm',2019,government,1,2,1
Perm',2019,healthcare,7,26,1
Perm',2019,nonprofit,NA,NA,NA
Perm',2019,other,NA,NA,NA
Perm',2019,NA,NA,NA,NA
Perm',2020,archive,8,150,1
Perm',2020,company,6,1,1
Perm',2020,education,1634,5166,11
Perm',2020,facility,694,2838,6
Perm',2020,government,NA,NA,NA
Perm',2020,healthcare,9,7,1
Perm',2020,nonprofit,NA,NA,NA
Perm',2020,other,NA,NA,NA
Perm',2020,NA,NA,NA,NA
Perm',2021,archive,2,104,1
Perm',2021,company,6,4,1
Perm',2021,education,1859,5148,11
Perm',2021,facility,814,3460,7
Perm',2021,government,1,9,1
Perm',2021,healthcare,11,58,1
Perm',2021,nonprofit,NA,NA,NA
Perm',2021,other,NA,NA,NA
Perm',2021,NA,NA,NA,NA
Perm',2022,archive,NA,NA,NA
Perm',2022,company,1,1,1
Perm',2022,education,1624,3525,11
Perm',2022,facility,865,2261,6
Perm',2022,government,1,2,1
Perm',2022,healthcare,6,7,1
Perm',2022,nonprofit,NA,NA,NA
Perm',2022,other,NA,NA,NA
Perm',2022,NA,NA,NA,NA
Perm',2023,archive,2,0,1
Perm',2023,company,1,0,1
Perm',2023,education,1581,2709,11
Perm',2023,facility,655,1385,6
Perm',2023,government,2,4,1
Perm',2023,healthcare,14,32,2
Perm',2023,nonprofit,NA,NA,NA
Perm',2023,other,NA,NA,NA
Perm',2023,NA,NA,NA,NA
Perm',2024,archive,NA,NA,NA
Perm',2024,company,NA,NA,NA
Perm',2024,education,1257,1368,11
Perm',2024,facility,628,998,7
Perm',2024,government,1,1,1
Perm',2024,healthcare,9,19,1
Perm',2024,nonprofit,NA,NA,NA
Perm',2024,other,NA,NA,NA
Perm',2024,NA,NA,NA,NA
Perm',2025,archive,1,0,1
Perm',2025,company,11,0,1
Perm',2025,education,1254,610,10
Perm',2025,facility,493,410,6
Perm',2025,government,2,0,1
Perm',2025,healthcare,11,10,2
Perm',2025,nonprofit,NA,NA,NA
Perm',2025,other,NA,NA,NA
Perm',2025,NA,NA,NA,NA
Perm',2026,archive,NA,NA,NA
Perm',2026,company,1,0,1
Perm',2026,education,769,44,10
Perm',2026,facility,241,22,6
Perm',2026,government,NA,NA,NA
Perm',2026,healthcare,7,0,1
Perm',2026,nonprofit,NA,NA,NA
Perm',2026,other,NA,NA,NA
Perm',2026,NA,NA,NA,NA
Perm',2027,archive,NA,NA,NA
Perm',2027,company,NA,NA,NA
Perm',2027,education,NA,NA,NA
Perm',2027,facility,NA,NA,NA
Perm',2027,government,NA,NA,NA
Perm',2027,healthcare,NA,NA,NA
Perm',2027,nonprofit,NA,NA,NA
Perm',2027,other,NA,NA,NA
Perm',2027,NA,NA,NA,NA
Perm',2029,archive,NA,NA,NA
Perm',2029,company,NA,NA,NA
Perm',2029,education,NA,NA,NA
Perm',2029,facility,NA,NA,NA
Perm',2029,government,NA,NA,NA
Perm',2029,healthcare,NA,NA,NA
Perm',2029,nonprofit,NA,NA,NA
Perm',2029,other,NA,NA,NA
Perm',2029,NA,NA,NA,NA
Perm',NA,archive,NA,NA,NA
Perm',NA,company,NA,NA,NA
Perm',NA,education,NA,NA,NA
Perm',NA,facility,NA,NA,NA
Perm',NA,government,NA,NA,NA
Perm',NA,healthcare,NA,NA,NA
Perm',NA,nonprofit,NA,NA,NA
Perm',NA,other,NA,NA,NA
Perm',NA,NA,NA,NA,NA
Primor'ye,2010,archive,1,143,1
Primor'ye,2010,company,NA,NA,NA
Primor'ye,2010,education,140,1680,7
Primor'ye,2010,facility,967,12491,14
Primor'ye,2010,government,NA,NA,NA
Primor'ye,2010,healthcare,NA,NA,NA
Primor'ye,2010,nonprofit,NA,NA,NA
Primor'ye,2010,other,NA,NA,NA
Primor'ye,2010,NA,NA,NA,NA
Primor'ye,2011,archive,NA,NA,NA
Primor'ye,2011,company,NA,NA,NA
Primor'ye,2011,education,235,1578,8
Primor'ye,2011,facility,1076,16524,14
Primor'ye,2011,government,1,3,1
Primor'ye,2011,healthcare,NA,NA,NA
Primor'ye,2011,nonprofit,NA,NA,NA
Primor'ye,2011,other,NA,NA,NA
Primor'ye,2011,NA,NA,NA,NA
Primor'ye,2012,archive,4,83,2
Primor'ye,2012,company,NA,NA,NA
Primor'ye,2012,education,432,3704,7
Primor'ye,2012,facility,1048,14097,14
Primor'ye,2012,government,1,1,1
Primor'ye,2012,healthcare,NA,NA,NA
Primor'ye,2012,nonprofit,NA,NA,NA
Primor'ye,2012,other,NA,NA,NA
Primor'ye,2012,NA,NA,NA,NA
Primor'ye,2013,archive,4,8,2
Primor'ye,2013,company,NA,NA,NA
Primor'ye,2013,education,648,5060,7
Primor'ye,2013,facility,1085,15423,14
Primor'ye,2013,government,1,0,1
Primor'ye,2013,healthcare,NA,NA,NA
Primor'ye,2013,nonprofit,NA,NA,NA
Primor'ye,2013,other,NA,NA,NA
Primor'ye,2013,NA,NA,NA,NA
Primor'ye,2014,archive,2,30,1
Primor'ye,2014,company,NA,NA,NA
Primor'ye,2014,education,888,7619,9
Primor'ye,2014,facility,1455,18816,14
Primor'ye,2014,government,5,17,1
Primor'ye,2014,healthcare,NA,NA,NA
Primor'ye,2014,nonprofit,NA,NA,NA
Primor'ye,2014,other,NA,NA,NA
Primor'ye,2014,NA,NA,NA,NA
Primor'ye,2015,archive,17,249,2
Primor'ye,2015,company,NA,NA,NA
Primor'ye,2015,education,1154,9310,9
Primor'ye,2015,facility,1565,21005,15
Primor'ye,2015,government,8,91,1
Primor'ye,2015,healthcare,NA,NA,NA
Primor'ye,2015,nonprofit,NA,NA,NA
Primor'ye,2015,other,NA,NA,NA
Primor'ye,2015,NA,NA,NA,NA
Primor'ye,2016,archive,5,13,2
Primor'ye,2016,company,NA,NA,NA
Primor'ye,2016,education,1333,13996,8
Primor'ye,2016,facility,1579,17280,15
Primor'ye,2016,government,3,12,1
Primor'ye,2016,healthcare,NA,NA,NA
Primor'ye,2016,nonprofit,NA,NA,NA
Primor'ye,2016,other,NA,NA,NA
Primor'ye,2016,NA,NA,NA,NA
Primor'ye,2017,archive,5,52,2
Primor'ye,2017,company,NA,NA,NA
Primor'ye,2017,education,1586,14446,8
Primor'ye,2017,facility,2034,21547,14
Primor'ye,2017,government,20,337,1
Primor'ye,2017,healthcare,NA,NA,NA
Primor'ye,2017,nonprofit,NA,NA,NA
Primor'ye,2017,other,NA,NA,NA
Primor'ye,2017,NA,NA,NA,NA
Primor'ye,2018,archive,10,70,1
Primor'ye,2018,company,NA,NA,NA
Primor'ye,2018,education,1617,12369,8
Primor'ye,2018,facility,2361,23932,14
Primor'ye,2018,government,29,309,1
Primor'ye,2018,healthcare,NA,NA,NA
Primor'ye,2018,nonprofit,NA,NA,NA
Primor'ye,2018,other,NA,NA,NA
Primor'ye,2018,NA,NA,NA,NA
Primor'ye,2019,archive,24,188,1
Primor'ye,2019,company,NA,NA,NA
Primor'ye,2019,education,1986,13872,8
Primor'ye,2019,facility,2841,27067,14
Primor'ye,2019,government,41,320,1
Primor'ye,2019,healthcare,NA,NA,NA
Primor'ye,2019,nonprofit,NA,NA,NA
Primor'ye,2019,other,NA,NA,NA
Primor'ye,2019,NA,NA,NA,NA
Primor'ye,2020,archive,10,122,2
Primor'ye,2020,company,NA,NA,NA
Primor'ye,2020,education,2509,14775,9
Primor'ye,2020,facility,3366,25913,14
Primor'ye,2020,government,59,154,1
Primor'ye,2020,healthcare,NA,NA,NA
Primor'ye,2020,nonprofit,NA,NA,NA
Primor'ye,2020,other,NA,NA,NA
Primor'ye,2020,NA,NA,NA,NA
Primor'ye,2021,archive,5,116,2
Primor'ye,2021,company,NA,NA,NA
Primor'ye,2021,education,2474,16189,10
Primor'ye,2021,facility,4120,27373,14
Primor'ye,2021,government,21,25,1
Primor'ye,2021,healthcare,NA,NA,NA
Primor'ye,2021,nonprofit,NA,NA,NA
Primor'ye,2021,other,NA,NA,NA
Primor'ye,2021,NA,NA,NA,NA
Primor'ye,2022,archive,8,14,2
Primor'ye,2022,company,NA,NA,NA
Primor'ye,2022,education,2248,9867,9
Primor'ye,2022,facility,3979,16693,14
Primor'ye,2022,government,19,30,1
Primor'ye,2022,healthcare,NA,NA,NA
Primor'ye,2022,nonprofit,NA,NA,NA
Primor'ye,2022,other,NA,NA,NA
Primor'ye,2022,NA,NA,NA,NA
Primor'ye,2023,archive,6,24,2
Primor'ye,2023,company,NA,NA,NA
Primor'ye,2023,education,1894,5067,10
Primor'ye,2023,facility,3932,11620,13
Primor'ye,2023,government,13,19,1
Primor'ye,2023,healthcare,NA,NA,NA
Primor'ye,2023,nonprofit,NA,NA,NA
Primor'ye,2023,other,NA,NA,NA
Primor'ye,2023,NA,NA,NA,NA
Primor'ye,2024,archive,14,127,2
Primor'ye,2024,company,NA,NA,NA
Primor'ye,2024,education,1792,3574,9
Primor'ye,2024,facility,4231,6410,13
Primor'ye,2024,government,10,2,1
Primor'ye,2024,healthcare,NA,NA,NA
Primor'ye,2024,nonprofit,NA,NA,NA
Primor'ye,2024,other,NA,NA,NA
Primor'ye,2024,NA,NA,NA,NA
Primor'ye,2025,archive,23,58,2
Primor'ye,2025,company,NA,NA,NA
Primor'ye,2025,education,1618,1115,8
Primor'ye,2025,facility,4280,2850,13
Primor'ye,2025,government,17,3,1
Primor'ye,2025,healthcare,NA,NA,NA
Primor'ye,2025,nonprofit,NA,NA,NA
Primor'ye,2025,other,NA,NA,NA
Primor'ye,2025,NA,NA,NA,NA
Primor'ye,2026,archive,6,2,1
Primor'ye,2026,company,NA,NA,NA
Primor'ye,2026,education,1276,138,9
Primor'ye,2026,facility,2621,340,13
Primor'ye,2026,government,11,0,1
Primor'ye,2026,healthcare,NA,NA,NA
Primor'ye,2026,nonprofit,NA,NA,NA
Primor'ye,2026,other,NA,NA,NA
Primor'ye,2026,NA,NA,NA,NA
Primor'ye,2027,archive,NA,NA,NA
Primor'ye,2027,company,NA,NA,NA
Primor'ye,2027,education,NA,NA,NA
Primor'ye,2027,facility,NA,NA,NA
Primor'ye,2027,government,NA,NA,NA
Primor'ye,2027,healthcare,NA,NA,NA
Primor'ye,2027,nonprofit,NA,NA,NA
Primor'ye,2027,other,NA,NA,NA
Primor'ye,2027,NA,NA,NA,NA
Primor'ye,2029,archive,NA,NA,NA
Primor'ye,2029,company,NA,NA,NA
Primor'ye,2029,education,NA,NA,NA
Primor'ye,2029,facility,NA,NA,NA
Primor'ye,2029,government,NA,NA,NA
Primor'ye,2029,healthcare,NA,NA,NA
Primor'ye,2029,nonprofit,NA,NA,NA
Primor'ye,2029,other,NA,NA,NA
Primor'ye,2029,NA,NA,NA,NA
Primor'ye,NA,archive,NA,NA,NA
Primor'ye,NA,company,NA,NA,NA
Primor'ye,NA,education,NA,NA,NA
Primor'ye,NA,facility,NA,NA,NA
Primor'ye,NA,government,NA,NA,NA
Primor'ye,NA,healthcare,NA,NA,NA
Primor'ye,NA,nonprofit,NA,NA,NA
Primor'ye,NA,other,NA,NA,NA
Primor'ye,NA,NA,NA,NA,NA
Pskov,2010,archive,NA,NA,NA
Pskov,2010,company,NA,NA,NA
Pskov,2010,education,9,167,3
Pskov,2010,facility,NA,NA,NA
Pskov,2010,government,NA,NA,NA
Pskov,2010,healthcare,NA,NA,NA
Pskov,2010,nonprofit,NA,NA,NA
Pskov,2010,other,NA,NA,NA
Pskov,2010,NA,NA,NA,NA
Pskov,2011,archive,NA,NA,NA
Pskov,2011,company,NA,NA,NA
Pskov,2011,education,9,60,3
Pskov,2011,facility,NA,NA,NA
Pskov,2011,government,NA,NA,NA
Pskov,2011,healthcare,NA,NA,NA
Pskov,2011,nonprofit,NA,NA,NA
Pskov,2011,other,NA,NA,NA
Pskov,2011,NA,NA,NA,NA
Pskov,2012,archive,NA,NA,NA
Pskov,2012,company,NA,NA,NA
Pskov,2012,education,9,73,3
Pskov,2012,facility,NA,NA,NA
Pskov,2012,government,NA,NA,NA
Pskov,2012,healthcare,NA,NA,NA
Pskov,2012,nonprofit,NA,NA,NA
Pskov,2012,other,NA,NA,NA
Pskov,2012,NA,NA,NA,NA
Pskov,2013,archive,NA,NA,NA
Pskov,2013,company,NA,NA,NA
Pskov,2013,education,13,33,2
Pskov,2013,facility,NA,NA,NA
Pskov,2013,government,NA,NA,NA
Pskov,2013,healthcare,NA,NA,NA
Pskov,2013,nonprofit,NA,NA,NA
Pskov,2013,other,NA,NA,NA
Pskov,2013,NA,NA,NA,NA
Pskov,2014,archive,NA,NA,NA
Pskov,2014,company,NA,NA,NA
Pskov,2014,education,17,178,2
Pskov,2014,facility,NA,NA,NA
Pskov,2014,government,1,7,1
Pskov,2014,healthcare,NA,NA,NA
Pskov,2014,nonprofit,NA,NA,NA
Pskov,2014,other,NA,NA,NA
Pskov,2014,NA,NA,NA,NA
Pskov,2015,archive,NA,NA,NA
Pskov,2015,company,NA,NA,NA
Pskov,2015,education,72,447,2
Pskov,2015,facility,NA,NA,NA
Pskov,2015,government,NA,NA,NA
Pskov,2015,healthcare,NA,NA,NA
Pskov,2015,nonprofit,NA,NA,NA
Pskov,2015,other,NA,NA,NA
Pskov,2015,NA,NA,NA,NA
Pskov,2016,archive,NA,NA,NA
Pskov,2016,company,NA,NA,NA
Pskov,2016,education,25,161,2
Pskov,2016,facility,NA,NA,NA
Pskov,2016,government,2,26,1
Pskov,2016,healthcare,NA,NA,NA
Pskov,2016,nonprofit,NA,NA,NA
Pskov,2016,other,NA,NA,NA
Pskov,2016,NA,NA,NA,NA
Pskov,2017,archive,NA,NA,NA
Pskov,2017,company,NA,NA,NA
Pskov,2017,education,88,214,2
Pskov,2017,facility,NA,NA,NA
Pskov,2017,government,NA,NA,NA
Pskov,2017,healthcare,NA,NA,NA
Pskov,2017,nonprofit,NA,NA,NA
Pskov,2017,other,NA,NA,NA
Pskov,2017,NA,NA,NA,NA
Pskov,2018,archive,4,0,1
Pskov,2018,company,NA,NA,NA
Pskov,2018,education,73,174,3
Pskov,2018,facility,NA,NA,NA
Pskov,2018,government,8,1,1
Pskov,2018,healthcare,NA,NA,NA
Pskov,2018,nonprofit,NA,NA,NA
Pskov,2018,other,NA,NA,NA
Pskov,2018,NA,NA,NA,NA
Pskov,2019,archive,2,0,1
Pskov,2019,company,NA,NA,NA
Pskov,2019,education,142,260,2
Pskov,2019,facility,NA,NA,NA
Pskov,2019,government,1,0,1
Pskov,2019,healthcare,NA,NA,NA
Pskov,2019,nonprofit,NA,NA,NA
Pskov,2019,other,NA,NA,NA
Pskov,2019,NA,NA,NA,NA
Pskov,2020,archive,7,139,1
Pskov,2020,company,NA,NA,NA
Pskov,2020,education,210,599,3
Pskov,2020,facility,NA,NA,NA
Pskov,2020,government,2,86,1
Pskov,2020,healthcare,NA,NA,NA
Pskov,2020,nonprofit,NA,NA,NA
Pskov,2020,other,NA,NA,NA
Pskov,2020,NA,NA,NA,NA
Pskov,2021,archive,3,143,1
Pskov,2021,company,NA,NA,NA
Pskov,2021,education,255,464,3
Pskov,2021,facility,NA,NA,NA
Pskov,2021,government,1,1,1
Pskov,2021,healthcare,NA,NA,NA
Pskov,2021,nonprofit,NA,NA,NA
Pskov,2021,other,NA,NA,NA
Pskov,2021,NA,NA,NA,NA
Pskov,2022,archive,3,9,1
Pskov,2022,company,NA,NA,NA
Pskov,2022,education,196,377,3
Pskov,2022,facility,NA,NA,NA
Pskov,2022,government,NA,NA,NA
Pskov,2022,healthcare,NA,NA,NA
Pskov,2022,nonprofit,NA,NA,NA
Pskov,2022,other,NA,NA,NA
Pskov,2022,NA,NA,NA,NA
Pskov,2023,archive,9,59,1
Pskov,2023,company,NA,NA,NA
Pskov,2023,education,161,127,2
Pskov,2023,facility,NA,NA,NA
Pskov,2023,government,1,0,1
Pskov,2023,healthcare,NA,NA,NA
Pskov,2023,nonprofit,NA,NA,NA
Pskov,2023,other,NA,NA,NA
Pskov,2023,NA,NA,NA,NA
Pskov,2024,archive,5,2,1
Pskov,2024,company,NA,NA,NA
Pskov,2024,education,130,94,3
Pskov,2024,facility,NA,NA,NA
Pskov,2024,government,1,0,1
Pskov,2024,healthcare,NA,NA,NA
Pskov,2024,nonprofit,NA,NA,NA
Pskov,2024,other,NA,NA,NA
Pskov,2024,NA,NA,NA,NA
Pskov,2025,archive,3,0,1
Pskov,2025,company,NA,NA,NA
Pskov,2025,education,100,42,2
Pskov,2025,facility,NA,NA,NA
Pskov,2025,government,10,0,1
Pskov,2025,healthcare,NA,NA,NA
Pskov,2025,nonprofit,NA,NA,NA
Pskov,2025,other,NA,NA,NA
Pskov,2025,NA,NA,NA,NA
Pskov,2026,archive,1,0,1
Pskov,2026,company,NA,NA,NA
Pskov,2026,education,46,4,2
Pskov,2026,facility,NA,NA,NA
Pskov,2026,government,7,0,1
Pskov,2026,healthcare,NA,NA,NA
Pskov,2026,nonprofit,NA,NA,NA
Pskov,2026,other,NA,NA,NA
Pskov,2026,NA,NA,NA,NA
Pskov,2027,archive,NA,NA,NA
Pskov,2027,company,NA,NA,NA
Pskov,2027,education,NA,NA,NA
Pskov,2027,facility,NA,NA,NA
Pskov,2027,government,NA,NA,NA
Pskov,2027,healthcare,NA,NA,NA
Pskov,2027,nonprofit,NA,NA,NA
Pskov,2027,other,NA,NA,NA
Pskov,2027,NA,NA,NA,NA
Pskov,2029,archive,NA,NA,NA
Pskov,2029,company,NA,NA,NA
Pskov,2029,education,NA,NA,NA
Pskov,2029,facility,NA,NA,NA
Pskov,2029,government,NA,NA,NA
Pskov,2029,healthcare,NA,NA,NA
Pskov,2029,nonprofit,NA,NA,NA
Pskov,2029,other,NA,NA,NA
Pskov,2029,NA,NA,NA,NA
Pskov,NA,archive,NA,NA,NA
Pskov,NA,company,NA,NA,NA
Pskov,NA,education,NA,NA,NA
Pskov,NA,facility,NA,NA,NA
Pskov,NA,government,NA,NA,NA
Pskov,NA,healthcare,NA,NA,NA
Pskov,NA,nonprofit,NA,NA,NA
Pskov,NA,other,NA,NA,NA
Pskov,NA,NA,NA,NA,NA
Rostov,2010,archive,NA,NA,NA
Rostov,2010,company,NA,NA,NA
Rostov,2010,education,815,5712,11
Rostov,2010,facility,144,1417,8
Rostov,2010,government,NA,NA,NA
Rostov,2010,healthcare,1,0,1
Rostov,2010,nonprofit,NA,NA,NA
Rostov,2010,other,NA,NA,NA
Rostov,2010,NA,NA,NA,NA
Rostov,2011,archive,NA,NA,NA
Rostov,2011,company,2,1,1
Rostov,2011,education,1001,5073,12
Rostov,2011,facility,149,1698,9
Rostov,2011,government,NA,NA,NA
Rostov,2011,healthcare,NA,NA,NA
Rostov,2011,nonprofit,NA,NA,NA
Rostov,2011,other,NA,NA,NA
Rostov,2011,NA,NA,NA,NA
Rostov,2012,archive,NA,NA,NA
Rostov,2012,company,NA,NA,NA
Rostov,2012,education,988,6250,11
Rostov,2012,facility,169,1244,10
Rostov,2012,government,NA,NA,NA
Rostov,2012,healthcare,1,2,1
Rostov,2012,nonprofit,NA,NA,NA
Rostov,2012,other,NA,NA,NA
Rostov,2012,NA,NA,NA,NA
Rostov,2013,archive,NA,NA,NA
Rostov,2013,company,NA,NA,NA
Rostov,2013,education,1030,7370,14
Rostov,2013,facility,199,1678,10
Rostov,2013,government,NA,NA,NA
Rostov,2013,healthcare,5,7,1
Rostov,2013,nonprofit,NA,NA,NA
Rostov,2013,other,NA,NA,NA
Rostov,2013,NA,NA,NA,NA
Rostov,2014,archive,NA,NA,NA
Rostov,2014,company,NA,NA,NA
Rostov,2014,education,1447,10253,13
Rostov,2014,facility,325,1901,12
Rostov,2014,government,NA,NA,NA
Rostov,2014,healthcare,1,0,1
Rostov,2014,nonprofit,NA,NA,NA
Rostov,2014,other,NA,NA,NA
Rostov,2014,NA,NA,NA,NA
Rostov,2015,archive,NA,NA,NA
Rostov,2015,company,NA,NA,NA
Rostov,2015,education,2121,14805,15
Rostov,2015,facility,351,2090,13
Rostov,2015,government,NA,NA,NA
Rostov,2015,healthcare,NA,NA,NA
Rostov,2015,nonprofit,NA,NA,NA
Rostov,2015,other,NA,NA,NA
Rostov,2015,NA,NA,NA,NA
Rostov,2016,archive,NA,NA,NA
Rostov,2016,company,NA,NA,NA
Rostov,2016,education,2891,15391,15
Rostov,2016,facility,388,1951,13
Rostov,2016,government,NA,NA,NA
Rostov,2016,healthcare,7,6,2
Rostov,2016,nonprofit,NA,NA,NA
Rostov,2016,other,NA,NA,NA
Rostov,2016,NA,NA,NA,NA
Rostov,2017,archive,NA,NA,NA
Rostov,2017,company,NA,NA,NA
Rostov,2017,education,3435,20897,14
Rostov,2017,facility,610,2559,13
Rostov,2017,government,NA,NA,NA
Rostov,2017,healthcare,9,1,2
Rostov,2017,nonprofit,NA,NA,NA
Rostov,2017,other,NA,NA,NA
Rostov,2017,NA,NA,NA,NA
Rostov,2018,archive,NA,NA,NA
Rostov,2018,company,NA,NA,NA
Rostov,2018,education,4276,21432,15
Rostov,2018,facility,855,2956,14
Rostov,2018,government,NA,NA,NA
Rostov,2018,healthcare,10,53,2
Rostov,2018,nonprofit,NA,NA,NA
Rostov,2018,other,NA,NA,NA
Rostov,2018,NA,NA,NA,NA
Rostov,2019,archive,NA,NA,NA
Rostov,2019,company,NA,NA,NA
Rostov,2019,education,5417,25839,15
Rostov,2019,facility,906,3866,14
Rostov,2019,government,NA,NA,NA
Rostov,2019,healthcare,5,44,2
Rostov,2019,nonprofit,NA,NA,NA
Rostov,2019,other,NA,NA,NA
Rostov,2019,NA,NA,NA,NA
Rostov,2020,archive,NA,NA,NA
Rostov,2020,company,NA,NA,NA
Rostov,2020,education,6295,26343,14
Rostov,2020,facility,976,3751,14
Rostov,2020,government,NA,NA,NA
Rostov,2020,healthcare,7,9,2
Rostov,2020,nonprofit,NA,NA,NA
Rostov,2020,other,NA,NA,NA
Rostov,2020,NA,NA,NA,NA
Rostov,2021,archive,NA,NA,NA
Rostov,2021,company,1,1,1
Rostov,2021,education,7380,33500,15
Rostov,2021,facility,1020,3510,14
Rostov,2021,government,NA,NA,NA
Rostov,2021,healthcare,4,10,2
Rostov,2021,nonprofit,NA,NA,NA
Rostov,2021,other,NA,NA,NA
Rostov,2021,NA,NA,NA,NA
Rostov,2022,archive,NA,NA,NA
Rostov,2022,company,NA,NA,NA
Rostov,2022,education,6029,22090,13
Rostov,2022,facility,884,2317,14
Rostov,2022,government,NA,NA,NA
Rostov,2022,healthcare,9,11,2
Rostov,2022,nonprofit,NA,NA,NA
Rostov,2022,other,NA,NA,NA
Rostov,2022,NA,NA,NA,NA
Rostov,2023,archive,NA,NA,NA
Rostov,2023,company,NA,NA,NA
Rostov,2023,education,6509,16875,15
Rostov,2023,facility,803,1557,14
Rostov,2023,government,NA,NA,NA
Rostov,2023,healthcare,10,5,2
Rostov,2023,nonprofit,NA,NA,NA
Rostov,2023,other,NA,NA,NA
Rostov,2023,NA,NA,NA,NA
Rostov,2024,archive,NA,NA,NA
Rostov,2024,company,NA,NA,NA
Rostov,2024,education,5834,10196,14
Rostov,2024,facility,646,1077,14
Rostov,2024,government,NA,NA,NA
Rostov,2024,healthcare,11,2,1
Rostov,2024,nonprofit,NA,NA,NA
Rostov,2024,other,NA,NA,NA
Rostov,2024,NA,NA,NA,NA
Rostov,2025,archive,NA,NA,NA
Rostov,2025,company,NA,NA,NA
Rostov,2025,education,4470,3835,14
Rostov,2025,facility,519,330,14
Rostov,2025,government,NA,NA,NA
Rostov,2025,healthcare,4,1,2
Rostov,2025,nonprofit,NA,NA,NA
Rostov,2025,other,NA,NA,NA
Rostov,2025,NA,NA,NA,NA
Rostov,2026,archive,NA,NA,NA
Rostov,2026,company,NA,NA,NA
Rostov,2026,education,3503,405,15
Rostov,2026,facility,333,11,13
Rostov,2026,government,NA,NA,NA
Rostov,2026,healthcare,4,1,1
Rostov,2026,nonprofit,NA,NA,NA
Rostov,2026,other,NA,NA,NA
Rostov,2026,NA,NA,NA,NA
Rostov,2027,archive,NA,NA,NA
Rostov,2027,company,NA,NA,NA
Rostov,2027,education,NA,NA,NA
Rostov,2027,facility,NA,NA,NA
Rostov,2027,government,NA,NA,NA
Rostov,2027,healthcare,NA,NA,NA
Rostov,2027,nonprofit,NA,NA,NA
Rostov,2027,other,NA,NA,NA
Rostov,2027,NA,NA,NA,NA
Rostov,2029,archive,NA,NA,NA
Rostov,2029,company,NA,NA,NA
Rostov,2029,education,NA,NA,NA
Rostov,2029,facility,NA,NA,NA
Rostov,2029,government,NA,NA,NA
Rostov,2029,healthcare,NA,NA,NA
Rostov,2029,nonprofit,NA,NA,NA
Rostov,2029,other,NA,NA,NA
Rostov,2029,NA,NA,NA,NA
Rostov,NA,archive,NA,NA,NA
Rostov,NA,company,NA,NA,NA
Rostov,NA,education,NA,NA,NA
Rostov,NA,facility,NA,NA,NA
Rostov,NA,government,NA,NA,NA
Rostov,NA,healthcare,NA,NA,NA
Rostov,NA,nonprofit,NA,NA,NA
Rostov,NA,other,NA,NA,NA
Rostov,NA,NA,NA,NA,NA
Ryazan',2010,archive,NA,NA,NA
Ryazan',2010,company,1,0,1
Ryazan',2010,education,72,306,4
Ryazan',2010,facility,NA,NA,NA
Ryazan',2010,government,NA,NA,NA
Ryazan',2010,healthcare,NA,NA,NA
Ryazan',2010,nonprofit,NA,NA,NA
Ryazan',2010,other,1,2,1
Ryazan',2010,NA,NA,NA,NA
Ryazan',2011,archive,NA,NA,NA
Ryazan',2011,company,NA,NA,NA
Ryazan',2011,education,64,119,4
Ryazan',2011,facility,NA,NA,NA
Ryazan',2011,government,1,0,1
Ryazan',2011,healthcare,NA,NA,NA
Ryazan',2011,nonprofit,NA,NA,NA
Ryazan',2011,other,2,54,1
Ryazan',2011,NA,NA,NA,NA
Ryazan',2012,archive,NA,NA,NA
Ryazan',2012,company,NA,NA,NA
Ryazan',2012,education,90,200,5
Ryazan',2012,facility,NA,NA,NA
Ryazan',2012,government,NA,NA,NA
Ryazan',2012,healthcare,NA,NA,NA
Ryazan',2012,nonprofit,NA,NA,NA
Ryazan',2012,other,NA,NA,NA
Ryazan',2012,NA,NA,NA,NA
Ryazan',2013,archive,NA,NA,NA
Ryazan',2013,company,NA,NA,NA
Ryazan',2013,education,68,219,4
Ryazan',2013,facility,NA,NA,NA
Ryazan',2013,government,3,0,1
Ryazan',2013,healthcare,NA,NA,NA
Ryazan',2013,nonprofit,NA,NA,NA
Ryazan',2013,other,NA,NA,NA
Ryazan',2013,NA,NA,NA,NA
Ryazan',2014,archive,NA,NA,NA
Ryazan',2014,company,1,7,1
Ryazan',2014,education,143,773,6
Ryazan',2014,facility,NA,NA,NA
Ryazan',2014,government,3,0,1
Ryazan',2014,healthcare,NA,NA,NA
Ryazan',2014,nonprofit,NA,NA,NA
Ryazan',2014,other,NA,NA,NA
Ryazan',2014,NA,NA,NA,NA
Ryazan',2015,archive,NA,NA,NA
Ryazan',2015,company,2,14,1
Ryazan',2015,education,294,1040,6
Ryazan',2015,facility,NA,NA,NA
Ryazan',2015,government,2,96,1
Ryazan',2015,healthcare,NA,NA,NA
Ryazan',2015,nonprofit,NA,NA,NA
Ryazan',2015,other,1,9,1
Ryazan',2015,NA,NA,NA,NA
Ryazan',2016,archive,NA,NA,NA
Ryazan',2016,company,NA,NA,NA
Ryazan',2016,education,435,1187,5
Ryazan',2016,facility,NA,NA,NA
Ryazan',2016,government,12,0,1
Ryazan',2016,healthcare,NA,NA,NA
Ryazan',2016,nonprofit,NA,NA,NA
Ryazan',2016,other,2,12,1
Ryazan',2016,NA,NA,NA,NA
Ryazan',2017,archive,NA,NA,NA
Ryazan',2017,company,4,15,1
Ryazan',2017,education,476,1491,5
Ryazan',2017,facility,NA,NA,NA
Ryazan',2017,government,21,12,1
Ryazan',2017,healthcare,NA,NA,NA
Ryazan',2017,nonprofit,NA,NA,NA
Ryazan',2017,other,2,49,1
Ryazan',2017,NA,NA,NA,NA
Ryazan',2018,archive,NA,NA,NA
Ryazan',2018,company,1,0,1
Ryazan',2018,education,528,1746,5
Ryazan',2018,facility,NA,NA,NA
Ryazan',2018,government,31,20,1
Ryazan',2018,healthcare,NA,NA,NA
Ryazan',2018,nonprofit,NA,NA,NA
Ryazan',2018,other,3,55,1
Ryazan',2018,NA,NA,NA,NA
Ryazan',2019,archive,NA,NA,NA
Ryazan',2019,company,6,13,1
Ryazan',2019,education,666,2229,5
Ryazan',2019,facility,NA,NA,NA
Ryazan',2019,government,72,288,1
Ryazan',2019,healthcare,NA,NA,NA
Ryazan',2019,nonprofit,NA,NA,NA
Ryazan',2019,other,24,108,1
Ryazan',2019,NA,NA,NA,NA
Ryazan',2020,archive,NA,NA,NA
Ryazan',2020,company,4,3,1
Ryazan',2020,education,824,2792,5
Ryazan',2020,facility,NA,NA,NA
Ryazan',2020,government,143,201,1
Ryazan',2020,healthcare,NA,NA,NA
Ryazan',2020,nonprofit,NA,NA,NA
Ryazan',2020,other,17,28,1
Ryazan',2020,NA,NA,NA,NA
Ryazan',2021,archive,NA,NA,NA
Ryazan',2021,company,2,4,1
Ryazan',2021,education,786,2534,6
Ryazan',2021,facility,NA,NA,NA
Ryazan',2021,government,145,115,1
Ryazan',2021,healthcare,NA,NA,NA
Ryazan',2021,nonprofit,NA,NA,NA
Ryazan',2021,other,26,33,1
Ryazan',2021,NA,NA,NA,NA
Ryazan',2022,archive,NA,NA,NA
Ryazan',2022,company,3,0,1
Ryazan',2022,education,702,1890,5
Ryazan',2022,facility,NA,NA,NA
Ryazan',2022,government,97,85,1
Ryazan',2022,healthcare,NA,NA,NA
Ryazan',2022,nonprofit,NA,NA,NA
Ryazan',2022,other,11,86,1
Ryazan',2022,NA,NA,NA,NA
Ryazan',2023,archive,NA,NA,NA
Ryazan',2023,company,2,3,1
Ryazan',2023,education,855,1221,5
Ryazan',2023,facility,NA,NA,NA
Ryazan',2023,government,112,37,1
Ryazan',2023,healthcare,NA,NA,NA
Ryazan',2023,nonprofit,NA,NA,NA
Ryazan',2023,other,17,79,1
Ryazan',2023,NA,NA,NA,NA
Ryazan',2024,archive,NA,NA,NA
Ryazan',2024,company,1,3,1
Ryazan',2024,education,693,682,6
Ryazan',2024,facility,NA,NA,NA
Ryazan',2024,government,57,15,1
Ryazan',2024,healthcare,NA,NA,NA
Ryazan',2024,nonprofit,NA,NA,NA
Ryazan',2024,other,39,26,1
Ryazan',2024,NA,NA,NA,NA
Ryazan',2025,archive,NA,NA,NA
Ryazan',2025,company,1,0,1
Ryazan',2025,education,732,380,5
Ryazan',2025,facility,NA,NA,NA
Ryazan',2025,government,84,7,1
Ryazan',2025,healthcare,NA,NA,NA
Ryazan',2025,nonprofit,NA,NA,NA
Ryazan',2025,other,41,15,1
Ryazan',2025,NA,NA,NA,NA
Ryazan',2026,archive,NA,NA,NA
Ryazan',2026,company,3,0,1
Ryazan',2026,education,558,58,5
Ryazan',2026,facility,NA,NA,NA
Ryazan',2026,government,63,6,1
Ryazan',2026,healthcare,NA,NA,NA
Ryazan',2026,nonprofit,NA,NA,NA
Ryazan',2026,other,17,2,1
Ryazan',2026,NA,NA,NA,NA
Ryazan',2027,archive,NA,NA,NA
Ryazan',2027,company,NA,NA,NA
Ryazan',2027,education,NA,NA,NA
Ryazan',2027,facility,NA,NA,NA
Ryazan',2027,government,NA,NA,NA
Ryazan',2027,healthcare,NA,NA,NA
Ryazan',2027,nonprofit,NA,NA,NA
Ryazan',2027,other,NA,NA,NA
Ryazan',2027,NA,NA,NA,NA
Ryazan',2029,archive,NA,NA,NA
Ryazan',2029,company,NA,NA,NA
Ryazan',2029,education,NA,NA,NA
Ryazan',2029,facility,NA,NA,NA
Ryazan',2029,government,NA,NA,NA
Ryazan',2029,healthcare,NA,NA,NA
Ryazan',2029,nonprofit,NA,NA,NA
Ryazan',2029,other,NA,NA,NA
Ryazan',2029,NA,NA,NA,NA
Ryazan',NA,archive,NA,NA,NA
Ryazan',NA,company,NA,NA,NA
Ryazan',NA,education,NA,NA,NA
Ryazan',NA,facility,NA,NA,NA
Ryazan',NA,government,NA,NA,NA
Ryazan',NA,healthcare,NA,NA,NA
Ryazan',NA,nonprofit,NA,NA,NA
Ryazan',NA,other,NA,NA,NA
Ryazan',NA,NA,NA,NA,NA
Sakha,2010,archive,2,3,1
Sakha,2010,company,NA,NA,NA
Sakha,2010,education,24,500,4
Sakha,2010,facility,50,643,7
Sakha,2010,government,NA,NA,NA
Sakha,2010,healthcare,NA,NA,NA
Sakha,2010,nonprofit,NA,NA,NA
Sakha,2010,other,NA,NA,NA
Sakha,2010,NA,NA,NA,NA
Sakha,2011,archive,2,5,1
Sakha,2011,company,NA,NA,NA
Sakha,2011,education,52,1267,4
Sakha,2011,facility,62,1359,7
Sakha,2011,government,NA,NA,NA
Sakha,2011,healthcare,NA,NA,NA
Sakha,2011,nonprofit,NA,NA,NA
Sakha,2011,other,NA,NA,NA
Sakha,2011,NA,NA,NA,NA
Sakha,2012,archive,3,21,1
Sakha,2012,company,NA,NA,NA
Sakha,2012,education,77,1306,5
Sakha,2012,facility,69,819,7
Sakha,2012,government,NA,NA,NA
Sakha,2012,healthcare,NA,NA,NA
Sakha,2012,nonprofit,NA,NA,NA
Sakha,2012,other,NA,NA,NA
Sakha,2012,NA,NA,NA,NA
Sakha,2013,archive,9,11,1
Sakha,2013,company,NA,NA,NA
Sakha,2013,education,131,3665,6
Sakha,2013,facility,90,926,7
Sakha,2013,government,NA,NA,NA
Sakha,2013,healthcare,NA,NA,NA
Sakha,2013,nonprofit,NA,NA,NA
Sakha,2013,other,NA,NA,NA
Sakha,2013,NA,NA,NA,NA
Sakha,2014,archive,8,6,1
Sakha,2014,company,NA,NA,NA
Sakha,2014,education,181,5288,6
Sakha,2014,facility,114,951,8
Sakha,2014,government,NA,NA,NA
Sakha,2014,healthcare,NA,NA,NA
Sakha,2014,nonprofit,NA,NA,NA
Sakha,2014,other,NA,NA,NA
Sakha,2014,NA,NA,NA,NA
Sakha,2015,archive,5,22,1
Sakha,2015,company,NA,NA,NA
Sakha,2015,education,304,6326,6
Sakha,2015,facility,143,1144,8
Sakha,2015,government,NA,NA,NA
Sakha,2015,healthcare,NA,NA,NA
Sakha,2015,nonprofit,NA,NA,NA
Sakha,2015,other,NA,NA,NA
Sakha,2015,NA,NA,NA,NA
Sakha,2016,archive,5,42,1
Sakha,2016,company,NA,NA,NA
Sakha,2016,education,447,5683,6
Sakha,2016,facility,191,1369,8
Sakha,2016,government,NA,NA,NA
Sakha,2016,healthcare,NA,NA,NA
Sakha,2016,nonprofit,NA,NA,NA
Sakha,2016,other,NA,NA,NA
Sakha,2016,NA,NA,NA,NA
Sakha,2017,archive,7,7,1
Sakha,2017,company,NA,NA,NA
Sakha,2017,education,531,4958,7
Sakha,2017,facility,269,1395,8
Sakha,2017,government,NA,NA,NA
Sakha,2017,healthcare,NA,NA,NA
Sakha,2017,nonprofit,NA,NA,NA
Sakha,2017,other,NA,NA,NA
Sakha,2017,NA,NA,NA,NA
Sakha,2018,archive,12,138,1
Sakha,2018,company,NA,NA,NA
Sakha,2018,education,749,4110,9
Sakha,2018,facility,444,1879,8
Sakha,2018,government,NA,NA,NA
Sakha,2018,healthcare,NA,NA,NA
Sakha,2018,nonprofit,NA,NA,NA
Sakha,2018,other,NA,NA,NA
Sakha,2018,NA,NA,NA,NA
Sakha,2019,archive,35,288,1
Sakha,2019,company,NA,NA,NA
Sakha,2019,education,964,8830,7
Sakha,2019,facility,543,1586,8
Sakha,2019,government,NA,NA,NA
Sakha,2019,healthcare,NA,NA,NA
Sakha,2019,nonprofit,NA,NA,NA
Sakha,2019,other,NA,NA,NA
Sakha,2019,NA,NA,NA,NA
Sakha,2020,archive,15,140,1
Sakha,2020,company,NA,NA,NA
Sakha,2020,education,1429,7019,8
Sakha,2020,facility,537,1805,8
Sakha,2020,government,NA,NA,NA
Sakha,2020,healthcare,NA,NA,NA
Sakha,2020,nonprofit,NA,NA,NA
Sakha,2020,other,NA,NA,NA
Sakha,2020,NA,NA,NA,NA
Sakha,2021,archive,5,107,1
Sakha,2021,company,NA,NA,NA
Sakha,2021,education,1534,5773,9
Sakha,2021,facility,578,1688,8
Sakha,2021,government,NA,NA,NA
Sakha,2021,healthcare,NA,NA,NA
Sakha,2021,nonprofit,NA,NA,NA
Sakha,2021,other,NA,NA,NA
Sakha,2021,NA,NA,NA,NA
Sakha,2022,archive,12,15,1
Sakha,2022,company,NA,NA,NA
Sakha,2022,education,1829,5864,7
Sakha,2022,facility,443,857,8
Sakha,2022,government,NA,NA,NA
Sakha,2022,healthcare,NA,NA,NA
Sakha,2022,nonprofit,NA,NA,NA
Sakha,2022,other,NA,NA,NA
Sakha,2022,NA,NA,NA,NA
Sakha,2023,archive,14,56,1
Sakha,2023,company,NA,NA,NA
Sakha,2023,education,1256,3630,7
Sakha,2023,facility,425,869,8
Sakha,2023,government,NA,NA,NA
Sakha,2023,healthcare,NA,NA,NA
Sakha,2023,nonprofit,NA,NA,NA
Sakha,2023,other,NA,NA,NA
Sakha,2023,NA,NA,NA,NA
Sakha,2024,archive,15,121,1
Sakha,2024,company,NA,NA,NA
Sakha,2024,education,1115,1952,5
Sakha,2024,facility,428,571,8
Sakha,2024,government,NA,NA,NA
Sakha,2024,healthcare,NA,NA,NA
Sakha,2024,nonprofit,NA,NA,NA
Sakha,2024,other,NA,NA,NA
Sakha,2024,NA,NA,NA,NA
Sakha,2025,archive,14,12,1
Sakha,2025,company,NA,NA,NA
Sakha,2025,education,1110,798,6
Sakha,2025,facility,325,208,8
Sakha,2025,government,NA,NA,NA
Sakha,2025,healthcare,NA,NA,NA
Sakha,2025,nonprofit,NA,NA,NA
Sakha,2025,other,NA,NA,NA
Sakha,2025,NA,NA,NA,NA
Sakha,2026,archive,4,0,1
Sakha,2026,company,NA,NA,NA
Sakha,2026,education,742,92,6
Sakha,2026,facility,256,15,8
Sakha,2026,government,NA,NA,NA
Sakha,2026,healthcare,NA,NA,NA
Sakha,2026,nonprofit,NA,NA,NA
Sakha,2026,other,NA,NA,NA
Sakha,2026,NA,NA,NA,NA
Sakha,2027,archive,NA,NA,NA
Sakha,2027,company,NA,NA,NA
Sakha,2027,education,NA,NA,NA
Sakha,2027,facility,NA,NA,NA
Sakha,2027,government,NA,NA,NA
Sakha,2027,healthcare,NA,NA,NA
Sakha,2027,nonprofit,NA,NA,NA
Sakha,2027,other,NA,NA,NA
Sakha,2027,NA,NA,NA,NA
Sakha,2029,archive,NA,NA,NA
Sakha,2029,company,NA,NA,NA
Sakha,2029,education,NA,NA,NA
Sakha,2029,facility,NA,NA,NA
Sakha,2029,government,NA,NA,NA
Sakha,2029,healthcare,NA,NA,NA
Sakha,2029,nonprofit,NA,NA,NA
Sakha,2029,other,NA,NA,NA
Sakha,2029,NA,NA,NA,NA
Sakha,NA,archive,NA,NA,NA
Sakha,NA,company,NA,NA,NA
Sakha,NA,education,NA,NA,NA
Sakha,NA,facility,NA,NA,NA
Sakha,NA,government,NA,NA,NA
Sakha,NA,healthcare,NA,NA,NA
Sakha,NA,nonprofit,NA,NA,NA
Sakha,NA,other,NA,NA,NA
Sakha,NA,NA,NA,NA,NA
Sakhalin,2010,archive,1,0,1
Sakhalin,2010,company,NA,NA,NA
Sakhalin,2010,education,10,170,1
Sakhalin,2010,facility,26,424,2
Sakhalin,2010,government,NA,NA,NA
Sakhalin,2010,healthcare,NA,NA,NA
Sakhalin,2010,nonprofit,NA,NA,NA
Sakhalin,2010,other,NA,NA,NA
Sakhalin,2010,NA,NA,NA,NA
Sakhalin,2011,archive,NA,NA,NA
Sakhalin,2011,company,NA,NA,NA
Sakhalin,2011,education,4,8,1
Sakhalin,2011,facility,50,457,2
Sakhalin,2011,government,NA,NA,NA
Sakhalin,2011,healthcare,NA,NA,NA
Sakhalin,2011,nonprofit,NA,NA,NA
Sakhalin,2011,other,NA,NA,NA
Sakhalin,2011,NA,NA,NA,NA
Sakhalin,2012,archive,NA,NA,NA
Sakhalin,2012,company,NA,NA,NA
Sakhalin,2012,education,1,0,1
Sakhalin,2012,facility,54,344,1
Sakhalin,2012,government,NA,NA,NA
Sakhalin,2012,healthcare,NA,NA,NA
Sakhalin,2012,nonprofit,NA,NA,NA
Sakhalin,2012,other,NA,NA,NA
Sakhalin,2012,NA,NA,NA,NA
Sakhalin,2013,archive,NA,NA,NA
Sakhalin,2013,company,NA,NA,NA
Sakhalin,2013,education,5,7,1
Sakhalin,2013,facility,26,253,2
Sakhalin,2013,government,NA,NA,NA
Sakhalin,2013,healthcare,NA,NA,NA
Sakhalin,2013,nonprofit,NA,NA,NA
Sakhalin,2013,other,NA,NA,NA
Sakhalin,2013,NA,NA,NA,NA
Sakhalin,2014,archive,NA,NA,NA
Sakhalin,2014,company,NA,NA,NA
Sakhalin,2014,education,8,25,1
Sakhalin,2014,facility,45,450,2
Sakhalin,2014,government,NA,NA,NA
Sakhalin,2014,healthcare,NA,NA,NA
Sakhalin,2014,nonprofit,NA,NA,NA
Sakhalin,2014,other,NA,NA,NA
Sakhalin,2014,NA,NA,NA,NA
Sakhalin,2015,archive,1,2,1
Sakhalin,2015,company,NA,NA,NA
Sakhalin,2015,education,17,75,2
Sakhalin,2015,facility,40,413,2
Sakhalin,2015,government,NA,NA,NA
Sakhalin,2015,healthcare,NA,NA,NA
Sakhalin,2015,nonprofit,NA,NA,NA
Sakhalin,2015,other,NA,NA,NA
Sakhalin,2015,NA,NA,NA,NA
Sakhalin,2016,archive,5,53,1
Sakhalin,2016,company,NA,NA,NA
Sakhalin,2016,education,24,72,1
Sakhalin,2016,facility,37,311,2
Sakhalin,2016,government,NA,NA,NA
Sakhalin,2016,healthcare,NA,NA,NA
Sakhalin,2016,nonprofit,NA,NA,NA
Sakhalin,2016,other,NA,NA,NA
Sakhalin,2016,NA,NA,NA,NA
Sakhalin,2017,archive,1,4,1
Sakhalin,2017,company,NA,NA,NA
Sakhalin,2017,education,22,106,1
Sakhalin,2017,facility,86,451,2
Sakhalin,2017,government,NA,NA,NA
Sakhalin,2017,healthcare,NA,NA,NA
Sakhalin,2017,nonprofit,NA,NA,NA
Sakhalin,2017,other,NA,NA,NA
Sakhalin,2017,NA,NA,NA,NA
Sakhalin,2018,archive,4,31,1
Sakhalin,2018,company,NA,NA,NA
Sakhalin,2018,education,31,62,1
Sakhalin,2018,facility,70,457,2
Sakhalin,2018,government,NA,NA,NA
Sakhalin,2018,healthcare,NA,NA,NA
Sakhalin,2018,nonprofit,NA,NA,NA
Sakhalin,2018,other,NA,NA,NA
Sakhalin,2018,NA,NA,NA,NA
Sakhalin,2019,archive,4,27,1
Sakhalin,2019,company,NA,NA,NA
Sakhalin,2019,education,52,92,1
Sakhalin,2019,facility,137,542,2
Sakhalin,2019,government,NA,NA,NA
Sakhalin,2019,healthcare,NA,NA,NA
Sakhalin,2019,nonprofit,NA,NA,NA
Sakhalin,2019,other,NA,NA,NA
Sakhalin,2019,NA,NA,NA,NA
Sakhalin,2020,archive,12,51,1
Sakhalin,2020,company,NA,NA,NA
Sakhalin,2020,education,74,74,1
Sakhalin,2020,facility,110,390,2
Sakhalin,2020,government,NA,NA,NA
Sakhalin,2020,healthcare,NA,NA,NA
Sakhalin,2020,nonprofit,NA,NA,NA
Sakhalin,2020,other,NA,NA,NA
Sakhalin,2020,NA,NA,NA,NA
Sakhalin,2021,archive,8,19,1
Sakhalin,2021,company,NA,NA,NA
Sakhalin,2021,education,62,118,1
Sakhalin,2021,facility,130,576,2
Sakhalin,2021,government,NA,NA,NA
Sakhalin,2021,healthcare,NA,NA,NA
Sakhalin,2021,nonprofit,NA,NA,NA
Sakhalin,2021,other,NA,NA,NA
Sakhalin,2021,NA,NA,NA,NA
Sakhalin,2022,archive,14,5,1
Sakhalin,2022,company,NA,NA,NA
Sakhalin,2022,education,49,60,1
Sakhalin,2022,facility,108,268,2
Sakhalin,2022,government,NA,NA,NA
Sakhalin,2022,healthcare,NA,NA,NA
Sakhalin,2022,nonprofit,NA,NA,NA
Sakhalin,2022,other,NA,NA,NA
Sakhalin,2022,NA,NA,NA,NA
Sakhalin,2023,archive,11,9,1
Sakhalin,2023,company,NA,NA,NA
Sakhalin,2023,education,70,136,1
Sakhalin,2023,facility,111,169,2
Sakhalin,2023,government,NA,NA,NA
Sakhalin,2023,healthcare,NA,NA,NA
Sakhalin,2023,nonprofit,NA,NA,NA
Sakhalin,2023,other,NA,NA,NA
Sakhalin,2023,NA,NA,NA,NA
Sakhalin,2024,archive,6,11,1
Sakhalin,2024,company,NA,NA,NA
Sakhalin,2024,education,75,233,1
Sakhalin,2024,facility,73,59,2
Sakhalin,2024,government,NA,NA,NA
Sakhalin,2024,healthcare,NA,NA,NA
Sakhalin,2024,nonprofit,NA,NA,NA
Sakhalin,2024,other,NA,NA,NA
Sakhalin,2024,NA,NA,NA,NA
Sakhalin,2025,archive,3,0,1
Sakhalin,2025,company,NA,NA,NA
Sakhalin,2025,education,100,102,1
Sakhalin,2025,facility,96,40,2
Sakhalin,2025,government,NA,NA,NA
Sakhalin,2025,healthcare,NA,NA,NA
Sakhalin,2025,nonprofit,NA,NA,NA
Sakhalin,2025,other,NA,NA,NA
Sakhalin,2025,NA,NA,NA,NA
Sakhalin,2026,archive,3,0,1
Sakhalin,2026,company,NA,NA,NA
Sakhalin,2026,education,80,9,1
Sakhalin,2026,facility,62,4,2
Sakhalin,2026,government,NA,NA,NA
Sakhalin,2026,healthcare,NA,NA,NA
Sakhalin,2026,nonprofit,NA,NA,NA
Sakhalin,2026,other,NA,NA,NA
Sakhalin,2026,NA,NA,NA,NA
Sakhalin,2027,archive,NA,NA,NA
Sakhalin,2027,company,NA,NA,NA
Sakhalin,2027,education,NA,NA,NA
Sakhalin,2027,facility,NA,NA,NA
Sakhalin,2027,government,NA,NA,NA
Sakhalin,2027,healthcare,NA,NA,NA
Sakhalin,2027,nonprofit,NA,NA,NA
Sakhalin,2027,other,NA,NA,NA
Sakhalin,2027,NA,NA,NA,NA
Sakhalin,2029,archive,NA,NA,NA
Sakhalin,2029,company,NA,NA,NA
Sakhalin,2029,education,NA,NA,NA
Sakhalin,2029,facility,NA,NA,NA
Sakhalin,2029,government,NA,NA,NA
Sakhalin,2029,healthcare,NA,NA,NA
Sakhalin,2029,nonprofit,NA,NA,NA
Sakhalin,2029,other,NA,NA,NA
Sakhalin,2029,NA,NA,NA,NA
Sakhalin,NA,archive,NA,NA,NA
Sakhalin,NA,company,NA,NA,NA
Sakhalin,NA,education,NA,NA,NA
Sakhalin,NA,facility,NA,NA,NA
Sakhalin,NA,government,NA,NA,NA
Sakhalin,NA,healthcare,NA,NA,NA
Sakhalin,NA,nonprofit,NA,NA,NA
Sakhalin,NA,other,NA,NA,NA
Sakhalin,NA,NA,NA,NA,NA
Samara,2010,archive,NA,NA,NA
Samara,2010,company,NA,NA,NA
Samara,2010,education,517,2282,15
Samara,2010,facility,114,967,4
Samara,2010,government,NA,NA,NA
Samara,2010,healthcare,4,198,2
Samara,2010,nonprofit,NA,NA,NA
Samara,2010,other,NA,NA,NA
Samara,2010,NA,NA,NA,NA
Samara,2011,archive,NA,NA,NA
Samara,2011,company,NA,NA,NA
Samara,2011,education,992,3696,14
Samara,2011,facility,124,1113,4
Samara,2011,government,NA,NA,NA
Samara,2011,healthcare,16,49,5
Samara,2011,nonprofit,NA,NA,NA
Samara,2011,other,NA,NA,NA
Samara,2011,NA,NA,NA,NA
Samara,2012,archive,NA,NA,NA
Samara,2012,company,NA,NA,NA
Samara,2012,education,1228,3668,15
Samara,2012,facility,109,823,3
Samara,2012,government,NA,NA,NA
Samara,2012,healthcare,27,123,5
Samara,2012,nonprofit,NA,NA,NA
Samara,2012,other,NA,NA,NA
Samara,2012,NA,NA,NA,NA
Samara,2013,archive,NA,NA,NA
Samara,2013,company,NA,NA,NA
Samara,2013,education,1313,6313,16
Samara,2013,facility,118,1671,4
Samara,2013,government,NA,NA,NA
Samara,2013,healthcare,20,127,3
Samara,2013,nonprofit,NA,NA,NA
Samara,2013,other,NA,NA,NA
Samara,2013,NA,NA,NA,NA
Samara,2014,archive,NA,NA,NA
Samara,2014,company,NA,NA,NA
Samara,2014,education,1959,8586,16
Samara,2014,facility,142,2298,4
Samara,2014,government,NA,NA,NA
Samara,2014,healthcare,30,470,3
Samara,2014,nonprofit,NA,NA,NA
Samara,2014,other,NA,NA,NA
Samara,2014,NA,NA,NA,NA
Samara,2015,archive,NA,NA,NA
Samara,2015,company,NA,NA,NA
Samara,2015,education,1830,6599,17
Samara,2015,facility,163,1799,5
Samara,2015,government,NA,NA,NA
Samara,2015,healthcare,70,110,5
Samara,2015,nonprofit,NA,NA,NA
Samara,2015,other,NA,NA,NA
Samara,2015,NA,NA,NA,NA
Samara,2016,archive,NA,NA,NA
Samara,2016,company,NA,NA,NA
Samara,2016,education,2390,9672,16
Samara,2016,facility,233,2156,5
Samara,2016,government,NA,NA,NA
Samara,2016,healthcare,75,321,5
Samara,2016,nonprofit,NA,NA,NA
Samara,2016,other,NA,NA,NA
Samara,2016,NA,NA,NA,NA
Samara,2017,archive,NA,NA,NA
Samara,2017,company,NA,NA,NA
Samara,2017,education,3045,14050,15
Samara,2017,facility,201,1972,3
Samara,2017,government,NA,NA,NA
Samara,2017,healthcare,105,801,5
Samara,2017,nonprofit,NA,NA,NA
Samara,2017,other,NA,NA,NA
Samara,2017,NA,NA,NA,NA
Samara,2018,archive,NA,NA,NA
Samara,2018,company,NA,NA,NA
Samara,2018,education,3347,16359,15
Samara,2018,facility,283,2797,4
Samara,2018,government,NA,NA,NA
Samara,2018,healthcare,113,272,5
Samara,2018,nonprofit,NA,NA,NA
Samara,2018,other,NA,NA,NA
Samara,2018,NA,NA,NA,NA
Samara,2019,archive,NA,NA,NA
Samara,2019,company,NA,NA,NA
Samara,2019,education,3736,20624,16
Samara,2019,facility,350,2955,5
Samara,2019,government,NA,NA,NA
Samara,2019,healthcare,122,288,5
Samara,2019,nonprofit,NA,NA,NA
Samara,2019,other,NA,NA,NA
Samara,2019,NA,NA,NA,NA
Samara,2020,archive,NA,NA,NA
Samara,2020,company,NA,NA,NA
Samara,2020,education,5470,18111,16
Samara,2020,facility,532,3305,4
Samara,2020,government,NA,NA,NA
Samara,2020,healthcare,259,464,5
Samara,2020,nonprofit,NA,NA,NA
Samara,2020,other,NA,NA,NA
Samara,2020,NA,NA,NA,NA
Samara,2021,archive,NA,NA,NA
Samara,2021,company,NA,NA,NA
Samara,2021,education,6254,18602,16
Samara,2021,facility,621,3989,4
Samara,2021,government,NA,NA,NA
Samara,2021,healthcare,292,775,5
Samara,2021,nonprofit,NA,NA,NA
Samara,2021,other,NA,NA,NA
Samara,2021,NA,NA,NA,NA
Samara,2022,archive,NA,NA,NA
Samara,2022,company,NA,NA,NA
Samara,2022,education,4609,11860,16
Samara,2022,facility,510,2820,4
Samara,2022,government,NA,NA,NA
Samara,2022,healthcare,176,376,5
Samara,2022,nonprofit,NA,NA,NA
Samara,2022,other,NA,NA,NA
Samara,2022,NA,NA,NA,NA
Samara,2023,archive,NA,NA,NA
Samara,2023,company,NA,NA,NA
Samara,2023,education,4043,8621,15
Samara,2023,facility,423,1936,4
Samara,2023,government,NA,NA,NA
Samara,2023,healthcare,161,269,5
Samara,2023,nonprofit,NA,NA,NA
Samara,2023,other,NA,NA,NA
Samara,2023,NA,NA,NA,NA
Samara,2024,archive,NA,NA,NA
Samara,2024,company,NA,NA,NA
Samara,2024,education,3879,5374,16
Samara,2024,facility,353,808,3
Samara,2024,government,NA,NA,NA
Samara,2024,healthcare,227,201,5
Samara,2024,nonprofit,NA,NA,NA
Samara,2024,other,NA,NA,NA
Samara,2024,NA,NA,NA,NA
Samara,2025,archive,NA,NA,NA
Samara,2025,company,NA,NA,NA
Samara,2025,education,4214,2160,15
Samara,2025,facility,296,315,4
Samara,2025,government,NA,NA,NA
Samara,2025,healthcare,241,121,5
Samara,2025,nonprofit,NA,NA,NA
Samara,2025,other,NA,NA,NA
Samara,2025,NA,NA,NA,NA
Samara,2026,archive,NA,NA,NA
Samara,2026,company,NA,NA,NA
Samara,2026,education,2734,172,15
Samara,2026,facility,126,16,4
Samara,2026,government,NA,NA,NA
Samara,2026,healthcare,162,13,5
Samara,2026,nonprofit,NA,NA,NA
Samara,2026,other,NA,NA,NA
Samara,2026,NA,NA,NA,NA
Samara,2027,archive,NA,NA,NA
Samara,2027,company,NA,NA,NA
Samara,2027,education,NA,NA,NA
Samara,2027,facility,NA,NA,NA
Samara,2027,government,NA,NA,NA
Samara,2027,healthcare,NA,NA,NA
Samara,2027,nonprofit,NA,NA,NA
Samara,2027,other,NA,NA,NA
Samara,2027,NA,NA,NA,NA
Samara,2029,archive,NA,NA,NA
Samara,2029,company,NA,NA,NA
Samara,2029,education,NA,NA,NA
Samara,2029,facility,NA,NA,NA
Samara,2029,government,NA,NA,NA
Samara,2029,healthcare,NA,NA,NA
Samara,2029,nonprofit,NA,NA,NA
Samara,2029,other,NA,NA,NA
Samara,2029,NA,NA,NA,NA
Samara,NA,archive,NA,NA,NA
Samara,NA,company,NA,NA,NA
Samara,NA,education,NA,NA,NA
Samara,NA,facility,NA,NA,NA
Samara,NA,government,NA,NA,NA
Samara,NA,healthcare,NA,NA,NA
Samara,NA,nonprofit,NA,NA,NA
Samara,NA,other,NA,NA,NA
Samara,NA,NA,NA,NA,NA
Saratov,2010,archive,NA,NA,NA
Saratov,2010,company,2,7,2
Saratov,2010,education,537,5617,7
Saratov,2010,facility,115,2609,7
Saratov,2010,government,NA,NA,NA
Saratov,2010,healthcare,NA,NA,NA
Saratov,2010,nonprofit,NA,NA,NA
Saratov,2010,other,NA,NA,NA
Saratov,2010,NA,NA,NA,NA
Saratov,2011,archive,NA,NA,NA
Saratov,2011,company,5,18,2
Saratov,2011,education,569,8856,7
Saratov,2011,facility,133,5062,7
Saratov,2011,government,2,1,1
Saratov,2011,healthcare,NA,NA,NA
Saratov,2011,nonprofit,NA,NA,NA
Saratov,2011,other,NA,NA,NA
Saratov,2011,NA,NA,NA,NA
Saratov,2012,archive,NA,NA,NA
Saratov,2012,company,2,9,2
Saratov,2012,education,596,6793,7
Saratov,2012,facility,158,3196,7
Saratov,2012,government,1,1,1
Saratov,2012,healthcare,1,0,1
Saratov,2012,nonprofit,NA,NA,NA
Saratov,2012,other,NA,NA,NA
Saratov,2012,NA,NA,NA,NA
Saratov,2013,archive,NA,NA,NA
Saratov,2013,company,2,39,1
Saratov,2013,education,828,7842,8
Saratov,2013,facility,138,2563,7
Saratov,2013,government,NA,NA,NA
Saratov,2013,healthcare,NA,NA,NA
Saratov,2013,nonprofit,NA,NA,NA
Saratov,2013,other,NA,NA,NA
Saratov,2013,NA,NA,NA,NA
Saratov,2014,archive,NA,NA,NA
Saratov,2014,company,7,11,2
Saratov,2014,education,1123,8235,8
Saratov,2014,facility,139,1722,8
Saratov,2014,government,NA,NA,NA
Saratov,2014,healthcare,NA,NA,NA
Saratov,2014,nonprofit,NA,NA,NA
Saratov,2014,other,NA,NA,NA
Saratov,2014,NA,NA,NA,NA
Saratov,2015,archive,NA,NA,NA
Saratov,2015,company,1,2,1
Saratov,2015,education,1193,9363,8
Saratov,2015,facility,181,2215,8
Saratov,2015,government,2,151,1
Saratov,2015,healthcare,1,0,1
Saratov,2015,nonprofit,NA,NA,NA
Saratov,2015,other,NA,NA,NA
Saratov,2015,NA,NA,NA,NA
Saratov,2016,archive,NA,NA,NA
Saratov,2016,company,6,20,2
Saratov,2016,education,1496,10892,8
Saratov,2016,facility,254,3592,8
Saratov,2016,government,NA,NA,NA
Saratov,2016,healthcare,NA,NA,NA
Saratov,2016,nonprofit,NA,NA,NA
Saratov,2016,other,NA,NA,NA
Saratov,2016,NA,NA,NA,NA
Saratov,2017,archive,NA,NA,NA
Saratov,2017,company,2,3,1
Saratov,2017,education,1679,11822,8
Saratov,2017,facility,247,2820,8
Saratov,2017,government,NA,NA,NA
Saratov,2017,healthcare,1,3,1
Saratov,2017,nonprofit,NA,NA,NA
Saratov,2017,other,NA,NA,NA
Saratov,2017,NA,NA,NA,NA
Saratov,2018,archive,5,0,1
Saratov,2018,company,3,0,2
Saratov,2018,education,2316,13561,8
Saratov,2018,facility,335,3280,8
Saratov,2018,government,1,0,1
Saratov,2018,healthcare,NA,NA,NA
Saratov,2018,nonprofit,NA,NA,NA
Saratov,2018,other,NA,NA,NA
Saratov,2018,NA,NA,NA,NA
Saratov,2019,archive,4,16,1
Saratov,2019,company,12,23,2
Saratov,2019,education,2294,13225,8
Saratov,2019,facility,304,2541,8
Saratov,2019,government,2,3,1
Saratov,2019,healthcare,NA,NA,NA
Saratov,2019,nonprofit,NA,NA,NA
Saratov,2019,other,NA,NA,NA
Saratov,2019,NA,NA,NA,NA
Saratov,2020,archive,8,124,1
Saratov,2020,company,13,25,2
Saratov,2020,education,2791,13894,9
Saratov,2020,facility,421,3554,8
Saratov,2020,government,2,2,1
Saratov,2020,healthcare,2,2,1
Saratov,2020,nonprofit,NA,NA,NA
Saratov,2020,other,NA,NA,NA
Saratov,2020,NA,NA,NA,NA
Saratov,2021,archive,2,116,1
Saratov,2021,company,5,5,1
Saratov,2021,education,2663,9941,8
Saratov,2021,facility,351,2103,7
Saratov,2021,government,6,1865,1
Saratov,2021,healthcare,4,11,1
Saratov,2021,nonprofit,NA,NA,NA
Saratov,2021,other,NA,NA,NA
Saratov,2021,NA,NA,NA,NA
Saratov,2022,archive,3,7,1
Saratov,2022,company,11,43,2
Saratov,2022,education,2572,7788,8
Saratov,2022,facility,389,2800,7
Saratov,2022,government,1,4,1
Saratov,2022,healthcare,2,0,1
Saratov,2022,nonprofit,NA,NA,NA
Saratov,2022,other,NA,NA,NA
Saratov,2022,NA,NA,NA,NA
Saratov,2023,archive,2,0,1
Saratov,2023,company,2,3,1
Saratov,2023,education,1814,4402,8
Saratov,2023,facility,353,1450,7
Saratov,2023,government,3,210,1
Saratov,2023,healthcare,NA,NA,NA
Saratov,2023,nonprofit,NA,NA,NA
Saratov,2023,other,NA,NA,NA
Saratov,2023,NA,NA,NA,NA
Saratov,2024,archive,3,1,1
Saratov,2024,company,1,0,1
Saratov,2024,education,1727,3100,7
Saratov,2024,facility,385,1064,6
Saratov,2024,government,3,181,1
Saratov,2024,healthcare,1,1,1
Saratov,2024,nonprofit,NA,NA,NA
Saratov,2024,other,NA,NA,NA
Saratov,2024,NA,NA,NA,NA
Saratov,2025,archive,NA,NA,NA
Saratov,2025,company,7,7,2
Saratov,2025,education,1736,856,7
Saratov,2025,facility,304,557,7
Saratov,2025,government,4,0,1
Saratov,2025,healthcare,4,3,1
Saratov,2025,nonprofit,NA,NA,NA
Saratov,2025,other,NA,NA,NA
Saratov,2025,NA,NA,NA,NA
Saratov,2026,archive,2,0,1
Saratov,2026,company,5,5,2
Saratov,2026,education,1232,117,8
Saratov,2026,facility,195,37,7
Saratov,2026,government,8,0,1
Saratov,2026,healthcare,3,0,1
Saratov,2026,nonprofit,NA,NA,NA
Saratov,2026,other,NA,NA,NA
Saratov,2026,NA,NA,NA,NA
Saratov,2027,archive,NA,NA,NA
Saratov,2027,company,NA,NA,NA
Saratov,2027,education,NA,NA,NA
Saratov,2027,facility,NA,NA,NA
Saratov,2027,government,NA,NA,NA
Saratov,2027,healthcare,NA,NA,NA
Saratov,2027,nonprofit,NA,NA,NA
Saratov,2027,other,NA,NA,NA
Saratov,2027,NA,NA,NA,NA
Saratov,2029,archive,NA,NA,NA
Saratov,2029,company,NA,NA,NA
Saratov,2029,education,NA,NA,NA
Saratov,2029,facility,NA,NA,NA
Saratov,2029,government,NA,NA,NA
Saratov,2029,healthcare,NA,NA,NA
Saratov,2029,nonprofit,NA,NA,NA
Saratov,2029,other,NA,NA,NA
Saratov,2029,NA,NA,NA,NA
Saratov,NA,archive,NA,NA,NA
Saratov,NA,company,NA,NA,NA
Saratov,NA,education,NA,NA,NA
Saratov,NA,facility,NA,NA,NA
Saratov,NA,government,NA,NA,NA
Saratov,NA,healthcare,NA,NA,NA
Saratov,NA,nonprofit,NA,NA,NA
Saratov,NA,other,NA,NA,NA
Saratov,NA,NA,NA,NA,NA
Smolensk,2010,archive,NA,NA,NA
Smolensk,2010,company,NA,NA,NA
Smolensk,2010,education,28,429,3
Smolensk,2010,facility,NA,NA,NA
Smolensk,2010,government,1,0,1
Smolensk,2010,healthcare,3,0,1
Smolensk,2010,nonprofit,NA,NA,NA
Smolensk,2010,other,NA,NA,NA
Smolensk,2010,NA,NA,NA,NA
Smolensk,2011,archive,NA,NA,NA
Smolensk,2011,company,NA,NA,NA
Smolensk,2011,education,35,176,3
Smolensk,2011,facility,NA,NA,NA
Smolensk,2011,government,2,0,1
Smolensk,2011,healthcare,1,7,1
Smolensk,2011,nonprofit,NA,NA,NA
Smolensk,2011,other,NA,NA,NA
Smolensk,2011,NA,NA,NA,NA
Smolensk,2012,archive,NA,NA,NA
Smolensk,2012,company,NA,NA,NA
Smolensk,2012,education,29,86,4
Smolensk,2012,facility,NA,NA,NA
Smolensk,2012,government,2,7,1
Smolensk,2012,healthcare,7,10,2
Smolensk,2012,nonprofit,NA,NA,NA
Smolensk,2012,other,NA,NA,NA
Smolensk,2012,NA,NA,NA,NA
Smolensk,2013,archive,NA,NA,NA
Smolensk,2013,company,NA,NA,NA
Smolensk,2013,education,40,483,5
Smolensk,2013,facility,1,2,1
Smolensk,2013,government,NA,NA,NA
Smolensk,2013,healthcare,2,5,1
Smolensk,2013,nonprofit,NA,NA,NA
Smolensk,2013,other,NA,NA,NA
Smolensk,2013,NA,NA,NA,NA
Smolensk,2014,archive,NA,NA,NA
Smolensk,2014,company,NA,NA,NA
Smolensk,2014,education,69,614,4
Smolensk,2014,facility,NA,NA,NA
Smolensk,2014,government,2,2,1
Smolensk,2014,healthcare,6,440,1
Smolensk,2014,nonprofit,NA,NA,NA
Smolensk,2014,other,NA,NA,NA
Smolensk,2014,NA,NA,NA,NA
Smolensk,2015,archive,NA,NA,NA
Smolensk,2015,company,NA,NA,NA
Smolensk,2015,education,112,237,4
Smolensk,2015,facility,1,2,1
Smolensk,2015,government,3,0,1
Smolensk,2015,healthcare,8,8,2
Smolensk,2015,nonprofit,NA,NA,NA
Smolensk,2015,other,NA,NA,NA
Smolensk,2015,NA,NA,NA,NA
Smolensk,2016,archive,NA,NA,NA
Smolensk,2016,company,NA,NA,NA
Smolensk,2016,education,163,770,7
Smolensk,2016,facility,7,4,1
Smolensk,2016,government,6,3,1
Smolensk,2016,healthcare,4,38,2
Smolensk,2016,nonprofit,NA,NA,NA
Smolensk,2016,other,NA,NA,NA
Smolensk,2016,NA,NA,NA,NA
Smolensk,2017,archive,NA,NA,NA
Smolensk,2017,company,NA,NA,NA
Smolensk,2017,education,173,744,7
Smolensk,2017,facility,6,2,1
Smolensk,2017,government,1,1,1
Smolensk,2017,healthcare,16,34,2
Smolensk,2017,nonprofit,NA,NA,NA
Smolensk,2017,other,NA,NA,NA
Smolensk,2017,NA,NA,NA,NA
Smolensk,2018,archive,NA,NA,NA
Smolensk,2018,company,NA,NA,NA
Smolensk,2018,education,192,2454,7
Smolensk,2018,facility,21,10,1
Smolensk,2018,government,5,6,1
Smolensk,2018,healthcare,10,52,2
Smolensk,2018,nonprofit,NA,NA,NA
Smolensk,2018,other,NA,NA,NA
Smolensk,2018,NA,NA,NA,NA
Smolensk,2019,archive,NA,NA,NA
Smolensk,2019,company,NA,NA,NA
Smolensk,2019,education,244,1189,7
Smolensk,2019,facility,7,2,1
Smolensk,2019,government,9,3,1
Smolensk,2019,healthcare,15,134,2
Smolensk,2019,nonprofit,NA,NA,NA
Smolensk,2019,other,NA,NA,NA
Smolensk,2019,NA,NA,NA,NA
Smolensk,2020,archive,NA,NA,NA
Smolensk,2020,company,NA,NA,NA
Smolensk,2020,education,409,1591,7
Smolensk,2020,facility,10,38,1
Smolensk,2020,government,7,3,1
Smolensk,2020,healthcare,14,69,2
Smolensk,2020,nonprofit,NA,NA,NA
Smolensk,2020,other,NA,NA,NA
Smolensk,2020,NA,NA,NA,NA
Smolensk,2021,archive,NA,NA,NA
Smolensk,2021,company,NA,NA,NA
Smolensk,2021,education,512,2194,6
Smolensk,2021,facility,10,22,1
Smolensk,2021,government,9,8,1
Smolensk,2021,healthcare,16,109,2
Smolensk,2021,nonprofit,NA,NA,NA
Smolensk,2021,other,NA,NA,NA
Smolensk,2021,NA,NA,NA,NA
Smolensk,2022,archive,NA,NA,NA
Smolensk,2022,company,NA,NA,NA
Smolensk,2022,education,435,1752,5
Smolensk,2022,facility,11,28,1
Smolensk,2022,government,9,2,1
Smolensk,2022,healthcare,19,25,2
Smolensk,2022,nonprofit,NA,NA,NA
Smolensk,2022,other,NA,NA,NA
Smolensk,2022,NA,NA,NA,NA
Smolensk,2023,archive,NA,NA,NA
Smolensk,2023,company,NA,NA,NA
Smolensk,2023,education,472,758,7
Smolensk,2023,facility,8,8,1
Smolensk,2023,government,5,0,1
Smolensk,2023,healthcare,20,26,2
Smolensk,2023,nonprofit,NA,NA,NA
Smolensk,2023,other,NA,NA,NA
Smolensk,2023,NA,NA,NA,NA
Smolensk,2024,archive,NA,NA,NA
Smolensk,2024,company,NA,NA,NA
Smolensk,2024,education,495,568,4
Smolensk,2024,facility,45,22,1
Smolensk,2024,government,5,4,1
Smolensk,2024,healthcare,28,44,2
Smolensk,2024,nonprofit,NA,NA,NA
Smolensk,2024,other,NA,NA,NA
Smolensk,2024,NA,NA,NA,NA
Smolensk,2025,archive,NA,NA,NA
Smolensk,2025,company,NA,NA,NA
Smolensk,2025,education,562,202,5
Smolensk,2025,facility,21,9,1
Smolensk,2025,government,4,0,1
Smolensk,2025,healthcare,27,85,2
Smolensk,2025,nonprofit,NA,NA,NA
Smolensk,2025,other,NA,NA,NA
Smolensk,2025,NA,NA,NA,NA
Smolensk,2026,archive,NA,NA,NA
Smolensk,2026,company,NA,NA,NA
Smolensk,2026,education,478,89,5
Smolensk,2026,facility,5,0,1
Smolensk,2026,government,2,0,1
Smolensk,2026,healthcare,15,2,2
Smolensk,2026,nonprofit,NA,NA,NA
Smolensk,2026,other,NA,NA,NA
Smolensk,2026,NA,NA,NA,NA
Smolensk,2027,archive,NA,NA,NA
Smolensk,2027,company,NA,NA,NA
Smolensk,2027,education,NA,NA,NA
Smolensk,2027,facility,NA,NA,NA
Smolensk,2027,government,NA,NA,NA
Smolensk,2027,healthcare,NA,NA,NA
Smolensk,2027,nonprofit,NA,NA,NA
Smolensk,2027,other,NA,NA,NA
Smolensk,2027,NA,NA,NA,NA
Smolensk,2029,archive,NA,NA,NA
Smolensk,2029,company,NA,NA,NA
Smolensk,2029,education,NA,NA,NA
Smolensk,2029,facility,NA,NA,NA
Smolensk,2029,government,NA,NA,NA
Smolensk,2029,healthcare,NA,NA,NA
Smolensk,2029,nonprofit,NA,NA,NA
Smolensk,2029,other,NA,NA,NA
Smolensk,2029,NA,NA,NA,NA
Smolensk,NA,archive,NA,NA,NA
Smolensk,NA,company,NA,NA,NA
Smolensk,NA,education,NA,NA,NA
Smolensk,NA,facility,NA,NA,NA
Smolensk,NA,government,NA,NA,NA
Smolensk,NA,healthcare,NA,NA,NA
Smolensk,NA,nonprofit,NA,NA,NA
Smolensk,NA,other,NA,NA,NA
Smolensk,NA,NA,NA,NA,NA
Stavropol',2010,archive,NA,NA,NA
Stavropol',2010,company,NA,NA,NA
Stavropol',2010,education,87,223,7
Stavropol',2010,facility,10,18,3
Stavropol',2010,government,NA,NA,NA
Stavropol',2010,healthcare,5,518,1
Stavropol',2010,nonprofit,NA,NA,NA
Stavropol',2010,other,NA,NA,NA
Stavropol',2010,NA,NA,NA,NA
Stavropol',2011,archive,NA,NA,NA
Stavropol',2011,company,NA,NA,NA
Stavropol',2011,education,69,341,6
Stavropol',2011,facility,22,56,4
Stavropol',2011,government,NA,NA,NA
Stavropol',2011,healthcare,3,1144,2
Stavropol',2011,nonprofit,NA,NA,NA
Stavropol',2011,other,NA,NA,NA
Stavropol',2011,NA,NA,NA,NA
Stavropol',2012,archive,NA,NA,NA
Stavropol',2012,company,1,7,1
Stavropol',2012,education,93,187,7
Stavropol',2012,facility,39,45,4
Stavropol',2012,government,NA,NA,NA
Stavropol',2012,healthcare,6,32,1
Stavropol',2012,nonprofit,NA,NA,NA
Stavropol',2012,other,NA,NA,NA
Stavropol',2012,NA,NA,NA,NA
Stavropol',2013,archive,NA,NA,NA
Stavropol',2013,company,NA,NA,NA
Stavropol',2013,education,161,390,9
Stavropol',2013,facility,20,37,4
Stavropol',2013,government,NA,NA,NA
Stavropol',2013,healthcare,2,62,1
Stavropol',2013,nonprofit,NA,NA,NA
Stavropol',2013,other,NA,NA,NA
Stavropol',2013,NA,NA,NA,NA
Stavropol',2014,archive,NA,NA,NA
Stavropol',2014,company,NA,NA,NA
Stavropol',2014,education,242,1404,9
Stavropol',2014,facility,17,27,3
Stavropol',2014,government,NA,NA,NA
Stavropol',2014,healthcare,10,95,2
Stavropol',2014,nonprofit,NA,NA,NA
Stavropol',2014,other,NA,NA,NA
Stavropol',2014,NA,NA,NA,NA
Stavropol',2015,archive,NA,NA,NA
Stavropol',2015,company,NA,NA,NA
Stavropol',2015,education,465,1470,9
Stavropol',2015,facility,27,52,3
Stavropol',2015,government,NA,NA,NA
Stavropol',2015,healthcare,6,9,2
Stavropol',2015,nonprofit,NA,NA,NA
Stavropol',2015,other,NA,NA,NA
Stavropol',2015,NA,NA,NA,NA
Stavropol',2016,archive,NA,NA,NA
Stavropol',2016,company,1,4,1
Stavropol',2016,education,480,1842,8
Stavropol',2016,facility,27,106,4
Stavropol',2016,government,NA,NA,NA
Stavropol',2016,healthcare,12,83,2
Stavropol',2016,nonprofit,NA,NA,NA
Stavropol',2016,other,NA,NA,NA
Stavropol',2016,NA,NA,NA,NA
Stavropol',2017,archive,NA,NA,NA
Stavropol',2017,company,NA,NA,NA
Stavropol',2017,education,609,2657,9
Stavropol',2017,facility,30,100,4
Stavropol',2017,government,NA,NA,NA
Stavropol',2017,healthcare,9,2258,2
Stavropol',2017,nonprofit,NA,NA,NA
Stavropol',2017,other,NA,NA,NA
Stavropol',2017,NA,NA,NA,NA
Stavropol',2018,archive,NA,NA,NA
Stavropol',2018,company,1,0,1
Stavropol',2018,education,930,3790,9
Stavropol',2018,facility,35,74,3
Stavropol',2018,government,NA,NA,NA
Stavropol',2018,healthcare,9,14,2
Stavropol',2018,nonprofit,NA,NA,NA
Stavropol',2018,other,NA,NA,NA
Stavropol',2018,NA,NA,NA,NA
Stavropol',2019,archive,NA,NA,NA
Stavropol',2019,company,1,4,1
Stavropol',2019,education,1134,5114,9
Stavropol',2019,facility,25,74,4
Stavropol',2019,government,NA,NA,NA
Stavropol',2019,healthcare,24,199,2
Stavropol',2019,nonprofit,NA,NA,NA
Stavropol',2019,other,NA,NA,NA
Stavropol',2019,NA,NA,NA,NA
Stavropol',2020,archive,NA,NA,NA
Stavropol',2020,company,NA,NA,NA
Stavropol',2020,education,1520,5219,10
Stavropol',2020,facility,33,78,3
Stavropol',2020,government,NA,NA,NA
Stavropol',2020,healthcare,19,759,2
Stavropol',2020,nonprofit,NA,NA,NA
Stavropol',2020,other,NA,NA,NA
Stavropol',2020,NA,NA,NA,NA
Stavropol',2021,archive,NA,NA,NA
Stavropol',2021,company,NA,NA,NA
Stavropol',2021,education,2046,6632,10
Stavropol',2021,facility,23,116,3
Stavropol',2021,government,NA,NA,NA
Stavropol',2021,healthcare,14,49,2
Stavropol',2021,nonprofit,NA,NA,NA
Stavropol',2021,other,NA,NA,NA
Stavropol',2021,NA,NA,NA,NA
Stavropol',2022,archive,NA,NA,NA
Stavropol',2022,company,NA,NA,NA
Stavropol',2022,education,1749,5195,10
Stavropol',2022,facility,25,176,2
Stavropol',2022,government,NA,NA,NA
Stavropol',2022,healthcare,29,185,2
Stavropol',2022,nonprofit,NA,NA,NA
Stavropol',2022,other,NA,NA,NA
Stavropol',2022,NA,NA,NA,NA
Stavropol',2023,archive,NA,NA,NA
Stavropol',2023,company,1,0,1
Stavropol',2023,education,1732,4236,9
Stavropol',2023,facility,20,115,3
Stavropol',2023,government,NA,NA,NA
Stavropol',2023,healthcare,35,109,2
Stavropol',2023,nonprofit,NA,NA,NA
Stavropol',2023,other,NA,NA,NA
Stavropol',2023,NA,NA,NA,NA
Stavropol',2024,archive,NA,NA,NA
Stavropol',2024,company,1,2,1
Stavropol',2024,education,1767,2211,9
Stavropol',2024,facility,35,54,4
Stavropol',2024,government,NA,NA,NA
Stavropol',2024,healthcare,20,206,2
Stavropol',2024,nonprofit,NA,NA,NA
Stavropol',2024,other,NA,NA,NA
Stavropol',2024,NA,NA,NA,NA
Stavropol',2025,archive,NA,NA,NA
Stavropol',2025,company,NA,NA,NA
Stavropol',2025,education,1414,826,10
Stavropol',2025,facility,18,15,2
Stavropol',2025,government,NA,NA,NA
Stavropol',2025,healthcare,29,9,2
Stavropol',2025,nonprofit,NA,NA,NA
Stavropol',2025,other,NA,NA,NA
Stavropol',2025,NA,NA,NA,NA
Stavropol',2026,archive,NA,NA,NA
Stavropol',2026,company,1,0,1
Stavropol',2026,education,1040,56,9
Stavropol',2026,facility,19,1,2
Stavropol',2026,government,NA,NA,NA
Stavropol',2026,healthcare,18,9,2
Stavropol',2026,nonprofit,NA,NA,NA
Stavropol',2026,other,NA,NA,NA
Stavropol',2026,NA,NA,NA,NA
Stavropol',2027,archive,NA,NA,NA
Stavropol',2027,company,NA,NA,NA
Stavropol',2027,education,NA,NA,NA
Stavropol',2027,facility,NA,NA,NA
Stavropol',2027,government,NA,NA,NA
Stavropol',2027,healthcare,NA,NA,NA
Stavropol',2027,nonprofit,NA,NA,NA
Stavropol',2027,other,NA,NA,NA
Stavropol',2027,NA,NA,NA,NA
Stavropol',2029,archive,NA,NA,NA
Stavropol',2029,company,NA,NA,NA
Stavropol',2029,education,NA,NA,NA
Stavropol',2029,facility,NA,NA,NA
Stavropol',2029,government,NA,NA,NA
Stavropol',2029,healthcare,NA,NA,NA
Stavropol',2029,nonprofit,NA,NA,NA
Stavropol',2029,other,NA,NA,NA
Stavropol',2029,NA,NA,NA,NA
Stavropol',NA,archive,NA,NA,NA
Stavropol',NA,company,NA,NA,NA
Stavropol',NA,education,NA,NA,NA
Stavropol',NA,facility,NA,NA,NA
Stavropol',NA,government,NA,NA,NA
Stavropol',NA,healthcare,NA,NA,NA
Stavropol',NA,nonprofit,NA,NA,NA
Stavropol',NA,other,NA,NA,NA
Stavropol',NA,NA,NA,NA,NA
Sverdlovsk,2010,archive,NA,NA,NA
Sverdlovsk,2010,company,4,34,2
Sverdlovsk,2010,education,234,1768,15
Sverdlovsk,2010,facility,1670,18334,27
Sverdlovsk,2010,government,NA,NA,NA
Sverdlovsk,2010,healthcare,14,117,5
Sverdlovsk,2010,nonprofit,NA,NA,NA
Sverdlovsk,2010,other,1,0,1
Sverdlovsk,2010,NA,NA,NA,NA
Sverdlovsk,2011,archive,NA,NA,NA
Sverdlovsk,2011,company,10,40,5
Sverdlovsk,2011,education,511,4561,18
Sverdlovsk,2011,facility,1815,20792,28
Sverdlovsk,2011,government,NA,NA,NA
Sverdlovsk,2011,healthcare,14,49,5
Sverdlovsk,2011,nonprofit,NA,NA,NA
Sverdlovsk,2011,other,NA,NA,NA
Sverdlovsk,2011,NA,NA,NA,NA
Sverdlovsk,2012,archive,NA,NA,NA
Sverdlovsk,2012,company,9,24,4
Sverdlovsk,2012,education,972,8166,17
Sverdlovsk,2012,facility,1890,23549,28
Sverdlovsk,2012,government,NA,NA,NA
Sverdlovsk,2012,healthcare,15,503,6
Sverdlovsk,2012,nonprofit,NA,NA,NA
Sverdlovsk,2012,other,NA,NA,NA
Sverdlovsk,2012,NA,NA,NA,NA
Sverdlovsk,2013,archive,NA,NA,NA
Sverdlovsk,2013,company,10,84,4
Sverdlovsk,2013,education,1622,12085,19
Sverdlovsk,2013,facility,2084,24759,27
Sverdlovsk,2013,government,NA,NA,NA
Sverdlovsk,2013,healthcare,30,678,6
Sverdlovsk,2013,nonprofit,1,0,1
Sverdlovsk,2013,other,3,1,2
Sverdlovsk,2013,NA,NA,NA,NA
Sverdlovsk,2014,archive,NA,NA,NA
Sverdlovsk,2014,company,20,92,4
Sverdlovsk,2014,education,1971,16816,21
Sverdlovsk,2014,facility,2361,28927,28
Sverdlovsk,2014,government,NA,NA,NA
Sverdlovsk,2014,healthcare,50,63,6
Sverdlovsk,2014,nonprofit,1,2,1
Sverdlovsk,2014,other,5,0,2
Sverdlovsk,2014,NA,NA,NA,NA
Sverdlovsk,2015,archive,NA,NA,NA
Sverdlovsk,2015,company,15,87,3
Sverdlovsk,2015,education,2929,23438,23
Sverdlovsk,2015,facility,2819,30066,28
Sverdlovsk,2015,government,NA,NA,NA
Sverdlovsk,2015,healthcare,65,344,7
Sverdlovsk,2015,nonprofit,NA,NA,NA
Sverdlovsk,2015,other,14,4,2
Sverdlovsk,2015,NA,NA,NA,NA
Sverdlovsk,2016,archive,NA,NA,NA
Sverdlovsk,2016,company,20,132,3
Sverdlovsk,2016,education,3537,25175,26
Sverdlovsk,2016,facility,2945,29411,28
Sverdlovsk,2016,government,NA,NA,NA
Sverdlovsk,2016,healthcare,81,249,7
Sverdlovsk,2016,nonprofit,2,3,1
Sverdlovsk,2016,other,16,1,2
Sverdlovsk,2016,NA,NA,NA,NA
Sverdlovsk,2017,archive,NA,NA,NA
Sverdlovsk,2017,company,39,280,4
Sverdlovsk,2017,education,4354,32384,20
Sverdlovsk,2017,facility,3591,30778,29
Sverdlovsk,2017,government,NA,NA,NA
Sverdlovsk,2017,healthcare,67,311,7
Sverdlovsk,2017,nonprofit,NA,NA,NA
Sverdlovsk,2017,other,20,14,2
Sverdlovsk,2017,NA,NA,NA,NA
Sverdlovsk,2018,archive,NA,NA,NA
Sverdlovsk,2018,company,51,114,4
Sverdlovsk,2018,education,5529,33328,23
Sverdlovsk,2018,facility,4143,29787,29
Sverdlovsk,2018,government,NA,NA,NA
Sverdlovsk,2018,healthcare,70,275,6
Sverdlovsk,2018,nonprofit,NA,NA,NA
Sverdlovsk,2018,other,36,94,3
Sverdlovsk,2018,NA,NA,NA,NA
Sverdlovsk,2019,archive,NA,NA,NA
Sverdlovsk,2019,company,47,261,4
Sverdlovsk,2019,education,6106,45548,22
Sverdlovsk,2019,facility,4742,38810,29
Sverdlovsk,2019,government,NA,NA,NA
Sverdlovsk,2019,healthcare,86,5702,7
Sverdlovsk,2019,nonprofit,NA,NA,NA
Sverdlovsk,2019,other,53,27,3
Sverdlovsk,2019,NA,NA,NA,NA
Sverdlovsk,2020,archive,NA,NA,NA
Sverdlovsk,2020,company,40,146,5
Sverdlovsk,2020,education,7856,52355,22
Sverdlovsk,2020,facility,5167,40286,28
Sverdlovsk,2020,government,NA,NA,NA
Sverdlovsk,2020,healthcare,78,321,7
Sverdlovsk,2020,nonprofit,2,0,1
Sverdlovsk,2020,other,52,188,3
Sverdlovsk,2020,NA,NA,NA,NA
Sverdlovsk,2021,archive,NA,NA,NA
Sverdlovsk,2021,company,37,107,6
Sverdlovsk,2021,education,7174,45532,22
Sverdlovsk,2021,facility,5101,34231,28
Sverdlovsk,2021,government,NA,NA,NA
Sverdlovsk,2021,healthcare,72,326,7
Sverdlovsk,2021,nonprofit,NA,NA,NA
Sverdlovsk,2021,other,94,244,3
Sverdlovsk,2021,NA,NA,NA,NA
Sverdlovsk,2022,archive,NA,NA,NA
Sverdlovsk,2022,company,44,68,5
Sverdlovsk,2022,education,6616,37759,22
Sverdlovsk,2022,facility,4984,27674,28
Sverdlovsk,2022,government,NA,NA,NA
Sverdlovsk,2022,healthcare,57,383,6
Sverdlovsk,2022,nonprofit,NA,NA,NA
Sverdlovsk,2022,other,59,68,3
Sverdlovsk,2022,NA,NA,NA,NA
Sverdlovsk,2023,archive,NA,NA,NA
Sverdlovsk,2023,company,44,98,5
Sverdlovsk,2023,education,7385,33720,21
Sverdlovsk,2023,facility,5615,18992,27
Sverdlovsk,2023,government,NA,NA,NA
Sverdlovsk,2023,healthcare,76,161,7
Sverdlovsk,2023,nonprofit,NA,NA,NA
Sverdlovsk,2023,other,47,23,3
Sverdlovsk,2023,NA,NA,NA,NA
Sverdlovsk,2024,archive,NA,NA,NA
Sverdlovsk,2024,company,33,33,2
Sverdlovsk,2024,education,7188,29987,21
Sverdlovsk,2024,facility,5109,12520,29
Sverdlovsk,2024,government,NA,NA,NA
Sverdlovsk,2024,healthcare,94,134,7
Sverdlovsk,2024,nonprofit,NA,NA,NA
Sverdlovsk,2024,other,44,15,3
Sverdlovsk,2024,NA,NA,NA,NA
Sverdlovsk,2025,archive,NA,NA,NA
Sverdlovsk,2025,company,27,9,4
Sverdlovsk,2025,education,6766,11250,20
Sverdlovsk,2025,facility,4367,5006,28
Sverdlovsk,2025,government,NA,NA,NA
Sverdlovsk,2025,healthcare,98,37,7
Sverdlovsk,2025,nonprofit,NA,NA,NA
Sverdlovsk,2025,other,42,11,3
Sverdlovsk,2025,NA,NA,NA,NA
Sverdlovsk,2026,archive,NA,NA,NA
Sverdlovsk,2026,company,20,3,4
Sverdlovsk,2026,education,4323,747,21
Sverdlovsk,2026,facility,2622,438,28
Sverdlovsk,2026,government,NA,NA,NA
Sverdlovsk,2026,healthcare,68,7,7
Sverdlovsk,2026,nonprofit,NA,NA,NA
Sverdlovsk,2026,other,36,1,3
Sverdlovsk,2026,NA,NA,NA,NA
Sverdlovsk,2027,archive,NA,NA,NA
Sverdlovsk,2027,company,NA,NA,NA
Sverdlovsk,2027,education,NA,NA,NA
Sverdlovsk,2027,facility,NA,NA,NA
Sverdlovsk,2027,government,NA,NA,NA
Sverdlovsk,2027,healthcare,NA,NA,NA
Sverdlovsk,2027,nonprofit,NA,NA,NA
Sverdlovsk,2027,other,NA,NA,NA
Sverdlovsk,2027,NA,NA,NA,NA
Sverdlovsk,2029,archive,NA,NA,NA
Sverdlovsk,2029,company,NA,NA,NA
Sverdlovsk,2029,education,NA,NA,NA
Sverdlovsk,2029,facility,NA,NA,NA
Sverdlovsk,2029,government,NA,NA,NA
Sverdlovsk,2029,healthcare,NA,NA,NA
Sverdlovsk,2029,nonprofit,NA,NA,NA
Sverdlovsk,2029,other,NA,NA,NA
Sverdlovsk,2029,NA,NA,NA,NA
Sverdlovsk,NA,archive,NA,NA,NA
Sverdlovsk,NA,company,NA,NA,NA
Sverdlovsk,NA,education,NA,NA,NA
Sverdlovsk,NA,facility,NA,NA,NA
Sverdlovsk,NA,government,NA,NA,NA
Sverdlovsk,NA,healthcare,NA,NA,NA
Sverdlovsk,NA,nonprofit,NA,NA,NA
Sverdlovsk,NA,other,NA,NA,NA
Sverdlovsk,NA,NA,NA,NA,NA
Tambov,2010,archive,NA,NA,NA
Tambov,2010,company,NA,NA,NA
Tambov,2010,education,43,318,3
Tambov,2010,facility,4,6,1
Tambov,2010,government,NA,NA,NA
Tambov,2010,healthcare,NA,NA,NA
Tambov,2010,nonprofit,NA,NA,NA
Tambov,2010,other,NA,NA,NA
Tambov,2010,NA,NA,NA,NA
Tambov,2011,archive,NA,NA,NA
Tambov,2011,company,NA,NA,NA
Tambov,2011,education,75,489,3
Tambov,2011,facility,3,2,1
Tambov,2011,government,NA,NA,NA
Tambov,2011,healthcare,NA,NA,NA
Tambov,2011,nonprofit,NA,NA,NA
Tambov,2011,other,NA,NA,NA
Tambov,2011,NA,NA,NA,NA
Tambov,2012,archive,NA,NA,NA
Tambov,2012,company,NA,NA,NA
Tambov,2012,education,78,554,3
Tambov,2012,facility,6,8,2
Tambov,2012,government,NA,NA,NA
Tambov,2012,healthcare,NA,NA,NA
Tambov,2012,nonprofit,NA,NA,NA
Tambov,2012,other,NA,NA,NA
Tambov,2012,NA,NA,NA,NA
Tambov,2013,archive,NA,NA,NA
Tambov,2013,company,NA,NA,NA
Tambov,2013,education,82,463,3
Tambov,2013,facility,4,4,2
Tambov,2013,government,NA,NA,NA
Tambov,2013,healthcare,NA,NA,NA
Tambov,2013,nonprofit,NA,NA,NA
Tambov,2013,other,NA,NA,NA
Tambov,2013,NA,NA,NA,NA
Tambov,2014,archive,NA,NA,NA
Tambov,2014,company,NA,NA,NA
Tambov,2014,education,131,891,3
Tambov,2014,facility,14,1,2
Tambov,2014,government,NA,NA,NA
Tambov,2014,healthcare,NA,NA,NA
Tambov,2014,nonprofit,NA,NA,NA
Tambov,2014,other,NA,NA,NA
Tambov,2014,NA,NA,NA,NA
Tambov,2015,archive,NA,NA,NA
Tambov,2015,company,NA,NA,NA
Tambov,2015,education,269,1424,3
Tambov,2015,facility,23,58,2
Tambov,2015,government,NA,NA,NA
Tambov,2015,healthcare,NA,NA,NA
Tambov,2015,nonprofit,NA,NA,NA
Tambov,2015,other,NA,NA,NA
Tambov,2015,NA,NA,NA,NA
Tambov,2016,archive,NA,NA,NA
Tambov,2016,company,NA,NA,NA
Tambov,2016,education,341,1606,4
Tambov,2016,facility,16,83,2
Tambov,2016,government,NA,NA,NA
Tambov,2016,healthcare,NA,NA,NA
Tambov,2016,nonprofit,NA,NA,NA
Tambov,2016,other,NA,NA,NA
Tambov,2016,NA,NA,NA,NA
Tambov,2017,archive,NA,NA,NA
Tambov,2017,company,NA,NA,NA
Tambov,2017,education,448,3549,3
Tambov,2017,facility,13,40,1
Tambov,2017,government,NA,NA,NA
Tambov,2017,healthcare,NA,NA,NA
Tambov,2017,nonprofit,NA,NA,NA
Tambov,2017,other,NA,NA,NA
Tambov,2017,NA,NA,NA,NA
Tambov,2018,archive,NA,NA,NA
Tambov,2018,company,NA,NA,NA
Tambov,2018,education,677,2652,4
Tambov,2018,facility,29,71,2
Tambov,2018,government,NA,NA,NA
Tambov,2018,healthcare,NA,NA,NA
Tambov,2018,nonprofit,NA,NA,NA
Tambov,2018,other,NA,NA,NA
Tambov,2018,NA,NA,NA,NA
Tambov,2019,archive,NA,NA,NA
Tambov,2019,company,NA,NA,NA
Tambov,2019,education,905,3755,5
Tambov,2019,facility,38,95,2
Tambov,2019,government,NA,NA,NA
Tambov,2019,healthcare,NA,NA,NA
Tambov,2019,nonprofit,NA,NA,NA
Tambov,2019,other,NA,NA,NA
Tambov,2019,NA,NA,NA,NA
Tambov,2020,archive,NA,NA,NA
Tambov,2020,company,NA,NA,NA
Tambov,2020,education,1037,2651,4
Tambov,2020,facility,36,71,2
Tambov,2020,government,NA,NA,NA
Tambov,2020,healthcare,NA,NA,NA
Tambov,2020,nonprofit,NA,NA,NA
Tambov,2020,other,NA,NA,NA
Tambov,2020,NA,NA,NA,NA
Tambov,2021,archive,NA,NA,NA
Tambov,2021,company,NA,NA,NA
Tambov,2021,education,1198,3529,4
Tambov,2021,facility,58,390,2
Tambov,2021,government,NA,NA,NA
Tambov,2021,healthcare,NA,NA,NA
Tambov,2021,nonprofit,NA,NA,NA
Tambov,2021,other,NA,NA,NA
Tambov,2021,NA,NA,NA,NA
Tambov,2022,archive,NA,NA,NA
Tambov,2022,company,NA,NA,NA
Tambov,2022,education,1022,2138,4
Tambov,2022,facility,60,57,2
Tambov,2022,government,NA,NA,NA
Tambov,2022,healthcare,NA,NA,NA
Tambov,2022,nonprofit,NA,NA,NA
Tambov,2022,other,NA,NA,NA
Tambov,2022,NA,NA,NA,NA
Tambov,2023,archive,NA,NA,NA
Tambov,2023,company,NA,NA,NA
Tambov,2023,education,886,1404,4
Tambov,2023,facility,78,25,2
Tambov,2023,government,NA,NA,NA
Tambov,2023,healthcare,NA,NA,NA
Tambov,2023,nonprofit,NA,NA,NA
Tambov,2023,other,NA,NA,NA
Tambov,2023,NA,NA,NA,NA
Tambov,2024,archive,NA,NA,NA
Tambov,2024,company,NA,NA,NA
Tambov,2024,education,732,1029,4
Tambov,2024,facility,54,35,2
Tambov,2024,government,NA,NA,NA
Tambov,2024,healthcare,NA,NA,NA
Tambov,2024,nonprofit,NA,NA,NA
Tambov,2024,other,NA,NA,NA
Tambov,2024,NA,NA,NA,NA
Tambov,2025,archive,NA,NA,NA
Tambov,2025,company,NA,NA,NA
Tambov,2025,education,682,402,4
Tambov,2025,facility,49,5,2
Tambov,2025,government,NA,NA,NA
Tambov,2025,healthcare,NA,NA,NA
Tambov,2025,nonprofit,NA,NA,NA
Tambov,2025,other,NA,NA,NA
Tambov,2025,NA,NA,NA,NA
Tambov,2026,archive,NA,NA,NA
Tambov,2026,company,NA,NA,NA
Tambov,2026,education,474,62,4
Tambov,2026,facility,40,0,2
Tambov,2026,government,NA,NA,NA
Tambov,2026,healthcare,NA,NA,NA
Tambov,2026,nonprofit,NA,NA,NA
Tambov,2026,other,NA,NA,NA
Tambov,2026,NA,NA,NA,NA
Tambov,2027,archive,NA,NA,NA
Tambov,2027,company,NA,NA,NA
Tambov,2027,education,NA,NA,NA
Tambov,2027,facility,NA,NA,NA
Tambov,2027,government,NA,NA,NA
Tambov,2027,healthcare,NA,NA,NA
Tambov,2027,nonprofit,NA,NA,NA
Tambov,2027,other,NA,NA,NA
Tambov,2027,NA,NA,NA,NA
Tambov,2029,archive,NA,NA,NA
Tambov,2029,company,NA,NA,NA
Tambov,2029,education,NA,NA,NA
Tambov,2029,facility,NA,NA,NA
Tambov,2029,government,NA,NA,NA
Tambov,2029,healthcare,NA,NA,NA
Tambov,2029,nonprofit,NA,NA,NA
Tambov,2029,other,NA,NA,NA
Tambov,2029,NA,NA,NA,NA
Tambov,NA,archive,NA,NA,NA
Tambov,NA,company,NA,NA,NA
Tambov,NA,education,NA,NA,NA
Tambov,NA,facility,NA,NA,NA
Tambov,NA,government,NA,NA,NA
Tambov,NA,healthcare,NA,NA,NA
Tambov,NA,nonprofit,NA,NA,NA
Tambov,NA,other,NA,NA,NA
Tambov,NA,NA,NA,NA,NA
Tatarstan,2010,archive,NA,NA,NA
Tatarstan,2010,company,12,12,1
Tatarstan,2010,education,844,9588,19
Tatarstan,2010,facility,492,6538,8
Tatarstan,2010,government,5,26,1
Tatarstan,2010,healthcare,18,40,4
Tatarstan,2010,nonprofit,NA,NA,NA
Tatarstan,2010,other,8,527,1
Tatarstan,2010,NA,NA,NA,NA
Tatarstan,2011,archive,NA,NA,NA
Tatarstan,2011,company,8,7,3
Tatarstan,2011,education,934,8233,20
Tatarstan,2011,facility,478,6004,9
Tatarstan,2011,government,10,65,1
Tatarstan,2011,healthcare,17,239,4
Tatarstan,2011,nonprofit,NA,NA,NA
Tatarstan,2011,other,18,83,1
Tatarstan,2011,NA,NA,NA,NA
Tatarstan,2012,archive,NA,NA,NA
Tatarstan,2012,company,11,63,3
Tatarstan,2012,education,1262,10583,20
Tatarstan,2012,facility,500,6094,8
Tatarstan,2012,government,15,46,2
Tatarstan,2012,healthcare,50,128,5
Tatarstan,2012,nonprofit,NA,NA,NA
Tatarstan,2012,other,30,873,1
Tatarstan,2012,NA,NA,NA,NA
Tatarstan,2013,archive,NA,NA,NA
Tatarstan,2013,company,7,24,2
Tatarstan,2013,education,1596,17574,19
Tatarstan,2013,facility,525,6074,9
Tatarstan,2013,government,9,15,2
Tatarstan,2013,healthcare,44,975,5
Tatarstan,2013,nonprofit,NA,NA,NA
Tatarstan,2013,other,54,533,1
Tatarstan,2013,NA,NA,NA,NA
Tatarstan,2014,archive,NA,NA,NA
Tatarstan,2014,company,23,14,3
Tatarstan,2014,education,2520,27885,21
Tatarstan,2014,facility,720,8158,9
Tatarstan,2014,government,17,31,1
Tatarstan,2014,healthcare,57,2744,5
Tatarstan,2014,nonprofit,NA,NA,NA
Tatarstan,2014,other,77,3157,1
Tatarstan,2014,NA,NA,NA,NA
Tatarstan,2015,archive,NA,NA,NA
Tatarstan,2015,company,47,118,1
Tatarstan,2015,education,3393,43771,21
Tatarstan,2015,facility,695,10020,9
Tatarstan,2015,government,19,143,1
Tatarstan,2015,healthcare,60,269,5
Tatarstan,2015,nonprofit,NA,NA,NA
Tatarstan,2015,other,87,1597,1
Tatarstan,2015,NA,NA,NA,NA
Tatarstan,2016,archive,NA,NA,NA
Tatarstan,2016,company,35,32,2
Tatarstan,2016,education,3657,67778,22
Tatarstan,2016,facility,856,16223,10
Tatarstan,2016,government,13,54,2
Tatarstan,2016,healthcare,76,676,5
Tatarstan,2016,nonprofit,NA,NA,NA
Tatarstan,2016,other,115,1531,1
Tatarstan,2016,NA,NA,NA,NA
Tatarstan,2017,archive,NA,NA,NA
Tatarstan,2017,company,63,187,3
Tatarstan,2017,education,4736,47281,18
Tatarstan,2017,facility,880,10175,10
Tatarstan,2017,government,18,43,1
Tatarstan,2017,healthcare,102,733,5
Tatarstan,2017,nonprofit,NA,NA,NA
Tatarstan,2017,other,143,495,1
Tatarstan,2017,NA,NA,NA,NA
Tatarstan,2018,archive,NA,NA,NA
Tatarstan,2018,company,58,220,2
Tatarstan,2018,education,5434,54749,24
Tatarstan,2018,facility,1237,14227,9
Tatarstan,2018,government,25,107,2
Tatarstan,2018,healthcare,78,644,5
Tatarstan,2018,nonprofit,NA,NA,NA
Tatarstan,2018,other,180,537,1
Tatarstan,2018,NA,NA,NA,NA
Tatarstan,2019,archive,NA,NA,NA
Tatarstan,2019,company,66,326,3
Tatarstan,2019,education,7311,58078,22
Tatarstan,2019,facility,1464,15190,9
Tatarstan,2019,government,29,131,2
Tatarstan,2019,healthcare,132,1114,5
Tatarstan,2019,nonprofit,NA,NA,NA
Tatarstan,2019,other,198,593,1
Tatarstan,2019,NA,NA,NA,NA
Tatarstan,2020,archive,NA,NA,NA
Tatarstan,2020,company,44,88,2
Tatarstan,2020,education,8118,59076,24
Tatarstan,2020,facility,1285,12237,10
Tatarstan,2020,government,32,157,1
Tatarstan,2020,healthcare,141,2816,5
Tatarstan,2020,nonprofit,NA,NA,NA
Tatarstan,2020,other,219,704,1
Tatarstan,2020,NA,NA,NA,NA
Tatarstan,2021,archive,NA,NA,NA
Tatarstan,2021,company,45,205,2
Tatarstan,2021,education,7586,50812,22
Tatarstan,2021,facility,1272,12366,8
Tatarstan,2021,government,50,206,2
Tatarstan,2021,healthcare,158,1988,5
Tatarstan,2021,nonprofit,NA,NA,NA
Tatarstan,2021,other,229,791,1
Tatarstan,2021,NA,NA,NA,NA
Tatarstan,2022,archive,NA,NA,NA
Tatarstan,2022,company,41,130,3
Tatarstan,2022,education,6919,33357,21
Tatarstan,2022,facility,1296,9959,10
Tatarstan,2022,government,34,77,2
Tatarstan,2022,healthcare,166,1758,5
Tatarstan,2022,nonprofit,NA,NA,NA
Tatarstan,2022,other,195,294,1
Tatarstan,2022,NA,NA,NA,NA
Tatarstan,2023,archive,NA,NA,NA
Tatarstan,2023,company,37,68,2
Tatarstan,2023,education,7014,26296,23
Tatarstan,2023,facility,1547,9633,10
Tatarstan,2023,government,41,134,1
Tatarstan,2023,healthcare,213,710,5
Tatarstan,2023,nonprofit,NA,NA,NA
Tatarstan,2023,other,187,618,1
Tatarstan,2023,NA,NA,NA,NA
Tatarstan,2024,archive,NA,NA,NA
Tatarstan,2024,company,33,74,1
Tatarstan,2024,education,7486,15548,21
Tatarstan,2024,facility,1336,5925,9
Tatarstan,2024,government,52,206,1
Tatarstan,2024,healthcare,181,906,5
Tatarstan,2024,nonprofit,NA,NA,NA
Tatarstan,2024,other,227,779,1
Tatarstan,2024,NA,NA,NA,NA
Tatarstan,2025,archive,NA,NA,NA
Tatarstan,2025,company,55,41,3
Tatarstan,2025,education,6856,7330,22
Tatarstan,2025,facility,1251,2474,7
Tatarstan,2025,government,41,56,1
Tatarstan,2025,healthcare,194,207,5
Tatarstan,2025,nonprofit,NA,NA,NA
Tatarstan,2025,other,200,485,1
Tatarstan,2025,NA,NA,NA,NA
Tatarstan,2026,archive,NA,NA,NA
Tatarstan,2026,company,49,3,2
Tatarstan,2026,education,5806,623,23
Tatarstan,2026,facility,896,345,7
Tatarstan,2026,government,29,2,1
Tatarstan,2026,healthcare,137,4,5
Tatarstan,2026,nonprofit,NA,NA,NA
Tatarstan,2026,other,241,33,1
Tatarstan,2026,NA,NA,NA,NA
Tatarstan,2027,archive,NA,NA,NA
Tatarstan,2027,company,NA,NA,NA
Tatarstan,2027,education,3,0,2
Tatarstan,2027,facility,3,0,2
Tatarstan,2027,government,NA,NA,NA
Tatarstan,2027,healthcare,NA,NA,NA
Tatarstan,2027,nonprofit,NA,NA,NA
Tatarstan,2027,other,NA,NA,NA
Tatarstan,2027,NA,NA,NA,NA
Tatarstan,2029,archive,NA,NA,NA
Tatarstan,2029,company,NA,NA,NA
Tatarstan,2029,education,NA,NA,NA
Tatarstan,2029,facility,NA,NA,NA
Tatarstan,2029,government,NA,NA,NA
Tatarstan,2029,healthcare,NA,NA,NA
Tatarstan,2029,nonprofit,NA,NA,NA
Tatarstan,2029,other,NA,NA,NA
Tatarstan,2029,NA,NA,NA,NA
Tatarstan,NA,archive,NA,NA,NA
Tatarstan,NA,company,NA,NA,NA
Tatarstan,NA,education,NA,NA,NA
Tatarstan,NA,facility,NA,NA,NA
Tatarstan,NA,government,NA,NA,NA
Tatarstan,NA,healthcare,NA,NA,NA
Tatarstan,NA,nonprofit,NA,NA,NA
Tatarstan,NA,other,NA,NA,NA
Tatarstan,NA,NA,NA,NA,NA
Tomsk,2010,archive,NA,NA,NA
Tomsk,2010,company,NA,NA,NA
Tomsk,2010,education,901,7374,7
Tomsk,2010,facility,593,9529,11
Tomsk,2010,government,NA,NA,NA
Tomsk,2010,healthcare,21,43,1
Tomsk,2010,nonprofit,NA,NA,NA
Tomsk,2010,other,NA,NA,NA
Tomsk,2010,NA,NA,NA,NA
Tomsk,2011,archive,NA,NA,NA
Tomsk,2011,company,NA,NA,NA
Tomsk,2011,education,1254,10594,9
Tomsk,2011,facility,578,7547,11
Tomsk,2011,government,NA,NA,NA
Tomsk,2011,healthcare,17,35,1
Tomsk,2011,nonprofit,NA,NA,NA
Tomsk,2011,other,NA,NA,NA
Tomsk,2011,NA,NA,NA,NA
Tomsk,2012,archive,NA,NA,NA
Tomsk,2012,company,NA,NA,NA
Tomsk,2012,education,1558,15361,9
Tomsk,2012,facility,675,8798,11
Tomsk,2012,government,NA,NA,NA
Tomsk,2012,healthcare,19,194,1
Tomsk,2012,nonprofit,NA,NA,NA
Tomsk,2012,other,NA,NA,NA
Tomsk,2012,NA,NA,NA,NA
Tomsk,2013,archive,NA,NA,NA
Tomsk,2013,company,NA,NA,NA
Tomsk,2013,education,1608,18256,8
Tomsk,2013,facility,680,11857,11
Tomsk,2013,government,NA,NA,NA
Tomsk,2013,healthcare,20,17,1
Tomsk,2013,nonprofit,NA,NA,NA
Tomsk,2013,other,NA,NA,NA
Tomsk,2013,NA,NA,NA,NA
Tomsk,2014,archive,NA,NA,NA
Tomsk,2014,company,NA,NA,NA
Tomsk,2014,education,3815,43497,9
Tomsk,2014,facility,1084,10939,11
Tomsk,2014,government,NA,NA,NA
Tomsk,2014,healthcare,23,346,2
Tomsk,2014,nonprofit,NA,NA,NA
Tomsk,2014,other,NA,NA,NA
Tomsk,2014,NA,NA,NA,NA
Tomsk,2015,archive,NA,NA,NA
Tomsk,2015,company,NA,NA,NA
Tomsk,2015,education,6443,65905,9
Tomsk,2015,facility,1553,11757,11
Tomsk,2015,government,NA,NA,NA
Tomsk,2015,healthcare,26,410,1
Tomsk,2015,nonprofit,NA,NA,NA
Tomsk,2015,other,NA,NA,NA
Tomsk,2015,NA,NA,NA,NA
Tomsk,2016,archive,NA,NA,NA
Tomsk,2016,company,NA,NA,NA
Tomsk,2016,education,7345,73209,9
Tomsk,2016,facility,1794,13050,11
Tomsk,2016,government,NA,NA,NA
Tomsk,2016,healthcare,95,2484,2
Tomsk,2016,nonprofit,NA,NA,NA
Tomsk,2016,other,NA,NA,NA
Tomsk,2016,NA,NA,NA,NA
Tomsk,2017,archive,NA,NA,NA
Tomsk,2017,company,NA,NA,NA
Tomsk,2017,education,6379,94647,9
Tomsk,2017,facility,1527,19461,11
Tomsk,2017,government,NA,NA,NA
Tomsk,2017,healthcare,438,3233,2
Tomsk,2017,nonprofit,NA,NA,NA
Tomsk,2017,other,NA,NA,NA
Tomsk,2017,NA,NA,NA,NA
Tomsk,2018,archive,NA,NA,NA
Tomsk,2018,company,NA,NA,NA
Tomsk,2018,education,6197,75264,9
Tomsk,2018,facility,1928,13184,11
Tomsk,2018,government,NA,NA,NA
Tomsk,2018,healthcare,488,3454,2
Tomsk,2018,nonprofit,NA,NA,NA
Tomsk,2018,other,NA,NA,NA
Tomsk,2018,NA,NA,NA,NA
Tomsk,2019,archive,NA,NA,NA
Tomsk,2019,company,NA,NA,NA
Tomsk,2019,education,6720,77041,9
Tomsk,2019,facility,1971,13055,12
Tomsk,2019,government,NA,NA,NA
Tomsk,2019,healthcare,603,4386,2
Tomsk,2019,nonprofit,NA,NA,NA
Tomsk,2019,other,NA,NA,NA
Tomsk,2019,NA,NA,NA,NA
Tomsk,2020,archive,NA,NA,NA
Tomsk,2020,company,NA,NA,NA
Tomsk,2020,education,7023,76563,9
Tomsk,2020,facility,2115,13267,10
Tomsk,2020,government,NA,NA,NA
Tomsk,2020,healthcare,730,5384,2
Tomsk,2020,nonprofit,NA,NA,NA
Tomsk,2020,other,NA,NA,NA
Tomsk,2020,NA,NA,NA,NA
Tomsk,2021,archive,NA,NA,NA
Tomsk,2021,company,NA,NA,NA
Tomsk,2021,education,6136,57238,9
Tomsk,2021,facility,1725,13015,11
Tomsk,2021,government,NA,NA,NA
Tomsk,2021,healthcare,771,4760,2
Tomsk,2021,nonprofit,NA,NA,NA
Tomsk,2021,other,NA,NA,NA
Tomsk,2021,NA,NA,NA,NA
Tomsk,2022,archive,NA,NA,NA
Tomsk,2022,company,NA,NA,NA
Tomsk,2022,education,5588,36743,9
Tomsk,2022,facility,1936,8645,12
Tomsk,2022,government,NA,NA,NA
Tomsk,2022,healthcare,660,3886,2
Tomsk,2022,nonprofit,NA,NA,NA
Tomsk,2022,other,NA,NA,NA
Tomsk,2022,NA,NA,NA,NA
Tomsk,2023,archive,NA,NA,NA
Tomsk,2023,company,NA,NA,NA
Tomsk,2023,education,5433,24241,9
Tomsk,2023,facility,1815,5498,11
Tomsk,2023,government,NA,NA,NA
Tomsk,2023,healthcare,763,3012,2
Tomsk,2023,nonprofit,NA,NA,NA
Tomsk,2023,other,NA,NA,NA
Tomsk,2023,NA,NA,NA,NA
Tomsk,2024,archive,NA,NA,NA
Tomsk,2024,company,NA,NA,NA
Tomsk,2024,education,5206,13487,9
Tomsk,2024,facility,1435,2781,12
Tomsk,2024,government,NA,NA,NA
Tomsk,2024,healthcare,681,1775,2
Tomsk,2024,nonprofit,NA,NA,NA
Tomsk,2024,other,NA,NA,NA
Tomsk,2024,NA,NA,NA,NA
Tomsk,2025,archive,NA,NA,NA
Tomsk,2025,company,NA,NA,NA
Tomsk,2025,education,4153,7530,9
Tomsk,2025,facility,1406,1092,12
Tomsk,2025,government,NA,NA,NA
Tomsk,2025,healthcare,639,3962,2
Tomsk,2025,nonprofit,NA,NA,NA
Tomsk,2025,other,NA,NA,NA
Tomsk,2025,NA,NA,NA,NA
Tomsk,2026,archive,NA,NA,NA
Tomsk,2026,company,NA,NA,NA
Tomsk,2026,education,2963,682,9
Tomsk,2026,facility,719,112,13
Tomsk,2026,government,NA,NA,NA
Tomsk,2026,healthcare,523,155,2
Tomsk,2026,nonprofit,NA,NA,NA
Tomsk,2026,other,NA,NA,NA
Tomsk,2026,NA,NA,NA,NA
Tomsk,2027,archive,NA,NA,NA
Tomsk,2027,company,NA,NA,NA
Tomsk,2027,education,NA,NA,NA
Tomsk,2027,facility,NA,NA,NA
Tomsk,2027,government,NA,NA,NA
Tomsk,2027,healthcare,NA,NA,NA
Tomsk,2027,nonprofit,NA,NA,NA
Tomsk,2027,other,NA,NA,NA
Tomsk,2027,NA,NA,NA,NA
Tomsk,2029,archive,NA,NA,NA
Tomsk,2029,company,NA,NA,NA
Tomsk,2029,education,NA,NA,NA
Tomsk,2029,facility,NA,NA,NA
Tomsk,2029,government,NA,NA,NA
Tomsk,2029,healthcare,NA,NA,NA
Tomsk,2029,nonprofit,NA,NA,NA
Tomsk,2029,other,NA,NA,NA
Tomsk,2029,NA,NA,NA,NA
Tomsk,NA,archive,NA,NA,NA
Tomsk,NA,company,NA,NA,NA
Tomsk,NA,education,NA,NA,NA
Tomsk,NA,facility,NA,NA,NA
Tomsk,NA,government,NA,NA,NA
Tomsk,NA,healthcare,NA,NA,NA
Tomsk,NA,nonprofit,NA,NA,NA
Tomsk,NA,other,NA,NA,NA
Tomsk,NA,NA,NA,NA,NA
Tula,2010,archive,NA,NA,NA
Tula,2010,company,NA,NA,NA
Tula,2010,education,50,179,4
Tula,2010,facility,NA,NA,NA
Tula,2010,government,NA,NA,NA
Tula,2010,healthcare,4,2,1
Tula,2010,nonprofit,NA,NA,NA
Tula,2010,other,NA,NA,NA
Tula,2010,NA,NA,NA,NA
Tula,2011,archive,NA,NA,NA
Tula,2011,company,NA,NA,NA
Tula,2011,education,73,494,3
Tula,2011,facility,NA,NA,NA
Tula,2011,government,NA,NA,NA
Tula,2011,healthcare,2,1,1
Tula,2011,nonprofit,NA,NA,NA
Tula,2011,other,NA,NA,NA
Tula,2011,NA,NA,NA,NA
Tula,2012,archive,NA,NA,NA
Tula,2012,company,NA,NA,NA
Tula,2012,education,66,351,3
Tula,2012,facility,NA,NA,NA
Tula,2012,government,NA,NA,NA
Tula,2012,healthcare,3,51,2
Tula,2012,nonprofit,NA,NA,NA
Tula,2012,other,NA,NA,NA
Tula,2012,NA,NA,NA,NA
Tula,2013,archive,NA,NA,NA
Tula,2013,company,NA,NA,NA
Tula,2013,education,74,660,3
Tula,2013,facility,NA,NA,NA
Tula,2013,government,NA,NA,NA
Tula,2013,healthcare,5,1,1
Tula,2013,nonprofit,NA,NA,NA
Tula,2013,other,NA,NA,NA
Tula,2013,NA,NA,NA,NA
Tula,2014,archive,NA,NA,NA
Tula,2014,company,NA,NA,NA
Tula,2014,education,84,632,3
Tula,2014,facility,NA,NA,NA
Tula,2014,government,NA,NA,NA
Tula,2014,healthcare,17,67,1
Tula,2014,nonprofit,NA,NA,NA
Tula,2014,other,NA,NA,NA
Tula,2014,NA,NA,NA,NA
Tula,2015,archive,NA,NA,NA
Tula,2015,company,NA,NA,NA
Tula,2015,education,168,1016,3
Tula,2015,facility,NA,NA,NA
Tula,2015,government,NA,NA,NA
Tula,2015,healthcare,22,42,2
Tula,2015,nonprofit,NA,NA,NA
Tula,2015,other,2,4,1
Tula,2015,NA,NA,NA,NA
Tula,2016,archive,NA,NA,NA
Tula,2016,company,NA,NA,NA
Tula,2016,education,215,904,3
Tula,2016,facility,NA,NA,NA
Tula,2016,government,NA,NA,NA
Tula,2016,healthcare,15,35,2
Tula,2016,nonprofit,NA,NA,NA
Tula,2016,other,NA,NA,NA
Tula,2016,NA,NA,NA,NA
Tula,2017,archive,NA,NA,NA
Tula,2017,company,NA,NA,NA
Tula,2017,education,325,1575,4
Tula,2017,facility,NA,NA,NA
Tula,2017,government,NA,NA,NA
Tula,2017,healthcare,17,30,2
Tula,2017,nonprofit,NA,NA,NA
Tula,2017,other,8,41,1
Tula,2017,NA,NA,NA,NA
Tula,2018,archive,NA,NA,NA
Tula,2018,company,NA,NA,NA
Tula,2018,education,394,1425,4
Tula,2018,facility,NA,NA,NA
Tula,2018,government,NA,NA,NA
Tula,2018,healthcare,32,64,2
Tula,2018,nonprofit,NA,NA,NA
Tula,2018,other,7,22,1
Tula,2018,NA,NA,NA,NA
Tula,2019,archive,NA,NA,NA
Tula,2019,company,NA,NA,NA
Tula,2019,education,890,1893,3
Tula,2019,facility,NA,NA,NA
Tula,2019,government,NA,NA,NA
Tula,2019,healthcare,38,116,2
Tula,2019,nonprofit,NA,NA,NA
Tula,2019,other,12,12,1
Tula,2019,NA,NA,NA,NA
Tula,2020,archive,NA,NA,NA
Tula,2020,company,NA,NA,NA
Tula,2020,education,827,1317,3
Tula,2020,facility,NA,NA,NA
Tula,2020,government,NA,NA,NA
Tula,2020,healthcare,21,123,2
Tula,2020,nonprofit,NA,NA,NA
Tula,2020,other,8,4,1
Tula,2020,NA,NA,NA,NA
Tula,2021,archive,NA,NA,NA
Tula,2021,company,NA,NA,NA
Tula,2021,education,724,1327,3
Tula,2021,facility,NA,NA,NA
Tula,2021,government,NA,NA,NA
Tula,2021,healthcare,31,137,2
Tula,2021,nonprofit,NA,NA,NA
Tula,2021,other,4,2,1
Tula,2021,NA,NA,NA,NA
Tula,2022,archive,NA,NA,NA
Tula,2022,company,NA,NA,NA
Tula,2022,education,657,1445,4
Tula,2022,facility,NA,NA,NA
Tula,2022,government,NA,NA,NA
Tula,2022,healthcare,21,25,2
Tula,2022,nonprofit,NA,NA,NA
Tula,2022,other,2,9,1
Tula,2022,NA,NA,NA,NA
Tula,2023,archive,NA,NA,NA
Tula,2023,company,NA,NA,NA
Tula,2023,education,530,1097,4
Tula,2023,facility,NA,NA,NA
Tula,2023,government,NA,NA,NA
Tula,2023,healthcare,26,38,2
Tula,2023,nonprofit,NA,NA,NA
Tula,2023,other,3,5,1
Tula,2023,NA,NA,NA,NA
Tula,2024,archive,NA,NA,NA
Tula,2024,company,NA,NA,NA
Tula,2024,education,674,821,4
Tula,2024,facility,NA,NA,NA
Tula,2024,government,NA,NA,NA
Tula,2024,healthcare,53,38,2
Tula,2024,nonprofit,NA,NA,NA
Tula,2024,other,NA,NA,NA
Tula,2024,NA,NA,NA,NA
Tula,2025,archive,NA,NA,NA
Tula,2025,company,NA,NA,NA
Tula,2025,education,535,353,4
Tula,2025,facility,NA,NA,NA
Tula,2025,government,NA,NA,NA
Tula,2025,healthcare,39,33,2
Tula,2025,nonprofit,NA,NA,NA
Tula,2025,other,2,0,1
Tula,2025,NA,NA,NA,NA
Tula,2026,archive,NA,NA,NA
Tula,2026,company,NA,NA,NA
Tula,2026,education,379,24,3
Tula,2026,facility,NA,NA,NA
Tula,2026,government,NA,NA,NA
Tula,2026,healthcare,30,4,2
Tula,2026,nonprofit,NA,NA,NA
Tula,2026,other,1,0,1
Tula,2026,NA,NA,NA,NA
Tula,2027,archive,NA,NA,NA
Tula,2027,company,NA,NA,NA
Tula,2027,education,NA,NA,NA
Tula,2027,facility,NA,NA,NA
Tula,2027,government,NA,NA,NA
Tula,2027,healthcare,NA,NA,NA
Tula,2027,nonprofit,NA,NA,NA
Tula,2027,other,NA,NA,NA
Tula,2027,NA,NA,NA,NA
Tula,2029,archive,NA,NA,NA
Tula,2029,company,NA,NA,NA
Tula,2029,education,NA,NA,NA
Tula,2029,facility,NA,NA,NA
Tula,2029,government,NA,NA,NA
Tula,2029,healthcare,NA,NA,NA
Tula,2029,nonprofit,NA,NA,NA
Tula,2029,other,NA,NA,NA
Tula,2029,NA,NA,NA,NA
Tula,NA,archive,NA,NA,NA
Tula,NA,company,NA,NA,NA
Tula,NA,education,NA,NA,NA
Tula,NA,facility,NA,NA,NA
Tula,NA,government,NA,NA,NA
Tula,NA,healthcare,NA,NA,NA
Tula,NA,nonprofit,NA,NA,NA
Tula,NA,other,NA,NA,NA
Tula,NA,NA,NA,NA,NA
Tuva,2010,archive,NA,NA,NA
Tuva,2010,company,NA,NA,NA
Tuva,2010,education,6,16,1
Tuva,2010,facility,NA,NA,NA
Tuva,2010,government,NA,NA,NA
Tuva,2010,healthcare,NA,NA,NA
Tuva,2010,nonprofit,NA,NA,NA
Tuva,2010,other,NA,NA,NA
Tuva,2010,NA,NA,NA,NA
Tuva,2011,archive,NA,NA,NA
Tuva,2011,company,NA,NA,NA
Tuva,2011,education,5,4,1
Tuva,2011,facility,NA,NA,NA
Tuva,2011,government,NA,NA,NA
Tuva,2011,healthcare,NA,NA,NA
Tuva,2011,nonprofit,NA,NA,NA
Tuva,2011,other,NA,NA,NA
Tuva,2011,NA,NA,NA,NA
Tuva,2012,archive,NA,NA,NA
Tuva,2012,company,NA,NA,NA
Tuva,2012,education,10,163,1
Tuva,2012,facility,NA,NA,NA
Tuva,2012,government,NA,NA,NA
Tuva,2012,healthcare,NA,NA,NA
Tuva,2012,nonprofit,NA,NA,NA
Tuva,2012,other,NA,NA,NA
Tuva,2012,NA,NA,NA,NA
Tuva,2013,archive,NA,NA,NA
Tuva,2013,company,NA,NA,NA
Tuva,2013,education,7,3,1
Tuva,2013,facility,NA,NA,NA
Tuva,2013,government,1,0,1
Tuva,2013,healthcare,NA,NA,NA
Tuva,2013,nonprofit,NA,NA,NA
Tuva,2013,other,NA,NA,NA
Tuva,2013,NA,NA,NA,NA
Tuva,2014,archive,NA,NA,NA
Tuva,2014,company,NA,NA,NA
Tuva,2014,education,9,29,1
Tuva,2014,facility,NA,NA,NA
Tuva,2014,government,NA,NA,NA
Tuva,2014,healthcare,NA,NA,NA
Tuva,2014,nonprofit,NA,NA,NA
Tuva,2014,other,NA,NA,NA
Tuva,2014,NA,NA,NA,NA
Tuva,2015,archive,NA,NA,NA
Tuva,2015,company,NA,NA,NA
Tuva,2015,education,17,84,1
Tuva,2015,facility,NA,NA,NA
Tuva,2015,government,24,7,1
Tuva,2015,healthcare,NA,NA,NA
Tuva,2015,nonprofit,NA,NA,NA
Tuva,2015,other,NA,NA,NA
Tuva,2015,NA,NA,NA,NA
Tuva,2016,archive,NA,NA,NA
Tuva,2016,company,NA,NA,NA
Tuva,2016,education,72,18,1
Tuva,2016,facility,NA,NA,NA
Tuva,2016,government,35,5,1
Tuva,2016,healthcare,NA,NA,NA
Tuva,2016,nonprofit,NA,NA,NA
Tuva,2016,other,NA,NA,NA
Tuva,2016,NA,NA,NA,NA
Tuva,2017,archive,NA,NA,NA
Tuva,2017,company,NA,NA,NA
Tuva,2017,education,40,104,1
Tuva,2017,facility,NA,NA,NA
Tuva,2017,government,9,10,1
Tuva,2017,healthcare,NA,NA,NA
Tuva,2017,nonprofit,NA,NA,NA
Tuva,2017,other,NA,NA,NA
Tuva,2017,NA,NA,NA,NA
Tuva,2018,archive,NA,NA,NA
Tuva,2018,company,NA,NA,NA
Tuva,2018,education,45,667,1
Tuva,2018,facility,NA,NA,NA
Tuva,2018,government,21,74,1
Tuva,2018,healthcare,NA,NA,NA
Tuva,2018,nonprofit,NA,NA,NA
Tuva,2018,other,NA,NA,NA
Tuva,2018,NA,NA,NA,NA
Tuva,2019,archive,NA,NA,NA
Tuva,2019,company,NA,NA,NA
Tuva,2019,education,61,142,1
Tuva,2019,facility,NA,NA,NA
Tuva,2019,government,19,28,1
Tuva,2019,healthcare,NA,NA,NA
Tuva,2019,nonprofit,NA,NA,NA
Tuva,2019,other,NA,NA,NA
Tuva,2019,NA,NA,NA,NA
Tuva,2020,archive,NA,NA,NA
Tuva,2020,company,NA,NA,NA
Tuva,2020,education,96,334,1
Tuva,2020,facility,NA,NA,NA
Tuva,2020,government,27,42,1
Tuva,2020,healthcare,NA,NA,NA
Tuva,2020,nonprofit,NA,NA,NA
Tuva,2020,other,NA,NA,NA
Tuva,2020,NA,NA,NA,NA
Tuva,2021,archive,NA,NA,NA
Tuva,2021,company,NA,NA,NA
Tuva,2021,education,113,438,1
Tuva,2021,facility,NA,NA,NA
Tuva,2021,government,20,78,1
Tuva,2021,healthcare,NA,NA,NA
Tuva,2021,nonprofit,NA,NA,NA
Tuva,2021,other,NA,NA,NA
Tuva,2021,NA,NA,NA,NA
Tuva,2022,archive,NA,NA,NA
Tuva,2022,company,NA,NA,NA
Tuva,2022,education,115,273,1
Tuva,2022,facility,NA,NA,NA
Tuva,2022,government,27,27,1
Tuva,2022,healthcare,NA,NA,NA
Tuva,2022,nonprofit,NA,NA,NA
Tuva,2022,other,NA,NA,NA
Tuva,2022,NA,NA,NA,NA
Tuva,2023,archive,NA,NA,NA
Tuva,2023,company,NA,NA,NA
Tuva,2023,education,74,118,1
Tuva,2023,facility,NA,NA,NA
Tuva,2023,government,12,22,1
Tuva,2023,healthcare,NA,NA,NA
Tuva,2023,nonprofit,NA,NA,NA
Tuva,2023,other,NA,NA,NA
Tuva,2023,NA,NA,NA,NA
Tuva,2024,archive,NA,NA,NA
Tuva,2024,company,NA,NA,NA
Tuva,2024,education,85,27,1
Tuva,2024,facility,NA,NA,NA
Tuva,2024,government,17,10,1
Tuva,2024,healthcare,NA,NA,NA
Tuva,2024,nonprofit,NA,NA,NA
Tuva,2024,other,NA,NA,NA
Tuva,2024,NA,NA,NA,NA
Tuva,2025,archive,NA,NA,NA
Tuva,2025,company,NA,NA,NA
Tuva,2025,education,87,21,1
Tuva,2025,facility,NA,NA,NA
Tuva,2025,government,19,1,1
Tuva,2025,healthcare,NA,NA,NA
Tuva,2025,nonprofit,NA,NA,NA
Tuva,2025,other,NA,NA,NA
Tuva,2025,NA,NA,NA,NA
Tuva,2026,archive,NA,NA,NA
Tuva,2026,company,NA,NA,NA
Tuva,2026,education,75,3,1
Tuva,2026,facility,NA,NA,NA
Tuva,2026,government,16,1,1
Tuva,2026,healthcare,NA,NA,NA
Tuva,2026,nonprofit,NA,NA,NA
Tuva,2026,other,NA,NA,NA
Tuva,2026,NA,NA,NA,NA
Tuva,2027,archive,NA,NA,NA
Tuva,2027,company,NA,NA,NA
Tuva,2027,education,NA,NA,NA
Tuva,2027,facility,NA,NA,NA
Tuva,2027,government,NA,NA,NA
Tuva,2027,healthcare,NA,NA,NA
Tuva,2027,nonprofit,NA,NA,NA
Tuva,2027,other,NA,NA,NA
Tuva,2027,NA,NA,NA,NA
Tuva,2029,archive,NA,NA,NA
Tuva,2029,company,NA,NA,NA
Tuva,2029,education,NA,NA,NA
Tuva,2029,facility,NA,NA,NA
Tuva,2029,government,NA,NA,NA
Tuva,2029,healthcare,NA,NA,NA
Tuva,2029,nonprofit,NA,NA,NA
Tuva,2029,other,NA,NA,NA
Tuva,2029,NA,NA,NA,NA
Tuva,NA,archive,NA,NA,NA
Tuva,NA,company,NA,NA,NA
Tuva,NA,education,NA,NA,NA
Tuva,NA,facility,NA,NA,NA
Tuva,NA,government,NA,NA,NA
Tuva,NA,healthcare,NA,NA,NA
Tuva,NA,nonprofit,NA,NA,NA
Tuva,NA,other,NA,NA,NA
Tuva,NA,NA,NA,NA,NA
Tver',2010,archive,1,68,1
Tver',2010,company,NA,NA,NA
Tver',2010,education,124,1165,3
Tver',2010,facility,5,4,2
Tver',2010,government,NA,NA,NA
Tver',2010,healthcare,28,71,1
Tver',2010,nonprofit,NA,NA,NA
Tver',2010,other,NA,NA,NA
Tver',2010,NA,NA,NA,NA
Tver',2011,archive,4,30,1
Tver',2011,company,NA,NA,NA
Tver',2011,education,169,876,3
Tver',2011,facility,26,58,2
Tver',2011,government,NA,NA,NA
Tver',2011,healthcare,40,150,1
Tver',2011,nonprofit,NA,NA,NA
Tver',2011,other,NA,NA,NA
Tver',2011,NA,NA,NA,NA
Tver',2012,archive,2,3,1
Tver',2012,company,NA,NA,NA
Tver',2012,education,143,672,5
Tver',2012,facility,3,12,1
Tver',2012,government,NA,NA,NA
Tver',2012,healthcare,39,73,1
Tver',2012,nonprofit,NA,NA,NA
Tver',2012,other,NA,NA,NA
Tver',2012,NA,NA,NA,NA
Tver',2013,archive,4,23,1
Tver',2013,company,NA,NA,NA
Tver',2013,education,173,978,3
Tver',2013,facility,7,12,2
Tver',2013,government,NA,NA,NA
Tver',2013,healthcare,29,120,1
Tver',2013,nonprofit,NA,NA,NA
Tver',2013,other,NA,NA,NA
Tver',2013,NA,NA,NA,NA
Tver',2014,archive,NA,NA,NA
Tver',2014,company,NA,NA,NA
Tver',2014,education,215,1563,3
Tver',2014,facility,9,38,4
Tver',2014,government,NA,NA,NA
Tver',2014,healthcare,37,63,1
Tver',2014,nonprofit,NA,NA,NA
Tver',2014,other,NA,NA,NA
Tver',2014,NA,NA,NA,NA
Tver',2015,archive,5,21,1
Tver',2015,company,1,0,1
Tver',2015,education,287,1184,3
Tver',2015,facility,13,15,4
Tver',2015,government,NA,NA,NA
Tver',2015,healthcare,65,130,1
Tver',2015,nonprofit,NA,NA,NA
Tver',2015,other,NA,NA,NA
Tver',2015,NA,NA,NA,NA
Tver',2016,archive,2,11,1
Tver',2016,company,NA,NA,NA
Tver',2016,education,308,1755,5
Tver',2016,facility,17,202,4
Tver',2016,government,NA,NA,NA
Tver',2016,healthcare,50,130,1
Tver',2016,nonprofit,NA,NA,NA
Tver',2016,other,NA,NA,NA
Tver',2016,NA,NA,NA,NA
Tver',2017,archive,8,19,1
Tver',2017,company,3,3,1
Tver',2017,education,394,1869,5
Tver',2017,facility,26,174,4
Tver',2017,government,NA,NA,NA
Tver',2017,healthcare,55,211,1
Tver',2017,nonprofit,NA,NA,NA
Tver',2017,other,NA,NA,NA
Tver',2017,NA,NA,NA,NA
Tver',2018,archive,11,57,1
Tver',2018,company,1,0,1
Tver',2018,education,410,2141,5
Tver',2018,facility,52,103,5
Tver',2018,government,NA,NA,NA
Tver',2018,healthcare,88,345,1
Tver',2018,nonprofit,NA,NA,NA
Tver',2018,other,NA,NA,NA
Tver',2018,NA,NA,NA,NA
Tver',2019,archive,26,11,1
Tver',2019,company,1,0,1
Tver',2019,education,456,1676,4
Tver',2019,facility,26,63,4
Tver',2019,government,NA,NA,NA
Tver',2019,healthcare,113,404,1
Tver',2019,nonprofit,NA,NA,NA
Tver',2019,other,NA,NA,NA
Tver',2019,NA,NA,NA,NA
Tver',2020,archive,17,193,1
Tver',2020,company,5,4,1
Tver',2020,education,588,2012,4
Tver',2020,facility,21,51,4
Tver',2020,government,NA,NA,NA
Tver',2020,healthcare,174,716,1
Tver',2020,nonprofit,NA,NA,NA
Tver',2020,other,NA,NA,NA
Tver',2020,NA,NA,NA,NA
Tver',2021,archive,5,109,1
Tver',2021,company,4,7,1
Tver',2021,education,786,1597,5
Tver',2021,facility,24,32,4
Tver',2021,government,NA,NA,NA
Tver',2021,healthcare,181,955,1
Tver',2021,nonprofit,NA,NA,NA
Tver',2021,other,NA,NA,NA
Tver',2021,NA,NA,NA,NA
Tver',2022,archive,14,19,1
Tver',2022,company,1,0,1
Tver',2022,education,554,1169,4
Tver',2022,facility,8,13,4
Tver',2022,government,NA,NA,NA
Tver',2022,healthcare,212,686,1
Tver',2022,nonprofit,NA,NA,NA
Tver',2022,other,NA,NA,NA
Tver',2022,NA,NA,NA,NA
Tver',2023,archive,18,15,1
Tver',2023,company,3,0,1
Tver',2023,education,472,870,4
Tver',2023,facility,6,7,4
Tver',2023,government,NA,NA,NA
Tver',2023,healthcare,159,825,1
Tver',2023,nonprofit,NA,NA,NA
Tver',2023,other,NA,NA,NA
Tver',2023,NA,NA,NA,NA
Tver',2024,archive,14,12,1
Tver',2024,company,3,0,1
Tver',2024,education,621,401,4
Tver',2024,facility,7,25,3
Tver',2024,government,NA,NA,NA
Tver',2024,healthcare,204,403,1
Tver',2024,nonprofit,NA,NA,NA
Tver',2024,other,NA,NA,NA
Tver',2024,NA,NA,NA,NA
Tver',2025,archive,11,13,1
Tver',2025,company,NA,NA,NA
Tver',2025,education,775,314,4
Tver',2025,facility,9,6,2
Tver',2025,government,NA,NA,NA
Tver',2025,healthcare,195,225,1
Tver',2025,nonprofit,NA,NA,NA
Tver',2025,other,NA,NA,NA
Tver',2025,NA,NA,NA,NA
Tver',2026,archive,2,0,1
Tver',2026,company,NA,NA,NA
Tver',2026,education,427,17,4
Tver',2026,facility,9,0,2
Tver',2026,government,NA,NA,NA
Tver',2026,healthcare,141,27,1
Tver',2026,nonprofit,NA,NA,NA
Tver',2026,other,NA,NA,NA
Tver',2026,NA,NA,NA,NA
Tver',2027,archive,NA,NA,NA
Tver',2027,company,NA,NA,NA
Tver',2027,education,NA,NA,NA
Tver',2027,facility,NA,NA,NA
Tver',2027,government,NA,NA,NA
Tver',2027,healthcare,NA,NA,NA
Tver',2027,nonprofit,NA,NA,NA
Tver',2027,other,NA,NA,NA
Tver',2027,NA,NA,NA,NA
Tver',2029,archive,NA,NA,NA
Tver',2029,company,NA,NA,NA
Tver',2029,education,NA,NA,NA
Tver',2029,facility,NA,NA,NA
Tver',2029,government,NA,NA,NA
Tver',2029,healthcare,NA,NA,NA
Tver',2029,nonprofit,NA,NA,NA
Tver',2029,other,NA,NA,NA
Tver',2029,NA,NA,NA,NA
Tver',NA,archive,NA,NA,NA
Tver',NA,company,NA,NA,NA
Tver',NA,education,NA,NA,NA
Tver',NA,facility,NA,NA,NA
Tver',NA,government,NA,NA,NA
Tver',NA,healthcare,NA,NA,NA
Tver',NA,nonprofit,NA,NA,NA
Tver',NA,other,NA,NA,NA
Tver',NA,NA,NA,NA,NA
Tyumen',2010,archive,NA,NA,NA
Tyumen',2010,company,3,0,1
Tyumen',2010,education,137,315,8
Tyumen',2010,facility,9,664,1
Tyumen',2010,government,2,0,1
Tyumen',2010,healthcare,7,145,2
Tyumen',2010,nonprofit,NA,NA,NA
Tyumen',2010,other,NA,NA,NA
Tyumen',2010,NA,NA,NA,NA
Tyumen',2011,archive,NA,NA,NA
Tyumen',2011,company,2,5,1
Tyumen',2011,education,166,885,9
Tyumen',2011,facility,12,675,1
Tyumen',2011,government,2,0,1
Tyumen',2011,healthcare,6,4,2
Tyumen',2011,nonprofit,NA,NA,NA
Tyumen',2011,other,NA,NA,NA
Tyumen',2011,NA,NA,NA,NA
Tyumen',2012,archive,NA,NA,NA
Tyumen',2012,company,3,3,1
Tyumen',2012,education,193,1388,10
Tyumen',2012,facility,17,687,1
Tyumen',2012,government,3,0,1
Tyumen',2012,healthcare,8,78,2
Tyumen',2012,nonprofit,NA,NA,NA
Tyumen',2012,other,2,0,1
Tyumen',2012,NA,NA,NA,NA
Tyumen',2013,archive,NA,NA,NA
Tyumen',2013,company,4,0,1
Tyumen',2013,education,217,930,10
Tyumen',2013,facility,24,785,2
Tyumen',2013,government,1,0,1
Tyumen',2013,healthcare,2,28,1
Tyumen',2013,nonprofit,NA,NA,NA
Tyumen',2013,other,NA,NA,NA
Tyumen',2013,NA,NA,NA,NA
Tyumen',2014,archive,NA,NA,NA
Tyumen',2014,company,7,2,1
Tyumen',2014,education,433,2132,12
Tyumen',2014,facility,31,724,2
Tyumen',2014,government,3,1,1
Tyumen',2014,healthcare,14,19,2
Tyumen',2014,nonprofit,NA,NA,NA
Tyumen',2014,other,NA,NA,NA
Tyumen',2014,NA,NA,NA,NA
Tyumen',2015,archive,NA,NA,NA
Tyumen',2015,company,8,13,1
Tyumen',2015,education,669,2526,12
Tyumen',2015,facility,38,1171,2
Tyumen',2015,government,3,0,1
Tyumen',2015,healthcare,14,428,2
Tyumen',2015,nonprofit,NA,NA,NA
Tyumen',2015,other,NA,NA,NA
Tyumen',2015,NA,NA,NA,NA
Tyumen',2016,archive,NA,NA,NA
Tyumen',2016,company,7,4,1
Tyumen',2016,education,1098,4902,12
Tyumen',2016,facility,38,2938,2
Tyumen',2016,government,1,9,1
Tyumen',2016,healthcare,20,42,2
Tyumen',2016,nonprofit,NA,NA,NA
Tyumen',2016,other,NA,NA,NA
Tyumen',2016,NA,NA,NA,NA
Tyumen',2017,archive,NA,NA,NA
Tyumen',2017,company,12,17,1
Tyumen',2017,education,1554,7918,12
Tyumen',2017,facility,57,858,2
Tyumen',2017,government,6,0,1
Tyumen',2017,healthcare,12,18,1
Tyumen',2017,nonprofit,NA,NA,NA
Tyumen',2017,other,NA,NA,NA
Tyumen',2017,NA,NA,NA,NA
Tyumen',2018,archive,NA,NA,NA
Tyumen',2018,company,9,4,1
Tyumen',2018,education,2119,10088,13
Tyumen',2018,facility,55,1403,2
Tyumen',2018,government,2,1,1
Tyumen',2018,healthcare,19,35,2
Tyumen',2018,nonprofit,NA,NA,NA
Tyumen',2018,other,11,76,1
Tyumen',2018,NA,NA,NA,NA
Tyumen',2019,archive,NA,NA,NA
Tyumen',2019,company,8,12,1
Tyumen',2019,education,2561,15860,11
Tyumen',2019,facility,103,5030,2
Tyumen',2019,government,10,2,1
Tyumen',2019,healthcare,14,59,2
Tyumen',2019,nonprofit,NA,NA,NA
Tyumen',2019,other,33,174,1
Tyumen',2019,NA,NA,NA,NA
Tyumen',2020,archive,NA,NA,NA
Tyumen',2020,company,4,9,1
Tyumen',2020,education,3053,9600,11
Tyumen',2020,facility,102,931,2
Tyumen',2020,government,12,10,1
Tyumen',2020,healthcare,15,48,2
Tyumen',2020,nonprofit,NA,NA,NA
Tyumen',2020,other,8,123,1
Tyumen',2020,NA,NA,NA,NA
Tyumen',2021,archive,NA,NA,NA
Tyumen',2021,company,7,5,1
Tyumen',2021,education,3558,13618,11
Tyumen',2021,facility,139,1227,2
Tyumen',2021,government,4,2,1
Tyumen',2021,healthcare,28,63,2
Tyumen',2021,nonprofit,NA,NA,NA
Tyumen',2021,other,5,106,1
Tyumen',2021,NA,NA,NA,NA
Tyumen',2022,archive,NA,NA,NA
Tyumen',2022,company,3,6,1
Tyumen',2022,education,3025,10223,11
Tyumen',2022,facility,116,1516,2
Tyumen',2022,government,6,7,1
Tyumen',2022,healthcare,37,16,2
Tyumen',2022,nonprofit,NA,NA,NA
Tyumen',2022,other,1,0,1
Tyumen',2022,NA,NA,NA,NA
Tyumen',2023,archive,NA,NA,NA
Tyumen',2023,company,4,20,1
Tyumen',2023,education,2932,5683,11
Tyumen',2023,facility,99,346,2
Tyumen',2023,government,7,4,1
Tyumen',2023,healthcare,24,31,2
Tyumen',2023,nonprofit,NA,NA,NA
Tyumen',2023,other,NA,NA,NA
Tyumen',2023,NA,NA,NA,NA
Tyumen',2024,archive,NA,NA,NA
Tyumen',2024,company,6,7,1
Tyumen',2024,education,3145,3969,13
Tyumen',2024,facility,100,372,2
Tyumen',2024,government,7,3,1
Tyumen',2024,healthcare,33,16,2
Tyumen',2024,nonprofit,NA,NA,NA
Tyumen',2024,other,2,2,1
Tyumen',2024,NA,NA,NA,NA
Tyumen',2025,archive,NA,NA,NA
Tyumen',2025,company,1,0,1
Tyumen',2025,education,2618,1471,13
Tyumen',2025,facility,77,61,2
Tyumen',2025,government,15,22,1
Tyumen',2025,healthcare,33,26,2
Tyumen',2025,nonprofit,NA,NA,NA
Tyumen',2025,other,NA,NA,NA
Tyumen',2025,NA,NA,NA,NA
Tyumen',2026,archive,NA,NA,NA
Tyumen',2026,company,3,0,1
Tyumen',2026,education,2374,132,12
Tyumen',2026,facility,46,10,2
Tyumen',2026,government,3,0,1
Tyumen',2026,healthcare,24,2,2
Tyumen',2026,nonprofit,NA,NA,NA
Tyumen',2026,other,1,0,1
Tyumen',2026,NA,NA,NA,NA
Tyumen',2027,archive,NA,NA,NA
Tyumen',2027,company,NA,NA,NA
Tyumen',2027,education,NA,NA,NA
Tyumen',2027,facility,NA,NA,NA
Tyumen',2027,government,NA,NA,NA
Tyumen',2027,healthcare,NA,NA,NA
Tyumen',2027,nonprofit,NA,NA,NA
Tyumen',2027,other,NA,NA,NA
Tyumen',2027,NA,NA,NA,NA
Tyumen',2029,archive,NA,NA,NA
Tyumen',2029,company,NA,NA,NA
Tyumen',2029,education,NA,NA,NA
Tyumen',2029,facility,NA,NA,NA
Tyumen',2029,government,NA,NA,NA
Tyumen',2029,healthcare,NA,NA,NA
Tyumen',2029,nonprofit,NA,NA,NA
Tyumen',2029,other,NA,NA,NA
Tyumen',2029,NA,NA,NA,NA
Tyumen',NA,archive,NA,NA,NA
Tyumen',NA,company,NA,NA,NA
Tyumen',NA,education,NA,NA,NA
Tyumen',NA,facility,NA,NA,NA
Tyumen',NA,government,NA,NA,NA
Tyumen',NA,healthcare,NA,NA,NA
Tyumen',NA,nonprofit,NA,NA,NA
Tyumen',NA,other,NA,NA,NA
Tyumen',NA,NA,NA,NA,NA
Udmurt,2010,archive,NA,NA,NA
Udmurt,2010,company,NA,NA,NA
Udmurt,2010,education,77,485,4
Udmurt,2010,facility,56,368,3
Udmurt,2010,government,NA,NA,NA
Udmurt,2010,healthcare,20,161,1
Udmurt,2010,nonprofit,NA,NA,NA
Udmurt,2010,other,NA,NA,NA
Udmurt,2010,NA,NA,NA,NA
Udmurt,2011,archive,NA,NA,NA
Udmurt,2011,company,1,2,1
Udmurt,2011,education,276,725,4
Udmurt,2011,facility,43,158,3
Udmurt,2011,government,NA,NA,NA
Udmurt,2011,healthcare,22,56,2
Udmurt,2011,nonprofit,NA,NA,NA
Udmurt,2011,other,NA,NA,NA
Udmurt,2011,NA,NA,NA,NA
Udmurt,2012,archive,NA,NA,NA
Udmurt,2012,company,4,4,2
Udmurt,2012,education,308,716,5
Udmurt,2012,facility,56,493,2
Udmurt,2012,government,NA,NA,NA
Udmurt,2012,healthcare,21,129,2
Udmurt,2012,nonprofit,NA,NA,NA
Udmurt,2012,other,NA,NA,NA
Udmurt,2012,NA,NA,NA,NA
Udmurt,2013,archive,NA,NA,NA
Udmurt,2013,company,1,1,1
Udmurt,2013,education,395,1119,5
Udmurt,2013,facility,63,342,3
Udmurt,2013,government,NA,NA,NA
Udmurt,2013,healthcare,39,107,2
Udmurt,2013,nonprofit,NA,NA,NA
Udmurt,2013,other,NA,NA,NA
Udmurt,2013,NA,NA,NA,NA
Udmurt,2014,archive,NA,NA,NA
Udmurt,2014,company,1,10,1
Udmurt,2014,education,451,1088,5
Udmurt,2014,facility,70,438,3
Udmurt,2014,government,NA,NA,NA
Udmurt,2014,healthcare,34,1805,2
Udmurt,2014,nonprofit,NA,NA,NA
Udmurt,2014,other,NA,NA,NA
Udmurt,2014,NA,NA,NA,NA
Udmurt,2015,archive,NA,NA,NA
Udmurt,2015,company,1,0,1
Udmurt,2015,education,537,1734,6
Udmurt,2015,facility,79,442,3
Udmurt,2015,government,NA,NA,NA
Udmurt,2015,healthcare,80,1155,2
Udmurt,2015,nonprofit,NA,NA,NA
Udmurt,2015,other,NA,NA,NA
Udmurt,2015,NA,NA,NA,NA
Udmurt,2016,archive,NA,NA,NA
Udmurt,2016,company,4,85,1
Udmurt,2016,education,406,2221,6
Udmurt,2016,facility,79,468,3
Udmurt,2016,government,NA,NA,NA
Udmurt,2016,healthcare,82,479,2
Udmurt,2016,nonprofit,NA,NA,NA
Udmurt,2016,other,NA,NA,NA
Udmurt,2016,NA,NA,NA,NA
Udmurt,2017,archive,NA,NA,NA
Udmurt,2017,company,2,0,1
Udmurt,2017,education,593,1767,5
Udmurt,2017,facility,119,520,3
Udmurt,2017,government,NA,NA,NA
Udmurt,2017,healthcare,105,941,2
Udmurt,2017,nonprofit,NA,NA,NA
Udmurt,2017,other,NA,NA,NA
Udmurt,2017,NA,NA,NA,NA
Udmurt,2018,archive,NA,NA,NA
Udmurt,2018,company,4,1,1
Udmurt,2018,education,627,1378,4
Udmurt,2018,facility,183,691,3
Udmurt,2018,government,NA,NA,NA
Udmurt,2018,healthcare,82,222,2
Udmurt,2018,nonprofit,NA,NA,NA
Udmurt,2018,other,NA,NA,NA
Udmurt,2018,NA,NA,NA,NA
Udmurt,2019,archive,NA,NA,NA
Udmurt,2019,company,1,7,1
Udmurt,2019,education,695,1956,4
Udmurt,2019,facility,219,1492,3
Udmurt,2019,government,NA,NA,NA
Udmurt,2019,healthcare,94,255,2
Udmurt,2019,nonprofit,NA,NA,NA
Udmurt,2019,other,NA,NA,NA
Udmurt,2019,NA,NA,NA,NA
Udmurt,2020,archive,NA,NA,NA
Udmurt,2020,company,4,7,2
Udmurt,2020,education,979,2442,4
Udmurt,2020,facility,295,1115,3
Udmurt,2020,government,NA,NA,NA
Udmurt,2020,healthcare,164,415,2
Udmurt,2020,nonprofit,NA,NA,NA
Udmurt,2020,other,NA,NA,NA
Udmurt,2020,NA,NA,NA,NA
Udmurt,2021,archive,NA,NA,NA
Udmurt,2021,company,3,4,1
Udmurt,2021,education,1008,1871,4
Udmurt,2021,facility,277,994,3
Udmurt,2021,government,NA,NA,NA
Udmurt,2021,healthcare,139,266,2
Udmurt,2021,nonprofit,NA,NA,NA
Udmurt,2021,other,NA,NA,NA
Udmurt,2021,NA,NA,NA,NA
Udmurt,2022,archive,NA,NA,NA
Udmurt,2022,company,3,11,2
Udmurt,2022,education,858,1242,4
Udmurt,2022,facility,313,742,3
Udmurt,2022,government,NA,NA,NA
Udmurt,2022,healthcare,141,349,2
Udmurt,2022,nonprofit,NA,NA,NA
Udmurt,2022,other,NA,NA,NA
Udmurt,2022,NA,NA,NA,NA
Udmurt,2023,archive,NA,NA,NA
Udmurt,2023,company,5,5,2
Udmurt,2023,education,610,788,4
Udmurt,2023,facility,329,440,3
Udmurt,2023,government,NA,NA,NA
Udmurt,2023,healthcare,163,231,2
Udmurt,2023,nonprofit,NA,NA,NA
Udmurt,2023,other,NA,NA,NA
Udmurt,2023,NA,NA,NA,NA
Udmurt,2024,archive,NA,NA,NA
Udmurt,2024,company,3,0,1
Udmurt,2024,education,569,336,4
Udmurt,2024,facility,235,222,2
Udmurt,2024,government,NA,NA,NA
Udmurt,2024,healthcare,172,111,2
Udmurt,2024,nonprofit,NA,NA,NA
Udmurt,2024,other,NA,NA,NA
Udmurt,2024,NA,NA,NA,NA
Udmurt,2025,archive,NA,NA,NA
Udmurt,2025,company,5,2,2
Udmurt,2025,education,664,165,5
Udmurt,2025,facility,232,115,3
Udmurt,2025,government,NA,NA,NA
Udmurt,2025,healthcare,178,85,2
Udmurt,2025,nonprofit,NA,NA,NA
Udmurt,2025,other,NA,NA,NA
Udmurt,2025,NA,NA,NA,NA
Udmurt,2026,archive,NA,NA,NA
Udmurt,2026,company,NA,NA,NA
Udmurt,2026,education,377,14,4
Udmurt,2026,facility,105,5,3
Udmurt,2026,government,NA,NA,NA
Udmurt,2026,healthcare,127,4,2
Udmurt,2026,nonprofit,NA,NA,NA
Udmurt,2026,other,NA,NA,NA
Udmurt,2026,NA,NA,NA,NA
Udmurt,2027,archive,NA,NA,NA
Udmurt,2027,company,NA,NA,NA
Udmurt,2027,education,NA,NA,NA
Udmurt,2027,facility,NA,NA,NA
Udmurt,2027,government,NA,NA,NA
Udmurt,2027,healthcare,NA,NA,NA
Udmurt,2027,nonprofit,NA,NA,NA
Udmurt,2027,other,NA,NA,NA
Udmurt,2027,NA,NA,NA,NA
Udmurt,2029,archive,NA,NA,NA
Udmurt,2029,company,NA,NA,NA
Udmurt,2029,education,NA,NA,NA
Udmurt,2029,facility,NA,NA,NA
Udmurt,2029,government,NA,NA,NA
Udmurt,2029,healthcare,NA,NA,NA
Udmurt,2029,nonprofit,NA,NA,NA
Udmurt,2029,other,NA,NA,NA
Udmurt,2029,NA,NA,NA,NA
Udmurt,NA,archive,NA,NA,NA
Udmurt,NA,company,NA,NA,NA
Udmurt,NA,education,NA,NA,NA
Udmurt,NA,facility,NA,NA,NA
Udmurt,NA,government,NA,NA,NA
Udmurt,NA,healthcare,NA,NA,NA
Udmurt,NA,nonprofit,NA,NA,NA
Udmurt,NA,other,NA,NA,NA
Udmurt,NA,NA,NA,NA,NA
Ul'yanovsk,2010,archive,NA,NA,NA
Ul'yanovsk,2010,company,NA,NA,NA
Ul'yanovsk,2010,education,141,864,5
Ul'yanovsk,2010,facility,30,1166,1
Ul'yanovsk,2010,government,NA,NA,NA
Ul'yanovsk,2010,healthcare,7,684,2
Ul'yanovsk,2010,nonprofit,NA,NA,NA
Ul'yanovsk,2010,other,NA,NA,NA
Ul'yanovsk,2010,NA,NA,NA,NA
Ul'yanovsk,2011,archive,NA,NA,NA
Ul'yanovsk,2011,company,NA,NA,NA
Ul'yanovsk,2011,education,186,1064,4
Ul'yanovsk,2011,facility,30,304,1
Ul'yanovsk,2011,government,NA,NA,NA
Ul'yanovsk,2011,healthcare,1,92,1
Ul'yanovsk,2011,nonprofit,NA,NA,NA
Ul'yanovsk,2011,other,NA,NA,NA
Ul'yanovsk,2011,NA,NA,NA,NA
Ul'yanovsk,2012,archive,NA,NA,NA
Ul'yanovsk,2012,company,NA,NA,NA
Ul'yanovsk,2012,education,176,942,4
Ul'yanovsk,2012,facility,28,551,1
Ul'yanovsk,2012,government,NA,NA,NA
Ul'yanovsk,2012,healthcare,3,2,2
Ul'yanovsk,2012,nonprofit,NA,NA,NA
Ul'yanovsk,2012,other,NA,NA,NA
Ul'yanovsk,2012,NA,NA,NA,NA
Ul'yanovsk,2013,archive,NA,NA,NA
Ul'yanovsk,2013,company,NA,NA,NA
Ul'yanovsk,2013,education,214,2234,5
Ul'yanovsk,2013,facility,43,632,1
Ul'yanovsk,2013,government,NA,NA,NA
Ul'yanovsk,2013,healthcare,4,6,1
Ul'yanovsk,2013,nonprofit,NA,NA,NA
Ul'yanovsk,2013,other,NA,NA,NA
Ul'yanovsk,2013,NA,NA,NA,NA
Ul'yanovsk,2014,archive,NA,NA,NA
Ul'yanovsk,2014,company,NA,NA,NA
Ul'yanovsk,2014,education,212,933,5
Ul'yanovsk,2014,facility,25,270,1
Ul'yanovsk,2014,government,NA,NA,NA
Ul'yanovsk,2014,healthcare,11,12,2
Ul'yanovsk,2014,nonprofit,NA,NA,NA
Ul'yanovsk,2014,other,NA,NA,NA
Ul'yanovsk,2014,NA,NA,NA,NA
Ul'yanovsk,2015,archive,NA,NA,NA
Ul'yanovsk,2015,company,NA,NA,NA
Ul'yanovsk,2015,education,264,2005,5
Ul'yanovsk,2015,facility,37,275,1
Ul'yanovsk,2015,government,NA,NA,NA
Ul'yanovsk,2015,healthcare,9,22,2
Ul'yanovsk,2015,nonprofit,NA,NA,NA
Ul'yanovsk,2015,other,NA,NA,NA
Ul'yanovsk,2015,NA,NA,NA,NA
Ul'yanovsk,2016,archive,NA,NA,NA
Ul'yanovsk,2016,company,NA,NA,NA
Ul'yanovsk,2016,education,367,1557,5
Ul'yanovsk,2016,facility,21,182,1
Ul'yanovsk,2016,government,NA,NA,NA
Ul'yanovsk,2016,healthcare,15,93,2
Ul'yanovsk,2016,nonprofit,NA,NA,NA
Ul'yanovsk,2016,other,NA,NA,NA
Ul'yanovsk,2016,NA,NA,NA,NA
Ul'yanovsk,2017,archive,NA,NA,NA
Ul'yanovsk,2017,company,NA,NA,NA
Ul'yanovsk,2017,education,474,2032,5
Ul'yanovsk,2017,facility,31,98,1
Ul'yanovsk,2017,government,NA,NA,NA
Ul'yanovsk,2017,healthcare,22,82,2
Ul'yanovsk,2017,nonprofit,NA,NA,NA
Ul'yanovsk,2017,other,NA,NA,NA
Ul'yanovsk,2017,NA,NA,NA,NA
Ul'yanovsk,2018,archive,NA,NA,NA
Ul'yanovsk,2018,company,NA,NA,NA
Ul'yanovsk,2018,education,625,1803,5
Ul'yanovsk,2018,facility,32,132,1
Ul'yanovsk,2018,government,NA,NA,NA
Ul'yanovsk,2018,healthcare,32,58,2
Ul'yanovsk,2018,nonprofit,NA,NA,NA
Ul'yanovsk,2018,other,NA,NA,NA
Ul'yanovsk,2018,NA,NA,NA,NA
Ul'yanovsk,2019,archive,NA,NA,NA
Ul'yanovsk,2019,company,NA,NA,NA
Ul'yanovsk,2019,education,638,2739,5
Ul'yanovsk,2019,facility,42,148,1
Ul'yanovsk,2019,government,NA,NA,NA
Ul'yanovsk,2019,healthcare,41,152,2
Ul'yanovsk,2019,nonprofit,NA,NA,NA
Ul'yanovsk,2019,other,NA,NA,NA
Ul'yanovsk,2019,NA,NA,NA,NA
Ul'yanovsk,2020,archive,NA,NA,NA
Ul'yanovsk,2020,company,NA,NA,NA
Ul'yanovsk,2020,education,742,2029,5
Ul'yanovsk,2020,facility,20,59,1
Ul'yanovsk,2020,government,NA,NA,NA
Ul'yanovsk,2020,healthcare,28,49,2
Ul'yanovsk,2020,nonprofit,NA,NA,NA
Ul'yanovsk,2020,other,NA,NA,NA
Ul'yanovsk,2020,NA,NA,NA,NA
Ul'yanovsk,2021,archive,NA,NA,NA
Ul'yanovsk,2021,company,NA,NA,NA
Ul'yanovsk,2021,education,941,1813,5
Ul'yanovsk,2021,facility,34,207,1
Ul'yanovsk,2021,government,NA,NA,NA
Ul'yanovsk,2021,healthcare,40,120,2
Ul'yanovsk,2021,nonprofit,NA,NA,NA
Ul'yanovsk,2021,other,NA,NA,NA
Ul'yanovsk,2021,NA,NA,NA,NA
Ul'yanovsk,2022,archive,NA,NA,NA
Ul'yanovsk,2022,company,NA,NA,NA
Ul'yanovsk,2022,education,761,1625,5
Ul'yanovsk,2022,facility,30,324,1
Ul'yanovsk,2022,government,NA,NA,NA
Ul'yanovsk,2022,healthcare,30,69,2
Ul'yanovsk,2022,nonprofit,NA,NA,NA
Ul'yanovsk,2022,other,NA,NA,NA
Ul'yanovsk,2022,NA,NA,NA,NA
Ul'yanovsk,2023,archive,NA,NA,NA
Ul'yanovsk,2023,company,NA,NA,NA
Ul'yanovsk,2023,education,589,927,5
Ul'yanovsk,2023,facility,18,28,1
Ul'yanovsk,2023,government,NA,NA,NA
Ul'yanovsk,2023,healthcare,34,205,2
Ul'yanovsk,2023,nonprofit,NA,NA,NA
Ul'yanovsk,2023,other,NA,NA,NA
Ul'yanovsk,2023,NA,NA,NA,NA
Ul'yanovsk,2024,archive,NA,NA,NA
Ul'yanovsk,2024,company,NA,NA,NA
Ul'yanovsk,2024,education,580,692,5
Ul'yanovsk,2024,facility,21,11,1
Ul'yanovsk,2024,government,NA,NA,NA
Ul'yanovsk,2024,healthcare,39,103,2
Ul'yanovsk,2024,nonprofit,NA,NA,NA
Ul'yanovsk,2024,other,NA,NA,NA
Ul'yanovsk,2024,NA,NA,NA,NA
Ul'yanovsk,2025,archive,NA,NA,NA
Ul'yanovsk,2025,company,NA,NA,NA
Ul'yanovsk,2025,education,517,225,5
Ul'yanovsk,2025,facility,22,0,1
Ul'yanovsk,2025,government,NA,NA,NA
Ul'yanovsk,2025,healthcare,39,47,2
Ul'yanovsk,2025,nonprofit,NA,NA,NA
Ul'yanovsk,2025,other,NA,NA,NA
Ul'yanovsk,2025,NA,NA,NA,NA
Ul'yanovsk,2026,archive,NA,NA,NA
Ul'yanovsk,2026,company,NA,NA,NA
Ul'yanovsk,2026,education,399,14,5
Ul'yanovsk,2026,facility,10,0,1
Ul'yanovsk,2026,government,NA,NA,NA
Ul'yanovsk,2026,healthcare,38,4,2
Ul'yanovsk,2026,nonprofit,NA,NA,NA
Ul'yanovsk,2026,other,NA,NA,NA
Ul'yanovsk,2026,NA,NA,NA,NA
Ul'yanovsk,2027,archive,NA,NA,NA
Ul'yanovsk,2027,company,NA,NA,NA
Ul'yanovsk,2027,education,NA,NA,NA
Ul'yanovsk,2027,facility,NA,NA,NA
Ul'yanovsk,2027,government,NA,NA,NA
Ul'yanovsk,2027,healthcare,NA,NA,NA
Ul'yanovsk,2027,nonprofit,NA,NA,NA
Ul'yanovsk,2027,other,NA,NA,NA
Ul'yanovsk,2027,NA,NA,NA,NA
Ul'yanovsk,2029,archive,NA,NA,NA
Ul'yanovsk,2029,company,NA,NA,NA
Ul'yanovsk,2029,education,NA,NA,NA
Ul'yanovsk,2029,facility,NA,NA,NA
Ul'yanovsk,2029,government,NA,NA,NA
Ul'yanovsk,2029,healthcare,NA,NA,NA
Ul'yanovsk,2029,nonprofit,NA,NA,NA
Ul'yanovsk,2029,other,NA,NA,NA
Ul'yanovsk,2029,NA,NA,NA,NA
Ul'yanovsk,NA,archive,NA,NA,NA
Ul'yanovsk,NA,company,NA,NA,NA
Ul'yanovsk,NA,education,NA,NA,NA
Ul'yanovsk,NA,facility,NA,NA,NA
Ul'yanovsk,NA,government,NA,NA,NA
Ul'yanovsk,NA,healthcare,NA,NA,NA
Ul'yanovsk,NA,nonprofit,NA,NA,NA
Ul'yanovsk,NA,other,NA,NA,NA
Ul'yanovsk,NA,NA,NA,NA,NA
Vladimir,2010,archive,NA,NA,NA
Vladimir,2010,company,NA,NA,NA
Vladimir,2010,education,88,673,4
Vladimir,2010,facility,11,182,2
Vladimir,2010,government,NA,NA,NA
Vladimir,2010,healthcare,NA,NA,NA
Vladimir,2010,nonprofit,NA,NA,NA
Vladimir,2010,other,NA,NA,NA
Vladimir,2010,NA,NA,NA,NA
Vladimir,2011,archive,NA,NA,NA
Vladimir,2011,company,3,25,1
Vladimir,2011,education,107,1168,3
Vladimir,2011,facility,19,413,2
Vladimir,2011,government,NA,NA,NA
Vladimir,2011,healthcare,NA,NA,NA
Vladimir,2011,nonprofit,NA,NA,NA
Vladimir,2011,other,NA,NA,NA
Vladimir,2011,NA,NA,NA,NA
Vladimir,2012,archive,NA,NA,NA
Vladimir,2012,company,NA,NA,NA
Vladimir,2012,education,123,609,4
Vladimir,2012,facility,19,826,2
Vladimir,2012,government,NA,NA,NA
Vladimir,2012,healthcare,NA,NA,NA
Vladimir,2012,nonprofit,NA,NA,NA
Vladimir,2012,other,NA,NA,NA
Vladimir,2012,NA,NA,NA,NA
Vladimir,2013,archive,NA,NA,NA
Vladimir,2013,company,5,207,1
Vladimir,2013,education,122,771,4
Vladimir,2013,facility,20,262,2
Vladimir,2013,government,NA,NA,NA
Vladimir,2013,healthcare,NA,NA,NA
Vladimir,2013,nonprofit,NA,NA,NA
Vladimir,2013,other,NA,NA,NA
Vladimir,2013,NA,NA,NA,NA
Vladimir,2014,archive,NA,NA,NA
Vladimir,2014,company,5,153,1
Vladimir,2014,education,157,613,5
Vladimir,2014,facility,18,449,2
Vladimir,2014,government,NA,NA,NA
Vladimir,2014,healthcare,1,0,1
Vladimir,2014,nonprofit,NA,NA,NA
Vladimir,2014,other,NA,NA,NA
Vladimir,2014,NA,NA,NA,NA
Vladimir,2015,archive,NA,NA,NA
Vladimir,2015,company,10,42,1
Vladimir,2015,education,255,987,5
Vladimir,2015,facility,33,808,3
Vladimir,2015,government,NA,NA,NA
Vladimir,2015,healthcare,NA,NA,NA
Vladimir,2015,nonprofit,NA,NA,NA
Vladimir,2015,other,NA,NA,NA
Vladimir,2015,NA,NA,NA,NA
Vladimir,2016,archive,NA,NA,NA
Vladimir,2016,company,13,148,1
Vladimir,2016,education,225,1177,3
Vladimir,2016,facility,39,615,3
Vladimir,2016,government,NA,NA,NA
Vladimir,2016,healthcare,3,4,1
Vladimir,2016,nonprofit,NA,NA,NA
Vladimir,2016,other,NA,NA,NA
Vladimir,2016,NA,NA,NA,NA
Vladimir,2017,archive,3,14,1
Vladimir,2017,company,11,19,1
Vladimir,2017,education,302,1014,4
Vladimir,2017,facility,32,443,3
Vladimir,2017,government,NA,NA,NA
Vladimir,2017,healthcare,2,1,1
Vladimir,2017,nonprofit,NA,NA,NA
Vladimir,2017,other,NA,NA,NA
Vladimir,2017,NA,NA,NA,NA
Vladimir,2018,archive,5,38,1
Vladimir,2018,company,10,201,1
Vladimir,2018,education,409,1414,4
Vladimir,2018,facility,159,734,3
Vladimir,2018,government,NA,NA,NA
Vladimir,2018,healthcare,2,4,1
Vladimir,2018,nonprofit,NA,NA,NA
Vladimir,2018,other,NA,NA,NA
Vladimir,2018,NA,NA,NA,NA
Vladimir,2019,archive,8,13,1
Vladimir,2019,company,12,106,1
Vladimir,2019,education,656,1678,5
Vladimir,2019,facility,71,1224,3
Vladimir,2019,government,NA,NA,NA
Vladimir,2019,healthcare,1,10,1
Vladimir,2019,nonprofit,NA,NA,NA
Vladimir,2019,other,NA,NA,NA
Vladimir,2019,NA,NA,NA,NA
Vladimir,2020,archive,9,120,1
Vladimir,2020,company,17,95,1
Vladimir,2020,education,756,2314,4
Vladimir,2020,facility,66,657,3
Vladimir,2020,government,NA,NA,NA
Vladimir,2020,healthcare,2,0,1
Vladimir,2020,nonprofit,NA,NA,NA
Vladimir,2020,other,NA,NA,NA
Vladimir,2020,NA,NA,NA,NA
Vladimir,2021,archive,3,106,1
Vladimir,2021,company,19,100,1
Vladimir,2021,education,887,1647,3
Vladimir,2021,facility,71,797,3
Vladimir,2021,government,NA,NA,NA
Vladimir,2021,healthcare,10,18,1
Vladimir,2021,nonprofit,NA,NA,NA
Vladimir,2021,other,NA,NA,NA
Vladimir,2021,NA,NA,NA,NA
Vladimir,2022,archive,2,5,1
Vladimir,2022,company,16,54,1
Vladimir,2022,education,714,894,5
Vladimir,2022,facility,100,640,3
Vladimir,2022,government,NA,NA,NA
Vladimir,2022,healthcare,5,14,1
Vladimir,2022,nonprofit,NA,NA,NA
Vladimir,2022,other,NA,NA,NA
Vladimir,2022,NA,NA,NA,NA
Vladimir,2023,archive,3,0,1
Vladimir,2023,company,15,32,1
Vladimir,2023,education,639,742,4
Vladimir,2023,facility,66,357,3
Vladimir,2023,government,NA,NA,NA
Vladimir,2023,healthcare,10,17,1
Vladimir,2023,nonprofit,NA,NA,NA
Vladimir,2023,other,NA,NA,NA
Vladimir,2023,NA,NA,NA,NA
Vladimir,2024,archive,3,0,1
Vladimir,2024,company,17,30,1
Vladimir,2024,education,524,290,4
Vladimir,2024,facility,67,211,2
Vladimir,2024,government,NA,NA,NA
Vladimir,2024,healthcare,5,13,1
Vladimir,2024,nonprofit,NA,NA,NA
Vladimir,2024,other,NA,NA,NA
Vladimir,2024,NA,NA,NA,NA
Vladimir,2025,archive,3,0,1
Vladimir,2025,company,12,4,1
Vladimir,2025,education,541,144,3
Vladimir,2025,facility,72,67,2
Vladimir,2025,government,NA,NA,NA
Vladimir,2025,healthcare,7,5,1
Vladimir,2025,nonprofit,NA,NA,NA
Vladimir,2025,other,NA,NA,NA
Vladimir,2025,NA,NA,NA,NA
Vladimir,2026,archive,1,0,1
Vladimir,2026,company,17,3,1
Vladimir,2026,education,480,12,4
Vladimir,2026,facility,48,9,2
Vladimir,2026,government,NA,NA,NA
Vladimir,2026,healthcare,NA,NA,NA
Vladimir,2026,nonprofit,NA,NA,NA
Vladimir,2026,other,NA,NA,NA
Vladimir,2026,NA,NA,NA,NA
Vladimir,2027,archive,NA,NA,NA
Vladimir,2027,company,NA,NA,NA
Vladimir,2027,education,NA,NA,NA
Vladimir,2027,facility,NA,NA,NA
Vladimir,2027,government,NA,NA,NA
Vladimir,2027,healthcare,NA,NA,NA
Vladimir,2027,nonprofit,NA,NA,NA
Vladimir,2027,other,NA,NA,NA
Vladimir,2027,NA,NA,NA,NA
Vladimir,2029,archive,NA,NA,NA
Vladimir,2029,company,NA,NA,NA
Vladimir,2029,education,NA,NA,NA
Vladimir,2029,facility,NA,NA,NA
Vladimir,2029,government,NA,NA,NA
Vladimir,2029,healthcare,NA,NA,NA
Vladimir,2029,nonprofit,NA,NA,NA
Vladimir,2029,other,NA,NA,NA
Vladimir,2029,NA,NA,NA,NA
Vladimir,NA,archive,NA,NA,NA
Vladimir,NA,company,NA,NA,NA
Vladimir,NA,education,NA,NA,NA
Vladimir,NA,facility,NA,NA,NA
Vladimir,NA,government,NA,NA,NA
Vladimir,NA,healthcare,NA,NA,NA
Vladimir,NA,nonprofit,NA,NA,NA
Vladimir,NA,other,NA,NA,NA
Vladimir,NA,NA,NA,NA,NA
Volgograd,2010,archive,NA,NA,NA
Volgograd,2010,company,NA,NA,NA
Volgograd,2010,education,241,871,8
Volgograd,2010,facility,18,128,3
Volgograd,2010,government,NA,NA,NA
Volgograd,2010,healthcare,3,0,2
Volgograd,2010,nonprofit,NA,NA,NA
Volgograd,2010,other,NA,NA,NA
Volgograd,2010,NA,NA,NA,NA
Volgograd,2011,archive,NA,NA,NA
Volgograd,2011,company,NA,NA,NA
Volgograd,2011,education,291,1029,8
Volgograd,2011,facility,26,100,2
Volgograd,2011,government,NA,NA,NA
Volgograd,2011,healthcare,3,1,1
Volgograd,2011,nonprofit,NA,NA,NA
Volgograd,2011,other,NA,NA,NA
Volgograd,2011,NA,NA,NA,NA
Volgograd,2012,archive,NA,NA,NA
Volgograd,2012,company,NA,NA,NA
Volgograd,2012,education,300,1240,9
Volgograd,2012,facility,24,89,1
Volgograd,2012,government,NA,NA,NA
Volgograd,2012,healthcare,7,50,2
Volgograd,2012,nonprofit,NA,NA,NA
Volgograd,2012,other,NA,NA,NA
Volgograd,2012,NA,NA,NA,NA
Volgograd,2013,archive,NA,NA,NA
Volgograd,2013,company,NA,NA,NA
Volgograd,2013,education,434,1782,9
Volgograd,2013,facility,28,173,3
Volgograd,2013,government,NA,NA,NA
Volgograd,2013,healthcare,10,13,2
Volgograd,2013,nonprofit,NA,NA,NA
Volgograd,2013,other,NA,NA,NA
Volgograd,2013,NA,NA,NA,NA
Volgograd,2014,archive,NA,NA,NA
Volgograd,2014,company,NA,NA,NA
Volgograd,2014,education,641,2955,11
Volgograd,2014,facility,21,127,4
Volgograd,2014,government,NA,NA,NA
Volgograd,2014,healthcare,18,55,1
Volgograd,2014,nonprofit,NA,NA,NA
Volgograd,2014,other,NA,NA,NA
Volgograd,2014,NA,NA,NA,NA
Volgograd,2015,archive,NA,NA,NA
Volgograd,2015,company,NA,NA,NA
Volgograd,2015,education,952,3281,11
Volgograd,2015,facility,34,159,3
Volgograd,2015,government,NA,NA,NA
Volgograd,2015,healthcare,14,26,1
Volgograd,2015,nonprofit,NA,NA,NA
Volgograd,2015,other,NA,NA,NA
Volgograd,2015,NA,NA,NA,NA
Volgograd,2016,archive,NA,NA,NA
Volgograd,2016,company,NA,NA,NA
Volgograd,2016,education,1071,4600,10
Volgograd,2016,facility,58,212,3
Volgograd,2016,government,NA,NA,NA
Volgograd,2016,healthcare,23,292,1
Volgograd,2016,nonprofit,NA,NA,NA
Volgograd,2016,other,NA,NA,NA
Volgograd,2016,NA,NA,NA,NA
Volgograd,2017,archive,NA,NA,NA
Volgograd,2017,company,NA,NA,NA
Volgograd,2017,education,1500,5981,12
Volgograd,2017,facility,81,441,6
Volgograd,2017,government,NA,NA,NA
Volgograd,2017,healthcare,24,41,2
Volgograd,2017,nonprofit,NA,NA,NA
Volgograd,2017,other,NA,NA,NA
Volgograd,2017,NA,NA,NA,NA
Volgograd,2018,archive,NA,NA,NA
Volgograd,2018,company,NA,NA,NA
Volgograd,2018,education,1827,6995,11
Volgograd,2018,facility,103,346,6
Volgograd,2018,government,NA,NA,NA
Volgograd,2018,healthcare,11,20,2
Volgograd,2018,nonprofit,NA,NA,NA
Volgograd,2018,other,NA,NA,NA
Volgograd,2018,NA,NA,NA,NA
Volgograd,2019,archive,NA,NA,NA
Volgograd,2019,company,NA,NA,NA
Volgograd,2019,education,2191,7398,12
Volgograd,2019,facility,159,610,5
Volgograd,2019,government,NA,NA,NA
Volgograd,2019,healthcare,32,121,2
Volgograd,2019,nonprofit,NA,NA,NA
Volgograd,2019,other,NA,NA,NA
Volgograd,2019,NA,NA,NA,NA
Volgograd,2020,archive,NA,NA,NA
Volgograd,2020,company,NA,NA,NA
Volgograd,2020,education,2818,7277,11
Volgograd,2020,facility,232,822,5
Volgograd,2020,government,NA,NA,NA
Volgograd,2020,healthcare,37,165,1
Volgograd,2020,nonprofit,NA,NA,NA
Volgograd,2020,other,NA,NA,NA
Volgograd,2020,NA,NA,NA,NA
Volgograd,2021,archive,NA,NA,NA
Volgograd,2021,company,NA,NA,NA
Volgograd,2021,education,3032,6705,11
Volgograd,2021,facility,331,765,5
Volgograd,2021,government,NA,NA,NA
Volgograd,2021,healthcare,30,70,2
Volgograd,2021,nonprofit,NA,NA,NA
Volgograd,2021,other,NA,NA,NA
Volgograd,2021,NA,NA,NA,NA
Volgograd,2022,archive,NA,NA,NA
Volgograd,2022,company,NA,NA,NA
Volgograd,2022,education,2688,5100,11
Volgograd,2022,facility,316,552,4
Volgograd,2022,government,NA,NA,NA
Volgograd,2022,healthcare,36,94,2
Volgograd,2022,nonprofit,NA,NA,NA
Volgograd,2022,other,NA,NA,NA
Volgograd,2022,NA,NA,NA,NA
Volgograd,2023,archive,NA,NA,NA
Volgograd,2023,company,NA,NA,NA
Volgograd,2023,education,2390,2771,12
Volgograd,2023,facility,238,401,4
Volgograd,2023,government,NA,NA,NA
Volgograd,2023,healthcare,16,23,2
Volgograd,2023,nonprofit,NA,NA,NA
Volgograd,2023,other,NA,NA,NA
Volgograd,2023,NA,NA,NA,NA
Volgograd,2024,archive,NA,NA,NA
Volgograd,2024,company,NA,NA,NA
Volgograd,2024,education,1998,1761,11
Volgograd,2024,facility,219,119,5
Volgograd,2024,government,NA,NA,NA
Volgograd,2024,healthcare,26,45,2
Volgograd,2024,nonprofit,NA,NA,NA
Volgograd,2024,other,NA,NA,NA
Volgograd,2024,NA,NA,NA,NA
Volgograd,2025,archive,NA,NA,NA
Volgograd,2025,company,NA,NA,NA
Volgograd,2025,education,1814,1346,12
Volgograd,2025,facility,120,59,5
Volgograd,2025,government,NA,NA,NA
Volgograd,2025,healthcare,15,12,2
Volgograd,2025,nonprofit,NA,NA,NA
Volgograd,2025,other,NA,NA,NA
Volgograd,2025,NA,NA,NA,NA
Volgograd,2026,archive,NA,NA,NA
Volgograd,2026,company,NA,NA,NA
Volgograd,2026,education,1381,91,11
Volgograd,2026,facility,83,2,5
Volgograd,2026,government,NA,NA,NA
Volgograd,2026,healthcare,23,2,2
Volgograd,2026,nonprofit,NA,NA,NA
Volgograd,2026,other,NA,NA,NA
Volgograd,2026,NA,NA,NA,NA
Volgograd,2027,archive,NA,NA,NA
Volgograd,2027,company,NA,NA,NA
Volgograd,2027,education,NA,NA,NA
Volgograd,2027,facility,NA,NA,NA
Volgograd,2027,government,NA,NA,NA
Volgograd,2027,healthcare,NA,NA,NA
Volgograd,2027,nonprofit,NA,NA,NA
Volgograd,2027,other,NA,NA,NA
Volgograd,2027,NA,NA,NA,NA
Volgograd,2029,archive,NA,NA,NA
Volgograd,2029,company,NA,NA,NA
Volgograd,2029,education,NA,NA,NA
Volgograd,2029,facility,NA,NA,NA
Volgograd,2029,government,NA,NA,NA
Volgograd,2029,healthcare,NA,NA,NA
Volgograd,2029,nonprofit,NA,NA,NA
Volgograd,2029,other,NA,NA,NA
Volgograd,2029,NA,NA,NA,NA
Volgograd,NA,archive,NA,NA,NA
Volgograd,NA,company,NA,NA,NA
Volgograd,NA,education,NA,NA,NA
Volgograd,NA,facility,NA,NA,NA
Volgograd,NA,government,NA,NA,NA
Volgograd,NA,healthcare,NA,NA,NA
Volgograd,NA,nonprofit,NA,NA,NA
Volgograd,NA,other,NA,NA,NA
Volgograd,NA,NA,NA,NA,NA
Vologda,2010,archive,NA,NA,NA
Vologda,2010,company,NA,NA,NA
Vologda,2010,education,26,81,2
Vologda,2010,facility,5,6,2
Vologda,2010,government,NA,NA,NA
Vologda,2010,healthcare,NA,NA,NA
Vologda,2010,nonprofit,NA,NA,NA
Vologda,2010,other,NA,NA,NA
Vologda,2010,NA,NA,NA,NA
Vologda,2011,archive,NA,NA,NA
Vologda,2011,company,NA,NA,NA
Vologda,2011,education,26,39,4
Vologda,2011,facility,5,2,2
Vologda,2011,government,NA,NA,NA
Vologda,2011,healthcare,NA,NA,NA
Vologda,2011,nonprofit,NA,NA,NA
Vologda,2011,other,NA,NA,NA
Vologda,2011,NA,NA,NA,NA
Vologda,2012,archive,NA,NA,NA
Vologda,2012,company,NA,NA,NA
Vologda,2012,education,40,159,3
Vologda,2012,facility,16,14,2
Vologda,2012,government,NA,NA,NA
Vologda,2012,healthcare,NA,NA,NA
Vologda,2012,nonprofit,NA,NA,NA
Vologda,2012,other,NA,NA,NA
Vologda,2012,NA,NA,NA,NA
Vologda,2013,archive,NA,NA,NA
Vologda,2013,company,NA,NA,NA
Vologda,2013,education,40,103,3
Vologda,2013,facility,19,32,2
Vologda,2013,government,NA,NA,NA
Vologda,2013,healthcare,NA,NA,NA
Vologda,2013,nonprofit,NA,NA,NA
Vologda,2013,other,NA,NA,NA
Vologda,2013,NA,NA,NA,NA
Vologda,2014,archive,NA,NA,NA
Vologda,2014,company,NA,NA,NA
Vologda,2014,education,62,180,4
Vologda,2014,facility,107,499,1
Vologda,2014,government,NA,NA,NA
Vologda,2014,healthcare,NA,NA,NA
Vologda,2014,nonprofit,NA,NA,NA
Vologda,2014,other,NA,NA,NA
Vologda,2014,NA,NA,NA,NA
Vologda,2015,archive,NA,NA,NA
Vologda,2015,company,NA,NA,NA
Vologda,2015,education,107,294,4
Vologda,2015,facility,77,195,2
Vologda,2015,government,NA,NA,NA
Vologda,2015,healthcare,NA,NA,NA
Vologda,2015,nonprofit,NA,NA,NA
Vologda,2015,other,NA,NA,NA
Vologda,2015,NA,NA,NA,NA
Vologda,2016,archive,NA,NA,NA
Vologda,2016,company,NA,NA,NA
Vologda,2016,education,140,376,4
Vologda,2016,facility,63,156,2
Vologda,2016,government,NA,NA,NA
Vologda,2016,healthcare,NA,NA,NA
Vologda,2016,nonprofit,NA,NA,NA
Vologda,2016,other,NA,NA,NA
Vologda,2016,NA,NA,NA,NA
Vologda,2017,archive,NA,NA,NA
Vologda,2017,company,NA,NA,NA
Vologda,2017,education,211,770,4
Vologda,2017,facility,47,134,2
Vologda,2017,government,NA,NA,NA
Vologda,2017,healthcare,NA,NA,NA
Vologda,2017,nonprofit,NA,NA,NA
Vologda,2017,other,NA,NA,NA
Vologda,2017,NA,NA,NA,NA
Vologda,2018,archive,NA,NA,NA
Vologda,2018,company,NA,NA,NA
Vologda,2018,education,323,1418,4
Vologda,2018,facility,9,83,2
Vologda,2018,government,NA,NA,NA
Vologda,2018,healthcare,NA,NA,NA
Vologda,2018,nonprofit,NA,NA,NA
Vologda,2018,other,NA,NA,NA
Vologda,2018,NA,NA,NA,NA
Vologda,2019,archive,NA,NA,NA
Vologda,2019,company,NA,NA,NA
Vologda,2019,education,382,1471,4
Vologda,2019,facility,22,46,2
Vologda,2019,government,NA,NA,NA
Vologda,2019,healthcare,NA,NA,NA
Vologda,2019,nonprofit,NA,NA,NA
Vologda,2019,other,NA,NA,NA
Vologda,2019,NA,NA,NA,NA
Vologda,2020,archive,NA,NA,NA
Vologda,2020,company,NA,NA,NA
Vologda,2020,education,769,1793,4
Vologda,2020,facility,18,48,2
Vologda,2020,government,NA,NA,NA
Vologda,2020,healthcare,NA,NA,NA
Vologda,2020,nonprofit,NA,NA,NA
Vologda,2020,other,NA,NA,NA
Vologda,2020,NA,NA,NA,NA
Vologda,2021,archive,NA,NA,NA
Vologda,2021,company,NA,NA,NA
Vologda,2021,education,618,1453,4
Vologda,2021,facility,24,51,2
Vologda,2021,government,NA,NA,NA
Vologda,2021,healthcare,NA,NA,NA
Vologda,2021,nonprofit,NA,NA,NA
Vologda,2021,other,NA,NA,NA
Vologda,2021,NA,NA,NA,NA
Vologda,2022,archive,NA,NA,NA
Vologda,2022,company,NA,NA,NA
Vologda,2022,education,457,923,4
Vologda,2022,facility,24,69,2
Vologda,2022,government,NA,NA,NA
Vologda,2022,healthcare,NA,NA,NA
Vologda,2022,nonprofit,NA,NA,NA
Vologda,2022,other,NA,NA,NA
Vologda,2022,NA,NA,NA,NA
Vologda,2023,archive,NA,NA,NA
Vologda,2023,company,NA,NA,NA
Vologda,2023,education,464,587,4
Vologda,2023,facility,27,34,2
Vologda,2023,government,NA,NA,NA
Vologda,2023,healthcare,NA,NA,NA
Vologda,2023,nonprofit,NA,NA,NA
Vologda,2023,other,NA,NA,NA
Vologda,2023,NA,NA,NA,NA
Vologda,2024,archive,NA,NA,NA
Vologda,2024,company,NA,NA,NA
Vologda,2024,education,641,662,4
Vologda,2024,facility,11,6,2
Vologda,2024,government,NA,NA,NA
Vologda,2024,healthcare,NA,NA,NA
Vologda,2024,nonprofit,NA,NA,NA
Vologda,2024,other,NA,NA,NA
Vologda,2024,NA,NA,NA,NA
Vologda,2025,archive,NA,NA,NA
Vologda,2025,company,NA,NA,NA
Vologda,2025,education,468,181,4
Vologda,2025,facility,19,11,2
Vologda,2025,government,NA,NA,NA
Vologda,2025,healthcare,NA,NA,NA
Vologda,2025,nonprofit,NA,NA,NA
Vologda,2025,other,NA,NA,NA
Vologda,2025,NA,NA,NA,NA
Vologda,2026,archive,NA,NA,NA
Vologda,2026,company,NA,NA,NA
Vologda,2026,education,401,23,4
Vologda,2026,facility,4,0,1
Vologda,2026,government,NA,NA,NA
Vologda,2026,healthcare,NA,NA,NA
Vologda,2026,nonprofit,NA,NA,NA
Vologda,2026,other,NA,NA,NA
Vologda,2026,NA,NA,NA,NA
Vologda,2027,archive,NA,NA,NA
Vologda,2027,company,NA,NA,NA
Vologda,2027,education,NA,NA,NA
Vologda,2027,facility,NA,NA,NA
Vologda,2027,government,NA,NA,NA
Vologda,2027,healthcare,NA,NA,NA
Vologda,2027,nonprofit,NA,NA,NA
Vologda,2027,other,NA,NA,NA
Vologda,2027,NA,NA,NA,NA
Vologda,2029,archive,NA,NA,NA
Vologda,2029,company,NA,NA,NA
Vologda,2029,education,NA,NA,NA
Vologda,2029,facility,NA,NA,NA
Vologda,2029,government,NA,NA,NA
Vologda,2029,healthcare,NA,NA,NA
Vologda,2029,nonprofit,NA,NA,NA
Vologda,2029,other,NA,NA,NA
Vologda,2029,NA,NA,NA,NA
Vologda,NA,archive,NA,NA,NA
Vologda,NA,company,NA,NA,NA
Vologda,NA,education,NA,NA,NA
Vologda,NA,facility,NA,NA,NA
Vologda,NA,government,NA,NA,NA
Vologda,NA,healthcare,NA,NA,NA
Vologda,NA,nonprofit,NA,NA,NA
Vologda,NA,other,NA,NA,NA
Vologda,NA,NA,NA,NA,NA
Voronezh,2010,archive,NA,NA,NA
Voronezh,2010,company,5,2,1
Voronezh,2010,education,452,2783,13
Voronezh,2010,facility,6,15,2
Voronezh,2010,government,NA,NA,NA
Voronezh,2010,healthcare,8,684,1
Voronezh,2010,nonprofit,NA,NA,NA
Voronezh,2010,other,NA,NA,NA
Voronezh,2010,NA,NA,NA,NA
Voronezh,2011,archive,1,8,1
Voronezh,2011,company,6,1,1
Voronezh,2011,education,498,2640,10
Voronezh,2011,facility,4,3,2
Voronezh,2011,government,NA,NA,NA
Voronezh,2011,healthcare,6,151,1
Voronezh,2011,nonprofit,NA,NA,NA
Voronezh,2011,other,NA,NA,NA
Voronezh,2011,NA,NA,NA,NA
Voronezh,2012,archive,1,5,1
Voronezh,2012,company,5,2,1
Voronezh,2012,education,566,2586,12
Voronezh,2012,facility,3,1,2
Voronezh,2012,government,NA,NA,NA
Voronezh,2012,healthcare,4,27,1
Voronezh,2012,nonprofit,NA,NA,NA
Voronezh,2012,other,NA,NA,NA
Voronezh,2012,NA,NA,NA,NA
Voronezh,2013,archive,3,60,1
Voronezh,2013,company,11,15,1
Voronezh,2013,education,668,3338,13
Voronezh,2013,facility,3,17,2
Voronezh,2013,government,NA,NA,NA
Voronezh,2013,healthcare,6,7,1
Voronezh,2013,nonprofit,NA,NA,NA
Voronezh,2013,other,NA,NA,NA
Voronezh,2013,NA,NA,NA,NA
Voronezh,2014,archive,2,53,1
Voronezh,2014,company,9,11,1
Voronezh,2014,education,773,4894,15
Voronezh,2014,facility,6,7,3
Voronezh,2014,government,NA,NA,NA
Voronezh,2014,healthcare,12,69,1
Voronezh,2014,nonprofit,NA,NA,NA
Voronezh,2014,other,NA,NA,NA
Voronezh,2014,NA,NA,NA,NA
Voronezh,2015,archive,1,4,1
Voronezh,2015,company,6,9,1
Voronezh,2015,education,960,4532,16
Voronezh,2015,facility,9,38,2
Voronezh,2015,government,NA,NA,NA
Voronezh,2015,healthcare,19,73,1
Voronezh,2015,nonprofit,NA,NA,NA
Voronezh,2015,other,NA,NA,NA
Voronezh,2015,NA,NA,NA,NA
Voronezh,2016,archive,8,11,1
Voronezh,2016,company,8,113,2
Voronezh,2016,education,1411,5929,16
Voronezh,2016,facility,14,14,2
Voronezh,2016,government,NA,NA,NA
Voronezh,2016,healthcare,17,25,1
Voronezh,2016,nonprofit,NA,NA,NA
Voronezh,2016,other,NA,NA,NA
Voronezh,2016,NA,NA,NA,NA
Voronezh,2017,archive,3,20,1
Voronezh,2017,company,6,54,1
Voronezh,2017,education,1705,7134,17
Voronezh,2017,facility,24,34,3
Voronezh,2017,government,NA,NA,NA
Voronezh,2017,healthcare,17,20,1
Voronezh,2017,nonprofit,NA,NA,NA
Voronezh,2017,other,NA,NA,NA
Voronezh,2017,NA,NA,NA,NA
Voronezh,2018,archive,10,26,1
Voronezh,2018,company,9,21,1
Voronezh,2018,education,2422,8373,16
Voronezh,2018,facility,14,23,3
Voronezh,2018,government,NA,NA,NA
Voronezh,2018,healthcare,16,36,1
Voronezh,2018,nonprofit,NA,NA,NA
Voronezh,2018,other,NA,NA,NA
Voronezh,2018,NA,NA,NA,NA
Voronezh,2019,archive,13,6,1
Voronezh,2019,company,14,59,1
Voronezh,2019,education,3125,11599,16
Voronezh,2019,facility,41,175,2
Voronezh,2019,government,NA,NA,NA
Voronezh,2019,healthcare,30,578,1
Voronezh,2019,nonprofit,NA,NA,NA
Voronezh,2019,other,NA,NA,NA
Voronezh,2019,NA,NA,NA,NA
Voronezh,2020,archive,14,177,1
Voronezh,2020,company,15,62,1
Voronezh,2020,education,4080,11821,16
Voronezh,2020,facility,59,225,3
Voronezh,2020,government,NA,NA,NA
Voronezh,2020,healthcare,32,94,1
Voronezh,2020,nonprofit,NA,NA,NA
Voronezh,2020,other,NA,NA,NA
Voronezh,2020,NA,NA,NA,NA
Voronezh,2021,archive,7,113,1
Voronezh,2021,company,12,42,2
Voronezh,2021,education,4173,11063,16
Voronezh,2021,facility,72,221,3
Voronezh,2021,government,NA,NA,NA
Voronezh,2021,healthcare,33,191,1
Voronezh,2021,nonprofit,NA,NA,NA
Voronezh,2021,other,NA,NA,NA
Voronezh,2021,NA,NA,NA,NA
Voronezh,2022,archive,7,5,1
Voronezh,2022,company,16,31,2
Voronezh,2022,education,4140,8860,17
Voronezh,2022,facility,57,196,3
Voronezh,2022,government,NA,NA,NA
Voronezh,2022,healthcare,28,138,1
Voronezh,2022,nonprofit,NA,NA,NA
Voronezh,2022,other,NA,NA,NA
Voronezh,2022,NA,NA,NA,NA
Voronezh,2023,archive,1,0,1
Voronezh,2023,company,11,10,1
Voronezh,2023,education,3214,4834,17
Voronezh,2023,facility,55,77,3
Voronezh,2023,government,NA,NA,NA
Voronezh,2023,healthcare,26,190,1
Voronezh,2023,nonprofit,NA,NA,NA
Voronezh,2023,other,NA,NA,NA
Voronezh,2023,NA,NA,NA,NA
Voronezh,2024,archive,3,6,1
Voronezh,2024,company,7,3,1
Voronezh,2024,education,3538,4262,16
Voronezh,2024,facility,35,38,3
Voronezh,2024,government,NA,NA,NA
Voronezh,2024,healthcare,32,91,1
Voronezh,2024,nonprofit,NA,NA,NA
Voronezh,2024,other,NA,NA,NA
Voronezh,2024,NA,NA,NA,NA
Voronezh,2025,archive,2,0,1
Voronezh,2025,company,10,1,2
Voronezh,2025,education,4054,1266,16
Voronezh,2025,facility,59,30,3
Voronezh,2025,government,NA,NA,NA
Voronezh,2025,healthcare,22,10,1
Voronezh,2025,nonprofit,NA,NA,NA
Voronezh,2025,other,NA,NA,NA
Voronezh,2025,NA,NA,NA,NA
Voronezh,2026,archive,8,0,1
Voronezh,2026,company,2,0,1
Voronezh,2026,education,2575,118,16
Voronezh,2026,facility,37,5,3
Voronezh,2026,government,NA,NA,NA
Voronezh,2026,healthcare,22,6,1
Voronezh,2026,nonprofit,NA,NA,NA
Voronezh,2026,other,NA,NA,NA
Voronezh,2026,NA,NA,NA,NA
Voronezh,2027,archive,NA,NA,NA
Voronezh,2027,company,NA,NA,NA
Voronezh,2027,education,NA,NA,NA
Voronezh,2027,facility,NA,NA,NA
Voronezh,2027,government,NA,NA,NA
Voronezh,2027,healthcare,NA,NA,NA
Voronezh,2027,nonprofit,NA,NA,NA
Voronezh,2027,other,NA,NA,NA
Voronezh,2027,NA,NA,NA,NA
Voronezh,2029,archive,NA,NA,NA
Voronezh,2029,company,NA,NA,NA
Voronezh,2029,education,NA,NA,NA
Voronezh,2029,facility,NA,NA,NA
Voronezh,2029,government,NA,NA,NA
Voronezh,2029,healthcare,NA,NA,NA
Voronezh,2029,nonprofit,NA,NA,NA
Voronezh,2029,other,NA,NA,NA
Voronezh,2029,NA,NA,NA,NA
Voronezh,NA,archive,NA,NA,NA
Voronezh,NA,company,NA,NA,NA
Voronezh,NA,education,NA,NA,NA
Voronezh,NA,facility,NA,NA,NA
Voronezh,NA,government,NA,NA,NA
Voronezh,NA,healthcare,NA,NA,NA
Voronezh,NA,nonprofit,NA,NA,NA
Voronezh,NA,other,NA,NA,NA
Voronezh,NA,NA,NA,NA,NA
Yaroslavl',2010,archive,NA,NA,NA
Yaroslavl',2010,company,NA,NA,NA
Yaroslavl',2010,education,211,900,7
Yaroslavl',2010,facility,130,1087,3
Yaroslavl',2010,government,NA,NA,NA
Yaroslavl',2010,healthcare,4,0,1
Yaroslavl',2010,nonprofit,NA,NA,NA
Yaroslavl',2010,other,NA,NA,NA
Yaroslavl',2010,NA,NA,NA,NA
Yaroslavl',2011,archive,NA,NA,NA
Yaroslavl',2011,company,NA,NA,NA
Yaroslavl',2011,education,220,974,6
Yaroslavl',2011,facility,151,1277,2
Yaroslavl',2011,government,NA,NA,NA
Yaroslavl',2011,healthcare,NA,NA,NA
Yaroslavl',2011,nonprofit,NA,NA,NA
Yaroslavl',2011,other,NA,NA,NA
Yaroslavl',2011,NA,NA,NA,NA
Yaroslavl',2012,archive,NA,NA,NA
Yaroslavl',2012,company,NA,NA,NA
Yaroslavl',2012,education,241,1130,6
Yaroslavl',2012,facility,148,1327,2
Yaroslavl',2012,government,NA,NA,NA
Yaroslavl',2012,healthcare,5,449,2
Yaroslavl',2012,nonprofit,NA,NA,NA
Yaroslavl',2012,other,NA,NA,NA
Yaroslavl',2012,NA,NA,NA,NA
Yaroslavl',2013,archive,NA,NA,NA
Yaroslavl',2013,company,NA,NA,NA
Yaroslavl',2013,education,279,1675,8
Yaroslavl',2013,facility,271,1634,3
Yaroslavl',2013,government,NA,NA,NA
Yaroslavl',2013,healthcare,7,4,2
Yaroslavl',2013,nonprofit,NA,NA,NA
Yaroslavl',2013,other,NA,NA,NA
Yaroslavl',2013,NA,NA,NA,NA
Yaroslavl',2014,archive,NA,NA,NA
Yaroslavl',2014,company,NA,NA,NA
Yaroslavl',2014,education,367,1567,8
Yaroslavl',2014,facility,188,1484,3
Yaroslavl',2014,government,NA,NA,NA
Yaroslavl',2014,healthcare,11,13,2
Yaroslavl',2014,nonprofit,NA,NA,NA
Yaroslavl',2014,other,NA,NA,NA
Yaroslavl',2014,NA,NA,NA,NA
Yaroslavl',2015,archive,NA,NA,NA
Yaroslavl',2015,company,NA,NA,NA
Yaroslavl',2015,education,583,2009,7
Yaroslavl',2015,facility,220,1594,4
Yaroslavl',2015,government,NA,NA,NA
Yaroslavl',2015,healthcare,15,445,2
Yaroslavl',2015,nonprofit,NA,NA,NA
Yaroslavl',2015,other,NA,NA,NA
Yaroslavl',2015,NA,NA,NA,NA
Yaroslavl',2016,archive,NA,NA,NA
Yaroslavl',2016,company,NA,NA,NA
Yaroslavl',2016,education,507,2330,7
Yaroslavl',2016,facility,261,2595,4
Yaroslavl',2016,government,NA,NA,NA
Yaroslavl',2016,healthcare,15,10,2
Yaroslavl',2016,nonprofit,NA,NA,NA
Yaroslavl',2016,other,NA,NA,NA
Yaroslavl',2016,NA,NA,NA,NA
Yaroslavl',2017,archive,NA,NA,NA
Yaroslavl',2017,company,NA,NA,NA
Yaroslavl',2017,education,686,3815,8
Yaroslavl',2017,facility,329,2017,2
Yaroslavl',2017,government,NA,NA,NA
Yaroslavl',2017,healthcare,14,21,2
Yaroslavl',2017,nonprofit,NA,NA,NA
Yaroslavl',2017,other,NA,NA,NA
Yaroslavl',2017,NA,NA,NA,NA
Yaroslavl',2018,archive,NA,NA,NA
Yaroslavl',2018,company,1,1,1
Yaroslavl',2018,education,638,3558,7
Yaroslavl',2018,facility,312,1874,3
Yaroslavl',2018,government,NA,NA,NA
Yaroslavl',2018,healthcare,12,218,2
Yaroslavl',2018,nonprofit,NA,NA,NA
Yaroslavl',2018,other,NA,NA,NA
Yaroslavl',2018,NA,NA,NA,NA
Yaroslavl',2019,archive,NA,NA,NA
Yaroslavl',2019,company,NA,NA,NA
Yaroslavl',2019,education,790,3746,9
Yaroslavl',2019,facility,326,2336,3
Yaroslavl',2019,government,NA,NA,NA
Yaroslavl',2019,healthcare,13,34,2
Yaroslavl',2019,nonprofit,NA,NA,NA
Yaroslavl',2019,other,NA,NA,NA
Yaroslavl',2019,NA,NA,NA,NA
Yaroslavl',2020,archive,NA,NA,NA
Yaroslavl',2020,company,NA,NA,NA
Yaroslavl',2020,education,885,5156,8
Yaroslavl',2020,facility,527,2472,3
Yaroslavl',2020,government,NA,NA,NA
Yaroslavl',2020,healthcare,22,94,2
Yaroslavl',2020,nonprofit,NA,NA,NA
Yaroslavl',2020,other,NA,NA,NA
Yaroslavl',2020,NA,NA,NA,NA
Yaroslavl',2021,archive,1,1,1
Yaroslavl',2021,company,NA,NA,NA
Yaroslavl',2021,education,1092,3648,9
Yaroslavl',2021,facility,331,1419,4
Yaroslavl',2021,government,NA,NA,NA
Yaroslavl',2021,healthcare,32,75,2
Yaroslavl',2021,nonprofit,NA,NA,NA
Yaroslavl',2021,other,NA,NA,NA
Yaroslavl',2021,NA,NA,NA,NA
Yaroslavl',2022,archive,NA,NA,NA
Yaroslavl',2022,company,NA,NA,NA
Yaroslavl',2022,education,1126,2378,9
Yaroslavl',2022,facility,386,1498,4
Yaroslavl',2022,government,NA,NA,NA
Yaroslavl',2022,healthcare,17,47,2
Yaroslavl',2022,nonprofit,NA,NA,NA
Yaroslavl',2022,other,NA,NA,NA
Yaroslavl',2022,NA,NA,NA,NA
Yaroslavl',2023,archive,NA,NA,NA
Yaroslavl',2023,company,NA,NA,NA
Yaroslavl',2023,education,1133,2068,9
Yaroslavl',2023,facility,509,1239,4
Yaroslavl',2023,government,NA,NA,NA
Yaroslavl',2023,healthcare,13,12,2
Yaroslavl',2023,nonprofit,NA,NA,NA
Yaroslavl',2023,other,NA,NA,NA
Yaroslavl',2023,NA,NA,NA,NA
Yaroslavl',2024,archive,NA,NA,NA
Yaroslavl',2024,company,NA,NA,NA
Yaroslavl',2024,education,1119,1224,9
Yaroslavl',2024,facility,524,785,4
Yaroslavl',2024,government,NA,NA,NA
Yaroslavl',2024,healthcare,13,6,2
Yaroslavl',2024,nonprofit,NA,NA,NA
Yaroslavl',2024,other,NA,NA,NA
Yaroslavl',2024,NA,NA,NA,NA
Yaroslavl',2025,archive,NA,NA,NA
Yaroslavl',2025,company,NA,NA,NA
Yaroslavl',2025,education,1064,596,9
Yaroslavl',2025,facility,556,241,4
Yaroslavl',2025,government,NA,NA,NA
Yaroslavl',2025,healthcare,25,38,2
Yaroslavl',2025,nonprofit,NA,NA,NA
Yaroslavl',2025,other,NA,NA,NA
Yaroslavl',2025,NA,NA,NA,NA
Yaroslavl',2026,archive,2,0,1
Yaroslavl',2026,company,2,0,1
Yaroslavl',2026,education,802,58,7
Yaroslavl',2026,facility,284,23,3
Yaroslavl',2026,government,NA,NA,NA
Yaroslavl',2026,healthcare,18,2,2
Yaroslavl',2026,nonprofit,NA,NA,NA
Yaroslavl',2026,other,NA,NA,NA
Yaroslavl',2026,NA,NA,NA,NA
Yaroslavl',2027,archive,NA,NA,NA
Yaroslavl',2027,company,NA,NA,NA
Yaroslavl',2027,education,NA,NA,NA
Yaroslavl',2027,facility,NA,NA,NA
Yaroslavl',2027,government,NA,NA,NA
Yaroslavl',2027,healthcare,NA,NA,NA
Yaroslavl',2027,nonprofit,NA,NA,NA
Yaroslavl',2027,other,NA,NA,NA
Yaroslavl',2027,NA,NA,NA,NA
Yaroslavl',2029,archive,NA,NA,NA
Yaroslavl',2029,company,NA,NA,NA
Yaroslavl',2029,education,NA,NA,NA
Yaroslavl',2029,facility,NA,NA,NA
Yaroslavl',2029,government,NA,NA,NA
Yaroslavl',2029,healthcare,NA,NA,NA
Yaroslavl',2029,nonprofit,NA,NA,NA
Yaroslavl',2029,other,NA,NA,NA
Yaroslavl',2029,NA,NA,NA,NA
Yaroslavl',NA,archive,NA,NA,NA
Yaroslavl',NA,company,NA,NA,NA
Yaroslavl',NA,education,NA,NA,NA
Yaroslavl',NA,facility,NA,NA,NA
Yaroslavl',NA,government,NA,NA,NA
Yaroslavl',NA,healthcare,NA,NA,NA
Yaroslavl',NA,nonprofit,NA,NA,NA
Yaroslavl',NA,other,NA,NA,NA
Yaroslavl',NA,NA,NA,NA,NA
Yevrey,2010,archive,NA,NA,NA
Yevrey,2010,company,NA,NA,NA
Yevrey,2010,education,NA,NA,NA
Yevrey,2010,facility,4,95,1
Yevrey,2010,government,NA,NA,NA
Yevrey,2010,healthcare,NA,NA,NA
Yevrey,2010,nonprofit,NA,NA,NA
Yevrey,2010,other,NA,NA,NA
Yevrey,2010,NA,NA,NA,NA
Yevrey,2011,archive,NA,NA,NA
Yevrey,2011,company,NA,NA,NA
Yevrey,2011,education,4,43,1
Yevrey,2011,facility,12,79,1
Yevrey,2011,government,NA,NA,NA
Yevrey,2011,healthcare,NA,NA,NA
Yevrey,2011,nonprofit,NA,NA,NA
Yevrey,2011,other,NA,NA,NA
Yevrey,2011,NA,NA,NA,NA
Yevrey,2012,archive,NA,NA,NA
Yevrey,2012,company,NA,NA,NA
Yevrey,2012,education,3,3,1
Yevrey,2012,facility,9,68,1
Yevrey,2012,government,NA,NA,NA
Yevrey,2012,healthcare,NA,NA,NA
Yevrey,2012,nonprofit,NA,NA,NA
Yevrey,2012,other,NA,NA,NA
Yevrey,2012,NA,NA,NA,NA
Yevrey,2013,archive,NA,NA,NA
Yevrey,2013,company,NA,NA,NA
Yevrey,2013,education,13,32,1
Yevrey,2013,facility,10,91,1
Yevrey,2013,government,NA,NA,NA
Yevrey,2013,healthcare,NA,NA,NA
Yevrey,2013,nonprofit,NA,NA,NA
Yevrey,2013,other,NA,NA,NA
Yevrey,2013,NA,NA,NA,NA
Yevrey,2014,archive,NA,NA,NA
Yevrey,2014,company,NA,NA,NA
Yevrey,2014,education,4,13,1
Yevrey,2014,facility,14,378,1
Yevrey,2014,government,NA,NA,NA
Yevrey,2014,healthcare,NA,NA,NA
Yevrey,2014,nonprofit,NA,NA,NA
Yevrey,2014,other,NA,NA,NA
Yevrey,2014,NA,NA,NA,NA
Yevrey,2015,archive,NA,NA,NA
Yevrey,2015,company,NA,NA,NA
Yevrey,2015,education,43,25,1
Yevrey,2015,facility,16,181,1
Yevrey,2015,government,NA,NA,NA
Yevrey,2015,healthcare,NA,NA,NA
Yevrey,2015,nonprofit,NA,NA,NA
Yevrey,2015,other,NA,NA,NA
Yevrey,2015,NA,NA,NA,NA
Yevrey,2016,archive,NA,NA,NA
Yevrey,2016,company,NA,NA,NA
Yevrey,2016,education,75,8,1
Yevrey,2016,facility,20,399,1
Yevrey,2016,government,NA,NA,NA
Yevrey,2016,healthcare,NA,NA,NA
Yevrey,2016,nonprofit,NA,NA,NA
Yevrey,2016,other,NA,NA,NA
Yevrey,2016,NA,NA,NA,NA
Yevrey,2017,archive,NA,NA,NA
Yevrey,2017,company,NA,NA,NA
Yevrey,2017,education,87,54,1
Yevrey,2017,facility,27,118,1
Yevrey,2017,government,NA,NA,NA
Yevrey,2017,healthcare,NA,NA,NA
Yevrey,2017,nonprofit,NA,NA,NA
Yevrey,2017,other,NA,NA,NA
Yevrey,2017,NA,NA,NA,NA
Yevrey,2018,archive,NA,NA,NA
Yevrey,2018,company,NA,NA,NA
Yevrey,2018,education,108,206,1
Yevrey,2018,facility,41,56,1
Yevrey,2018,government,NA,NA,NA
Yevrey,2018,healthcare,NA,NA,NA
Yevrey,2018,nonprofit,NA,NA,NA
Yevrey,2018,other,NA,NA,NA
Yevrey,2018,NA,NA,NA,NA
Yevrey,2019,archive,NA,NA,NA
Yevrey,2019,company,NA,NA,NA
Yevrey,2019,education,74,150,1
Yevrey,2019,facility,25,321,1
Yevrey,2019,government,NA,NA,NA
Yevrey,2019,healthcare,NA,NA,NA
Yevrey,2019,nonprofit,NA,NA,NA
Yevrey,2019,other,NA,NA,NA
Yevrey,2019,NA,NA,NA,NA
Yevrey,2020,archive,NA,NA,NA
Yevrey,2020,company,NA,NA,NA
Yevrey,2020,education,90,117,1
Yevrey,2020,facility,36,187,1
Yevrey,2020,government,NA,NA,NA
Yevrey,2020,healthcare,NA,NA,NA
Yevrey,2020,nonprofit,NA,NA,NA
Yevrey,2020,other,NA,NA,NA
Yevrey,2020,NA,NA,NA,NA
Yevrey,2021,archive,NA,NA,NA
Yevrey,2021,company,NA,NA,NA
Yevrey,2021,education,115,122,1
Yevrey,2021,facility,36,366,1
Yevrey,2021,government,NA,NA,NA
Yevrey,2021,healthcare,NA,NA,NA
Yevrey,2021,nonprofit,NA,NA,NA
Yevrey,2021,other,NA,NA,NA
Yevrey,2021,NA,NA,NA,NA
Yevrey,2022,archive,NA,NA,NA
Yevrey,2022,company,NA,NA,NA
Yevrey,2022,education,127,113,1
Yevrey,2022,facility,33,141,1
Yevrey,2022,government,NA,NA,NA
Yevrey,2022,healthcare,NA,NA,NA
Yevrey,2022,nonprofit,NA,NA,NA
Yevrey,2022,other,NA,NA,NA
Yevrey,2022,NA,NA,NA,NA
Yevrey,2023,archive,NA,NA,NA
Yevrey,2023,company,NA,NA,NA
Yevrey,2023,education,53,44,1
Yevrey,2023,facility,34,292,1
Yevrey,2023,government,NA,NA,NA
Yevrey,2023,healthcare,NA,NA,NA
Yevrey,2023,nonprofit,NA,NA,NA
Yevrey,2023,other,NA,NA,NA
Yevrey,2023,NA,NA,NA,NA
Yevrey,2024,archive,NA,NA,NA
Yevrey,2024,company,NA,NA,NA
Yevrey,2024,education,64,23,1
Yevrey,2024,facility,28,37,1
Yevrey,2024,government,NA,NA,NA
Yevrey,2024,healthcare,NA,NA,NA
Yevrey,2024,nonprofit,NA,NA,NA
Yevrey,2024,other,NA,NA,NA
Yevrey,2024,NA,NA,NA,NA
Yevrey,2025,archive,NA,NA,NA
Yevrey,2025,company,NA,NA,NA
Yevrey,2025,education,64,3,1
Yevrey,2025,facility,20,17,1
Yevrey,2025,government,NA,NA,NA
Yevrey,2025,healthcare,NA,NA,NA
Yevrey,2025,nonprofit,NA,NA,NA
Yevrey,2025,other,NA,NA,NA
Yevrey,2025,NA,NA,NA,NA
Yevrey,2026,archive,NA,NA,NA
Yevrey,2026,company,NA,NA,NA
Yevrey,2026,education,28,1,1
Yevrey,2026,facility,12,3,1
Yevrey,2026,government,NA,NA,NA
Yevrey,2026,healthcare,NA,NA,NA
Yevrey,2026,nonprofit,NA,NA,NA
Yevrey,2026,other,NA,NA,NA
Yevrey,2026,NA,NA,NA,NA
Yevrey,2027,archive,NA,NA,NA
Yevrey,2027,company,NA,NA,NA
Yevrey,2027,education,NA,NA,NA
Yevrey,2027,facility,NA,NA,NA
Yevrey,2027,government,NA,NA,NA
Yevrey,2027,healthcare,NA,NA,NA
Yevrey,2027,nonprofit,NA,NA,NA
Yevrey,2027,other,NA,NA,NA
Yevrey,2027,NA,NA,NA,NA
Yevrey,2029,archive,NA,NA,NA
Yevrey,2029,company,NA,NA,NA
Yevrey,2029,education,NA,NA,NA
Yevrey,2029,facility,NA,NA,NA
Yevrey,2029,government,NA,NA,NA
Yevrey,2029,healthcare,NA,NA,NA
Yevrey,2029,nonprofit,NA,NA,NA
Yevrey,2029,other,NA,NA,NA
Yevrey,2029,NA,NA,NA,NA
Yevrey,NA,archive,NA,NA,NA
Yevrey,NA,company,NA,NA,NA
Yevrey,NA,education,NA,NA,NA
Yevrey,NA,facility,NA,NA,NA
Yevrey,NA,government,NA,NA,NA
Yevrey,NA,healthcare,NA,NA,NA
Yevrey,NA,nonprofit,NA,NA,NA
Yevrey,NA,other,NA,NA,NA
Yevrey,NA,NA,NA,NA,NA
Zabaykal'ye,2010,archive,NA,NA,NA
Zabaykal'ye,2010,company,NA,NA,NA
Zabaykal'ye,2010,education,19,51,3
Zabaykal'ye,2010,facility,12,96,1
Zabaykal'ye,2010,government,NA,NA,NA
Zabaykal'ye,2010,healthcare,NA,NA,NA
Zabaykal'ye,2010,nonprofit,NA,NA,NA
Zabaykal'ye,2010,other,NA,NA,NA
Zabaykal'ye,2010,NA,NA,NA,NA
Zabaykal'ye,2011,archive,NA,NA,NA
Zabaykal'ye,2011,company,NA,NA,NA
Zabaykal'ye,2011,education,30,62,3
Zabaykal'ye,2011,facility,12,125,1
Zabaykal'ye,2011,government,NA,NA,NA
Zabaykal'ye,2011,healthcare,NA,NA,NA
Zabaykal'ye,2011,nonprofit,NA,NA,NA
Zabaykal'ye,2011,other,NA,NA,NA
Zabaykal'ye,2011,NA,NA,NA,NA
Zabaykal'ye,2012,archive,NA,NA,NA
Zabaykal'ye,2012,company,NA,NA,NA
Zabaykal'ye,2012,education,55,147,3
Zabaykal'ye,2012,facility,11,51,1
Zabaykal'ye,2012,government,NA,NA,NA
Zabaykal'ye,2012,healthcare,NA,NA,NA
Zabaykal'ye,2012,nonprofit,NA,NA,NA
Zabaykal'ye,2012,other,NA,NA,NA
Zabaykal'ye,2012,NA,NA,NA,NA
Zabaykal'ye,2013,archive,NA,NA,NA
Zabaykal'ye,2013,company,NA,NA,NA
Zabaykal'ye,2013,education,76,229,3
Zabaykal'ye,2013,facility,17,163,1
Zabaykal'ye,2013,government,NA,NA,NA
Zabaykal'ye,2013,healthcare,NA,NA,NA
Zabaykal'ye,2013,nonprofit,NA,NA,NA
Zabaykal'ye,2013,other,NA,NA,NA
Zabaykal'ye,2013,NA,NA,NA,NA
Zabaykal'ye,2014,archive,NA,NA,NA
Zabaykal'ye,2014,company,NA,NA,NA
Zabaykal'ye,2014,education,88,182,3
Zabaykal'ye,2014,facility,28,368,1
Zabaykal'ye,2014,government,NA,NA,NA
Zabaykal'ye,2014,healthcare,NA,NA,NA
Zabaykal'ye,2014,nonprofit,NA,NA,NA
Zabaykal'ye,2014,other,NA,NA,NA
Zabaykal'ye,2014,NA,NA,NA,NA
Zabaykal'ye,2015,archive,NA,NA,NA
Zabaykal'ye,2015,company,NA,NA,NA
Zabaykal'ye,2015,education,110,245,2
Zabaykal'ye,2015,facility,20,198,1
Zabaykal'ye,2015,government,NA,NA,NA
Zabaykal'ye,2015,healthcare,NA,NA,NA
Zabaykal'ye,2015,nonprofit,NA,NA,NA
Zabaykal'ye,2015,other,NA,NA,NA
Zabaykal'ye,2015,NA,NA,NA,NA
Zabaykal'ye,2016,archive,NA,NA,NA
Zabaykal'ye,2016,company,NA,NA,NA
Zabaykal'ye,2016,education,131,506,2
Zabaykal'ye,2016,facility,28,309,1
Zabaykal'ye,2016,government,NA,NA,NA
Zabaykal'ye,2016,healthcare,NA,NA,NA
Zabaykal'ye,2016,nonprofit,NA,NA,NA
Zabaykal'ye,2016,other,NA,NA,NA
Zabaykal'ye,2016,NA,NA,NA,NA
Zabaykal'ye,2017,archive,NA,NA,NA
Zabaykal'ye,2017,company,NA,NA,NA
Zabaykal'ye,2017,education,169,197,2
Zabaykal'ye,2017,facility,57,483,1
Zabaykal'ye,2017,government,NA,NA,NA
Zabaykal'ye,2017,healthcare,NA,NA,NA
Zabaykal'ye,2017,nonprofit,NA,NA,NA
Zabaykal'ye,2017,other,NA,NA,NA
Zabaykal'ye,2017,NA,NA,NA,NA
Zabaykal'ye,2018,archive,NA,NA,NA
Zabaykal'ye,2018,company,NA,NA,NA
Zabaykal'ye,2018,education,242,487,2
Zabaykal'ye,2018,facility,60,201,1
Zabaykal'ye,2018,government,NA,NA,NA
Zabaykal'ye,2018,healthcare,NA,NA,NA
Zabaykal'ye,2018,nonprofit,NA,NA,NA
Zabaykal'ye,2018,other,NA,NA,NA
Zabaykal'ye,2018,NA,NA,NA,NA
Zabaykal'ye,2019,archive,NA,NA,NA
Zabaykal'ye,2019,company,NA,NA,NA
Zabaykal'ye,2019,education,253,691,2
Zabaykal'ye,2019,facility,81,557,1
Zabaykal'ye,2019,government,NA,NA,NA
Zabaykal'ye,2019,healthcare,NA,NA,NA
Zabaykal'ye,2019,nonprofit,NA,NA,NA
Zabaykal'ye,2019,other,NA,NA,NA
Zabaykal'ye,2019,NA,NA,NA,NA
Zabaykal'ye,2020,archive,NA,NA,NA
Zabaykal'ye,2020,company,NA,NA,NA
Zabaykal'ye,2020,education,349,730,2
Zabaykal'ye,2020,facility,68,424,1
Zabaykal'ye,2020,government,NA,NA,NA
Zabaykal'ye,2020,healthcare,NA,NA,NA
Zabaykal'ye,2020,nonprofit,NA,NA,NA
Zabaykal'ye,2020,other,NA,NA,NA
Zabaykal'ye,2020,NA,NA,NA,NA
Zabaykal'ye,2021,archive,NA,NA,NA
Zabaykal'ye,2021,company,NA,NA,NA
Zabaykal'ye,2021,education,391,779,2
Zabaykal'ye,2021,facility,76,135,1
Zabaykal'ye,2021,government,NA,NA,NA
Zabaykal'ye,2021,healthcare,NA,NA,NA
Zabaykal'ye,2021,nonprofit,NA,NA,NA
Zabaykal'ye,2021,other,NA,NA,NA
Zabaykal'ye,2021,NA,NA,NA,NA
Zabaykal'ye,2022,archive,NA,NA,NA
Zabaykal'ye,2022,company,NA,NA,NA
Zabaykal'ye,2022,education,332,529,2
Zabaykal'ye,2022,facility,94,162,1
Zabaykal'ye,2022,government,NA,NA,NA
Zabaykal'ye,2022,healthcare,NA,NA,NA
Zabaykal'ye,2022,nonprofit,NA,NA,NA
Zabaykal'ye,2022,other,NA,NA,NA
Zabaykal'ye,2022,NA,NA,NA,NA
Zabaykal'ye,2023,archive,NA,NA,NA
Zabaykal'ye,2023,company,NA,NA,NA
Zabaykal'ye,2023,education,229,219,2
Zabaykal'ye,2023,facility,58,70,1
Zabaykal'ye,2023,government,NA,NA,NA
Zabaykal'ye,2023,healthcare,NA,NA,NA
Zabaykal'ye,2023,nonprofit,NA,NA,NA
Zabaykal'ye,2023,other,NA,NA,NA
Zabaykal'ye,2023,NA,NA,NA,NA
Zabaykal'ye,2024,archive,NA,NA,NA
Zabaykal'ye,2024,company,NA,NA,NA
Zabaykal'ye,2024,education,322,165,3
Zabaykal'ye,2024,facility,89,101,1
Zabaykal'ye,2024,government,NA,NA,NA
Zabaykal'ye,2024,healthcare,NA,NA,NA
Zabaykal'ye,2024,nonprofit,NA,NA,NA
Zabaykal'ye,2024,other,NA,NA,NA
Zabaykal'ye,2024,NA,NA,NA,NA
Zabaykal'ye,2025,archive,NA,NA,NA
Zabaykal'ye,2025,company,NA,NA,NA
Zabaykal'ye,2025,education,280,47,2
Zabaykal'ye,2025,facility,44,70,1
Zabaykal'ye,2025,government,NA,NA,NA
Zabaykal'ye,2025,healthcare,NA,NA,NA
Zabaykal'ye,2025,nonprofit,NA,NA,NA
Zabaykal'ye,2025,other,NA,NA,NA
Zabaykal'ye,2025,NA,NA,NA,NA
Zabaykal'ye,2026,archive,NA,NA,NA
Zabaykal'ye,2026,company,NA,NA,NA
Zabaykal'ye,2026,education,205,6,2
Zabaykal'ye,2026,facility,27,7,1
Zabaykal'ye,2026,government,NA,NA,NA
Zabaykal'ye,2026,healthcare,NA,NA,NA
Zabaykal'ye,2026,nonprofit,NA,NA,NA
Zabaykal'ye,2026,other,NA,NA,NA
Zabaykal'ye,2026,NA,NA,NA,NA
Zabaykal'ye,2027,archive,NA,NA,NA
Zabaykal'ye,2027,company,NA,NA,NA
Zabaykal'ye,2027,education,NA,NA,NA
Zabaykal'ye,2027,facility,NA,NA,NA
Zabaykal'ye,2027,government,NA,NA,NA
Zabaykal'ye,2027,healthcare,NA,NA,NA
Zabaykal'ye,2027,nonprofit,NA,NA,NA
Zabaykal'ye,2027,other,NA,NA,NA
Zabaykal'ye,2027,NA,NA,NA,NA
Zabaykal'ye,2029,archive,NA,NA,NA
Zabaykal'ye,2029,company,NA,NA,NA
Zabaykal'ye,2029,education,NA,NA,NA
Zabaykal'ye,2029,facility,NA,NA,NA
Zabaykal'ye,2029,government,NA,NA,NA
Zabaykal'ye,2029,healthcare,NA,NA,NA
Zabaykal'ye,2029,nonprofit,NA,NA,NA
Zabaykal'ye,2029,other,NA,NA,NA
Zabaykal'ye,2029,NA,NA,NA,NA
Zabaykal'ye,NA,archive,NA,NA,NA
Zabaykal'ye,NA,company,NA,NA,NA
Zabaykal'ye,NA,education,NA,NA,NA
Zabaykal'ye,NA,facility,NA,NA,NA
Zabaykal'ye,NA,government,NA,NA,NA
Zabaykal'ye,NA,healthcare,NA,NA,NA
Zabaykal'ye,NA,nonprofit,NA,NA,NA
Zabaykal'ye,NA,other,NA,NA,NA
Zabaykal'ye,NA,NA,NA,NA,NA
NA,2010,archive,12,60,1
NA,2010,company,NA,NA,NA
NA,2010,education,NA,NA,NA
NA,2010,facility,1,3,1
NA,2010,government,NA,NA,NA
NA,2010,healthcare,NA,NA,NA
NA,2010,nonprofit,NA,NA,NA
NA,2010,other,NA,NA,NA
NA,2010,NA,NA,NA,NA
NA,2011,archive,17,132,1
NA,2011,company,NA,NA,NA
NA,2011,education,NA,NA,NA
NA,2011,facility,1,0,1
NA,2011,government,NA,NA,NA
NA,2011,healthcare,NA,NA,NA
NA,2011,nonprofit,NA,NA,NA
NA,2011,other,NA,NA,NA
NA,2011,NA,NA,NA,NA
NA,2012,archive,8,16,1
NA,2012,company,NA,NA,NA
NA,2012,education,NA,NA,NA
NA,2012,facility,1,0,1
NA,2012,government,NA,NA,NA
NA,2012,healthcare,NA,NA,NA
NA,2012,nonprofit,NA,NA,NA
NA,2012,other,2,148,1
NA,2012,NA,NA,NA,NA
NA,2013,archive,18,17,1
NA,2013,company,NA,NA,NA
NA,2013,education,NA,NA,NA
NA,2013,facility,3,218,2
NA,2013,government,NA,NA,NA
NA,2013,healthcare,NA,NA,NA
NA,2013,nonprofit,NA,NA,NA
NA,2013,other,NA,NA,NA
NA,2013,NA,NA,NA,NA
NA,2014,archive,18,58,1
NA,2014,company,NA,NA,NA
NA,2014,education,1,0,1
NA,2014,facility,6,117,1
NA,2014,government,NA,NA,NA
NA,2014,healthcare,NA,NA,NA
NA,2014,nonprofit,NA,NA,NA
NA,2014,other,1,15,1
NA,2014,NA,NA,NA,NA
NA,2015,archive,18,58,1
NA,2015,company,NA,NA,NA
NA,2015,education,NA,NA,NA
NA,2015,facility,20,141,2
NA,2015,government,NA,NA,NA
NA,2015,healthcare,NA,NA,NA
NA,2015,nonprofit,NA,NA,NA
NA,2015,other,NA,NA,NA
NA,2015,NA,NA,NA,NA
NA,2016,archive,22,1619,1
NA,2016,company,NA,NA,NA
NA,2016,education,NA,NA,NA
NA,2016,facility,13,124,2
NA,2016,government,NA,NA,NA
NA,2016,healthcare,NA,NA,NA
NA,2016,nonprofit,NA,NA,NA
NA,2016,other,NA,NA,NA
NA,2016,NA,NA,NA,NA
NA,2017,archive,23,144,1
NA,2017,company,NA,NA,NA
NA,2017,education,NA,NA,NA
NA,2017,facility,46,402,2
NA,2017,government,NA,NA,NA
NA,2017,healthcare,NA,NA,NA
NA,2017,nonprofit,NA,NA,NA
NA,2017,other,2,4,1
NA,2017,NA,NA,NA,NA
NA,2018,archive,67,332,1
NA,2018,company,NA,NA,NA
NA,2018,education,NA,NA,NA
NA,2018,facility,71,198,1
NA,2018,government,NA,NA,NA
NA,2018,healthcare,NA,NA,NA
NA,2018,nonprofit,NA,NA,NA
NA,2018,other,2,4,1
NA,2018,NA,NA,NA,NA
NA,2019,archive,118,434,1
NA,2019,company,NA,NA,NA
NA,2019,education,NA,NA,NA
NA,2019,facility,50,115,3
NA,2019,government,NA,NA,NA
NA,2019,healthcare,NA,NA,NA
NA,2019,nonprofit,NA,NA,NA
NA,2019,other,10,47,1
NA,2019,NA,NA,NA,NA
NA,2020,archive,132,237,1
NA,2020,company,NA,NA,NA
NA,2020,education,1,2,1
NA,2020,facility,69,182,2
NA,2020,government,NA,NA,NA
NA,2020,healthcare,NA,NA,NA
NA,2020,nonprofit,NA,NA,NA
NA,2020,other,9,159,1
NA,2020,NA,NA,NA,NA
NA,2021,archive,153,294,1
NA,2021,company,NA,NA,NA
NA,2021,education,NA,NA,NA
NA,2021,facility,76,200,3
NA,2021,government,NA,NA,NA
NA,2021,healthcare,NA,NA,NA
NA,2021,nonprofit,NA,NA,NA
NA,2021,other,3,110,1
NA,2021,NA,NA,NA,NA
NA,2022,archive,82,191,1
NA,2022,company,NA,NA,NA
NA,2022,education,NA,NA,NA
NA,2022,facility,51,149,1
NA,2022,government,NA,NA,NA
NA,2022,healthcare,NA,NA,NA
NA,2022,nonprofit,NA,NA,NA
NA,2022,other,NA,NA,NA
NA,2022,NA,NA,NA,NA
NA,2023,archive,110,187,1
NA,2023,company,NA,NA,NA
NA,2023,education,NA,NA,NA
NA,2023,facility,38,174,2
NA,2023,government,NA,NA,NA
NA,2023,healthcare,NA,NA,NA
NA,2023,nonprofit,NA,NA,NA
NA,2023,other,2,6,1
NA,2023,NA,NA,NA,NA
NA,2024,archive,106,120,1
NA,2024,company,NA,NA,NA
NA,2024,education,1,0,1
NA,2024,facility,44,34,2
NA,2024,government,NA,NA,NA
NA,2024,healthcare,NA,NA,NA
NA,2024,nonprofit,NA,NA,NA
NA,2024,other,5,0,1
NA,2024,NA,NA,NA,NA
NA,2025,archive,80,53,1
NA,2025,company,NA,NA,NA
NA,2025,education,NA,NA,NA
NA,2025,facility,18,6,2
NA,2025,government,NA,NA,NA
NA,2025,healthcare,NA,NA,NA
NA,2025,nonprofit,NA,NA,NA
NA,2025,other,4,9,1
NA,2025,NA,NA,NA,NA
NA,2026,archive,30,1,1
NA,2026,company,NA,NA,NA
NA,2026,education,NA,NA,NA
NA,2026,facility,26,1,2
NA,2026,government,NA,NA,NA
NA,2026,healthcare,NA,NA,NA
NA,2026,nonprofit,NA,NA,NA
NA,2026,other,5,0,1
NA,2026,NA,NA,NA,NA
NA,2027,archive,NA,NA,NA
NA,2027,company,NA,NA,NA
NA,2027,education,NA,NA,NA
NA,2027,facility,NA,NA,NA
NA,2027,government,NA,NA,NA
NA,2027,healthcare,NA,NA,NA
NA,2027,nonprofit,NA,NA,NA
NA,2027,other,NA,NA,NA
NA,2027,NA,NA,NA,NA
NA,2029,archive,NA,NA,NA
NA,2029,company,NA,NA,NA
NA,2029,education,NA,NA,NA
NA,2029,facility,NA,NA,NA
NA,2029,government,NA,NA,NA
NA,2029,healthcare,NA,NA,NA
NA,2029,nonprofit,NA,NA,NA
NA,2029,other,NA,NA,NA
NA,2029,NA,NA,NA,NA
NA,NA,archive,NA,NA,NA
NA,NA,company,NA,NA,NA
NA,NA,education,NA,NA,NA
NA,NA,facility,NA,NA,NA
NA,NA,government,NA,NA,NA
NA,NA,healthcare,NA,NA,NA
NA,NA,nonprofit,NA,NA,NA
NA,NA,other,NA,NA,NA
NA,NA,NA,NA,NA,NA
